1757867504,,,http://rhsbjv7k.tvclub.xyz/iptv/X3SB52VH9P584RLVQNY5ARNB/20219/index.m3u8,86
1757867647,,,http://rhsbjv7k.tvclub.xyz/iptv/X3SB52VH9P584RLVQNY5ARNB/20219/index.m3u8,86
1757868736,24,Sky Sports News HD 50 UK,http://rhsbjv7k.tvclub.xyz/iptv/3G86VGDV4TLZSA/9314/index.m3u8,101
1757868988,24,Sky Sports News HD 50 UK,http://rhsbjv7k.tvclub.xyz/iptv/3G86VGDV4TLZSA/9314/index.m3u8,101
1757869387,24,Sky Sports News HD 50 UK,http://rhsbjv7k.tvclub.xyz/iptv/3G86VGDV4TLZSA/9314/index.m3u8,101
1757869831,24,Sky Sports News HD 50 UK,http://rhsbjv7k.tvclub.xyz/iptv/3G86VGDV4TLZSA/9314/index.m3u8,101
1757869879,24,Sky Sports News HD 50 UK,http://rhsbjv7k.tvclub.xyz/iptv/3G86VGDV4TLZSA/9314/index.m3u8,101
1757869932,24,Sky Sports News HD 50 UK,http://rhsbjv7k.tvclub.xyz/iptv/3G86VGDV4TLZSA/9314/index.m3u8,101
1757869938,33,Экоспаскоми (Коми),http://rhsbjv7k.tvclub.xyz/iptv/3G86VGDV4TLZSA/17018/index.m3u8,111
1757870067,,,http://rhsbjv7k.tvclub.xyz/iptv/X3SB52VH9P584RLVQNY5ARNB/20219/index.m3u8,86
1757870181,,,http://rhsbjv7k.tvclub.xyz/iptv/X3SB52VH9P584RLVQNY5ARNB/20219/index.m3u8,86
1757871572,,,http://rhsbjv7k.tvclub.xyz/iptv/X3SB52VH9P584RLVQNY5ARNB/20219/index.m3u8,86
1757872426,,,http://rhsbjv7k.tvclub.xyz/iptv/X3SB52VH9P584RLVQNY5ARNB/20219/index.m3u8,86
1757872510,,,http://rhsbjv7k.tvclub.xyz/iptv/X3SB52VH9P584RLVQNY5ARNB/20219/index.m3u8,86
1757872642,,,http://rhsbjv7k.tvclub.xyz/iptv/X3SB52VH9P584RLVQNY5ARNB/20219/index.m3u8,86
1757872729,,,http://rhsbjv7k.tvclub.xyz/iptv/X3SB52VH9P584RLVQNY5ARNB/20219/index.m3u8,86
1757872989,33,Экоспаскоми (Коми),http://rhsbjv7k.tvclub.xyz/iptv/3G86VGDV4TLZSA/17018/index.m3u8,111
1757873176,56,Человек-паук: Вдали от дома (2019),https://vod.plvideo.ru/FbZEopwh/0GRdptsjAb/zE2SWKS3V_Lr9kGrgfX/ZX,136
1757873188,56,Человек-паук: Вдали от дома (2019),https://vod.plvideo.ru/FbZEopwh/0GRdptsjAb/zE2SWKS3V_Lr9kGrgfX/ZX,136
1757874201,138,Мурашки от этой песни! Душу рвет! Послушайте! НЕЗНАКОМКА Вячеслав Сидоренко,https://www.youtube.com/watch?v=SSFGmtdEtms,197
1757874432,138,Мурашки от этой песни! Душу рвет! Послушайте! НЕЗНАКОМКА Вячеслав Сидоренко,https://www.youtube.com/watch?v=SSFGmtdEtms,197
1757876679,138,Мурашки от этой песни! Душу рвет! Послушайте! НЕЗНАКОМКА Вячеслав Сидоренко,https://www.youtube.com/watch?v=SSFGmtdEtms,197
1757876701,139,По битому стеклу - Мужской крик души. Песня, которая пробирает до мурашек (2025),https://youtu.be/YbwwyY9n2PI?si=DezPp6umkTOYfcDF,203
1757876826,43,Clea.gaultier.sexy.lingerie.dp.threesome.4k,https://vkvideo.ru/video-226828199_456240089,102
1757877819,43,Clea.gaultier.sexy.lingerie.dp.threesome.4k,https://vkvideo.ru/video-226828199_456240089,102
1757877843,43,Clea.gaultier.sexy.lingerie.dp.threesome.4k,https://vkvideo.ru/video-226828199_456240089,102
1757877898,43,Clea.gaultier.sexy.lingerie.dp.threesome.4k,https://vkvideo.ru/video-226828199_456240089,102
1757877909,19,Alisa-Kovi-GL317-4K,https://vkvideo.ru/video-226828199_456239234,78
1757878028,56,Человек-паук: Вдали от дома (2019),https://vod.plvideo.ru/FbZEopwh/0GRdptsjAb/zE2SWKS3V_Lr9kGrgfX/ZX,136
1757878081,23,Мстители (2012),https://vod.plvideo.ru/FbZEopwh/zaA4EcW22E/zE2SWKShtiO58I9aBDT/ZX,103
1757878540,,,http://rhsbjv7k.tvclub.xyz/iptv/X3SB52VH9P584RLVQNY5ARNB/20219/index.m3u8,86
1757878548,23,VF Граиндхаус,http://rhsbjv7k.tvclub.xyz/iptv/X3SB52VH9P584RLVQNY5ARNB/14158/index.m3u8,111
1757878552,7,Playboy,http://rhsbjv7k.tvclub.xyz/iptv/X3SB52VH9P584RLVQNY5ARNB/527/index.m3u8,92
1757878558,11,Redlight HD,http://rhsbjv7k.tvclub.xyz/iptv/X3SB52VH9P584RLVQNY5ARNB/242/index.m3u8,97
1757878563,10,Hustler HD,http://rhsbjv7k.tvclub.xyz/iptv/X3SB52VH9P584RLVQNY5ARNB/244/index.m3u8,96
1757878567,12,Vivid Red HD,http://rhsbjv7k.tvclub.xyz/iptv/X3SB52VH9P584RLVQNY5ARNB/2162/index.m3u8,99
1757878574,18,Extasy Platinum 4K,http://rhsbjv7k.tvclub.xyz/iptv/X3SB52VH9P584RLVQNY5ARNB/5014/index.m3u8,105
1757878609,6,Tiny4K,http://rhsbjv7k.tvclub.xyz/iptv/X3SB52VH9P584RLVQNY5ARNB/6258/index.m3u8,92
1757878617,9,Cum4k UHD,http://rhsbjv7k.tvclub.xyz/iptv/X3SB52VH9P584RLVQNY5ARNB/12157/index.m3u8,96
1757880748,,,/mnt/sdd/`Test/[SUHD_HDR]Chasing_the_Light.ts,58
1757923496,5,H2 HD,http://127.0.0.1:6878/ace/getstream?id=88e804faf482b3caa0a680c931bdd1578c4bfbee,98
1757923521,29,Остросюжетное HD,http://127.0.0.1:6878/ace/getstream?id=6f294641e0d31c8c09e11a79bde0e2b2a28fb4f5,123
1757924658,,,/home/safe/.config/mpv/doc/mpbindings.png,54
1757924772,,,/home/safe/.config/mpv/doc/mpbindings.png,54
1757924833,,,/home/safe/.config/mpv/doc/mpbindings.png,54
1757926760,,,/home/safe/.config/mpv/doc/mpbindings.png,54
1757927517,,,/home/safe/.config/mpv/doc/mpbindings.png,54
1757927605,,,/home/safe/.config/mpv/doc/mpbindings.png,54
1757928355,9,Cum4k UHD,http://rhsbjv7k.tvclub.xyz/iptv/X3SB52VH9P584RLVQNY5ARNB/12157/index.m3u8,96
1757928365,14,Cum Perfection,http://rhsbjv7k.tvclub.xyz/iptv/X3SB52VH9P584RLVQNY5ARNB/12158/index.m3u8,102
1757928369,10,MetArt FHD,http://rhsbjv7k.tvclub.xyz/iptv/X3SB52VH9P584RLVQNY5ARNB/12160/index.m3u8,98
1757928371,10,Bratty Sis,http://rhsbjv7k.tvclub.xyz/iptv/X3SB52VH9P584RLVQNY5ARNB/12161/index.m3u8,98
1757928374,18,Brand New Amateurs,http://rhsbjv7k.tvclub.xyz/iptv/X3SB52VH9P584RLVQNY5ARNB/12162/index.m3u8,106
1757928377,10,Beate Uhse,http://rhsbjv7k.tvclub.xyz/iptv/X3SB52VH9P584RLVQNY5ARNB/12163/index.m3u8,98
1757928380,7,BBC Pie,http://rhsbjv7k.tvclub.xyz/iptv/X3SB52VH9P584RLVQNY5ARNB/12164/index.m3u8,94
1757928383,15,Barely Legal TV,http://rhsbjv7k.tvclub.xyz/iptv/X3SB52VH9P584RLVQNY5ARNB/12165/index.m3u8,103
1757928455,,,/home/safe/.config/mpv/doc/mpbindings.png,54
1757928480,,,/home/safe/.config/mpv/doc/mpbindings.png,54
1757928486,15,Barely Legal TV,http://rhsbjv7k.tvclub.xyz/iptv/X3SB52VH9P584RLVQNY5ARNB/12165/index.m3u8,103
1757928524,8,Bang POV,http://rhsbjv7k.tvclub.xyz/iptv/X3SB52VH9P584RLVQNY5ARNB/12166/index.m3u8,95
1757928527,8,Bang Bus,http://rhsbjv7k.tvclub.xyz/iptv/X3SB52VH9P584RLVQNY5ARNB/12167/index.m3u8,95
1757928529,12,Banana Fever,http://rhsbjv7k.tvclub.xyz/iptv/X3SB52VH9P584RLVQNY5ARNB/12168/index.m3u8,100
1757928533,8,Bang Bus,http://rhsbjv7k.tvclub.xyz/iptv/X3SB52VH9P584RLVQNY5ARNB/12167/index.m3u8,95
1757928535,8,Bang POV,http://rhsbjv7k.tvclub.xyz/iptv/X3SB52VH9P584RLVQNY5ARNB/12166/index.m3u8,95
1757928537,15,Barely Legal TV,http://rhsbjv7k.tvclub.xyz/iptv/X3SB52VH9P584RLVQNY5ARNB/12165/index.m3u8,103
1757928639,,,/home/safe/.config/mpv/doc/mpbindings.png,54
1757928745,,,/home/safe/.config/mpv/doc/mpbindings.png,54
1757928756,,,/home/safe/.config/mpv/scripts/node_modules/charset/coverage/lcov-report/sort-arrow-sprite.png,107
1757928763,,,/home/safe/.config/mpv/scripts/node_modules/ecstatic/example/public/turtle.png,91
1757928772,,,/home/safe/.config/mpv/scripts/node_modules/node-ssdp/coverage/lcov-report/sort-arrow-sprite.png,109
1757929109,15,Barely Legal TV,http://rhsbjv7k.tvclub.xyz/iptv/X3SB52VH9P584RLVQNY5ARNB/12165/index.m3u8,103
1757929115,7,BBC Pie,http://rhsbjv7k.tvclub.xyz/iptv/X3SB52VH9P584RLVQNY5ARNB/12164/index.m3u8,94
1757929118,10,Beate Uhse,http://rhsbjv7k.tvclub.xyz/iptv/X3SB52VH9P584RLVQNY5ARNB/12163/index.m3u8,98
1757929121,18,Brand New Amateurs,http://rhsbjv7k.tvclub.xyz/iptv/X3SB52VH9P584RLVQNY5ARNB/12162/index.m3u8,106
1757929125,10,Bratty Sis,http://rhsbjv7k.tvclub.xyz/iptv/X3SB52VH9P584RLVQNY5ARNB/12161/index.m3u8,98
1757929127,10,MetArt FHD,http://rhsbjv7k.tvclub.xyz/iptv/X3SB52VH9P584RLVQNY5ARNB/12160/index.m3u8,98
1757929130,14,Cum Perfection,http://rhsbjv7k.tvclub.xyz/iptv/X3SB52VH9P584RLVQNY5ARNB/12158/index.m3u8,102
1757929132,9,Cum4k UHD,http://rhsbjv7k.tvclub.xyz/iptv/X3SB52VH9P584RLVQNY5ARNB/12157/index.m3u8,96
1757929136,14,Family Strokes,http://rhsbjv7k.tvclub.xyz/iptv/X3SB52VH9P584RLVQNY5ARNB/12156/index.m3u8,102
1757929140,11,Family Swap,http://rhsbjv7k.tvclub.xyz/iptv/X3SB52VH9P584RLVQNY5ARNB/12155/index.m3u8,99
1757929628,11,Family Swap,http://rhsbjv7k.tvclub.xyz/iptv/X3SB52VH9P584RLVQNY5ARNB/12155/index.m3u8,99
1757929645,19,Alisa-Kovi-GL317-4K,https://vkvideo.ru/video-226828199_456239234,78
1757929662,23,Мстители (2012),https://vod.plvideo.ru/FbZEopwh/zaA4EcW22E/zE2SWKShtiO58I9aBDT/ZX,103
1757929817,,,/home/safe/.config/mpv/doc/mpbindings.png,54
1757929823,,,/home/safe/.config/mpv/scripts/node_modules/node-ssdp/coverage/lcov-report/sort-arrow-sprite.png,109
1757929901,11,Family Swap,http://rhsbjv7k.tvclub.xyz/iptv/X3SB52VH9P584RLVQNY5ARNB/12155/index.m3u8,99
1757929909,14,Family Strokes,http://rhsbjv7k.tvclub.xyz/iptv/X3SB52VH9P584RLVQNY5ARNB/12156/index.m3u8,102
1757929912,9,Cum4k UHD,http://rhsbjv7k.tvclub.xyz/iptv/X3SB52VH9P584RLVQNY5ARNB/12157/index.m3u8,96
1757929915,14,Cum Perfection,http://rhsbjv7k.tvclub.xyz/iptv/X3SB52VH9P584RLVQNY5ARNB/12158/index.m3u8,102
1757929918,10,MetArt FHD,http://rhsbjv7k.tvclub.xyz/iptv/X3SB52VH9P584RLVQNY5ARNB/12160/index.m3u8,98
1757929924,10,Bratty Sis,http://rhsbjv7k.tvclub.xyz/iptv/X3SB52VH9P584RLVQNY5ARNB/12161/index.m3u8,98
1757929928,10,MetArt FHD,http://rhsbjv7k.tvclub.xyz/iptv/X3SB52VH9P584RLVQNY5ARNB/12160/index.m3u8,98
1757929936,10,Bratty Sis,http://rhsbjv7k.tvclub.xyz/iptv/X3SB52VH9P584RLVQNY5ARNB/12161/index.m3u8,98
1757929937,18,Brand New Amateurs,http://rhsbjv7k.tvclub.xyz/iptv/X3SB52VH9P584RLVQNY5ARNB/12162/index.m3u8,106
1757929940,10,Beate Uhse,http://rhsbjv7k.tvclub.xyz/iptv/X3SB52VH9P584RLVQNY5ARNB/12163/index.m3u8,98
1757929941,7,BBC Pie,http://rhsbjv7k.tvclub.xyz/iptv/X3SB52VH9P584RLVQNY5ARNB/12164/index.m3u8,94
1757929944,15,Barely Legal TV,http://rhsbjv7k.tvclub.xyz/iptv/X3SB52VH9P584RLVQNY5ARNB/12165/index.m3u8,103
1757929947,8,Bang POV,http://rhsbjv7k.tvclub.xyz/iptv/X3SB52VH9P584RLVQNY5ARNB/12166/index.m3u8,95
1757929950,8,Bang Bus,http://rhsbjv7k.tvclub.xyz/iptv/X3SB52VH9P584RLVQNY5ARNB/12167/index.m3u8,95
1757930020,8,Bang Bus,http://rhsbjv7k.tvclub.xyz/iptv/X3SB52VH9P584RLVQNY5ARNB/12167/index.m3u8,95
1757930023,12,Banana Fever,http://rhsbjv7k.tvclub.xyz/iptv/X3SB52VH9P584RLVQNY5ARNB/12168/index.m3u8,100
1757930029,13,Asshole Fever,http://rhsbjv7k.tvclub.xyz/iptv/X3SB52VH9P584RLVQNY5ARNB/12169/index.m3u8,101
1757930213,,,/home/safe/.config/mpv/doc/mpbindings.png,54
1757930314,13,Asshole Fever,http://rhsbjv7k.tvclub.xyz/iptv/X3SB52VH9P584RLVQNY5ARNB/12169/index.m3u8,101
1757930337,10,Ass Parade,http://rhsbjv7k.tvclub.xyz/iptv/X3SB52VH9P584RLVQNY5ARNB/12178/index.m3u8,98
1757930340,9,Anal Time,http://rhsbjv7k.tvclub.xyz/iptv/X3SB52VH9P584RLVQNY5ARNB/12181/index.m3u8,96
1757930342,16,Anal Teen Angels,http://rhsbjv7k.tvclub.xyz/iptv/X3SB52VH9P584RLVQNY5ARNB/12183/index.m3u8,104
1757940932,,,/home/safe/disk_kom/freedownloadmanager/icon.png,61
1757941444,,,/home/safe/disk_kom/freedownloadmanager/icon.png,61
1757954734,,,/home/safe/Загрузки/jinx-league-of-legends-ai-art-5k-x1-3840x2160.jpg,90
1757954783,29,Остросюжетное HD,http://127.0.0.1:6878/ace/getstream?id=6f294641e0d31c8c09e11a79bde0e2b2a28fb4f5,123
1757955057,,,/home/safe/Загрузки/jinx-league-of-legends-ai-art-5k-x1-3840x2160.jpg,90
1757955115,,,/home/safe/Загрузки/jinx-league-of-legends-ai-art-5k-x1-3840x2160.jpg,90
1757955330,,,/home/safe/Загрузки/jinx-league-of-legends-ai-art-5k-x1-3840x2160.jpg,90
1757955816,139,По битому стеклу - Мужской крик души. Песня, которая пробирает до мурашек (2025),https://youtu.be/YbwwyY9n2PI?si=DezPp6umkTOYfcDF,203
1757956956,139,По битому стеклу - Мужской крик души. Песня, которая пробирает до мурашек (2025),https://youtu.be/YbwwyY9n2PI?si=DezPp6umkTOYfcDF,203
1757957043,,,/home/safe/Downloads/yt-dlp/._2025-YbwwyY9n2PI.mkv,63
1757957104,29,Опустошение (2025),https://vod.plvideo.ru/FbZEopwh/cXyXEGJ0A4/zE2SWKSCv665aZH0xas/ZX,109
1757957141,24,Sky Sports News HD 50 UK,http://rhsbjv7k.tvclub.xyz/iptv/3G86VGDV4TLZSA/9314/index.m3u8,101
1757957152,33,Экоспаскоми (Коми),http://rhsbjv7k.tvclub.xyz/iptv/3G86VGDV4TLZSA/17018/index.m3u8,111
1757957160,22,Viasat Kino Megahit HD,http://rhsbjv7k.tvclub.xyz/iptv/3G86VGDV4TLZSA/14141/index.m3u8,100
1757957164,16,Viasat Serial HD,http://rhsbjv7k.tvclub.xyz/iptv/3G86VGDV4TLZSA/17056/index.m3u8,94
1757957174,16,BCU TruMotion HD,http://rhsbjv7k.tvclub.xyz/iptv/3G86VGDV4TLZSA/17054/index.m3u8,94
1757957193,,,http://rhsbjv7k.tvclub.xyz/iptv/X3SB52VH9P584RLVQNY5ARNB/20219/index.m3u8,86
1757957208,12,Exxxotica HD,http://rhsbjv7k.tvclub.xyz/iptv/X3SB52VH9P584RLVQNY5ARNB/2397/index.m3u8,99
1757957212,9,SexArt HD,http://rhsbjv7k.tvclub.xyz/iptv/X3SB52VH9P584RLVQNY5ARNB/6165/index.m3u8,95
1757957255,10,ТНТ4 HD,http://127.0.0.1:6878/ace/getstream?id=da27959a3e9ee97647df5aadd056021099e2d845,104
1757957258,9,ТНТ HD,http://127.0.0.1:6878/ace/getstream?id=caa3dad746d80a887e8a259f1c7c2eead749094b,102
1757957270,10,ТНТ4 HD,http://127.0.0.1:6878/ace/getstream?id=da27959a3e9ee97647df5aadd056021099e2d845,104
1757957289,10,ТНТ4 HD,http://127.0.0.1:6878/ace/getstream?id=da27959a3e9ee97647df5aadd056021099e2d845,104
1757957316,12,Anya.krey.4k,https://vkvideo.ru/video-226828199_456240083,71
1757957349,32,DontPeek_s01_AngelinaDiamanti_4k,https://vkvideo.ru/video-226828199_456239419,91
1757957460,16,BCU TruMotion HD,http://rhsbjv7k.tvclub.xyz/iptv/3G86VGDV4TLZSA/17054/index.m3u8,94
1757957542,26,Viju TV1000 Русское,http://rhsbjv7k.tvclub.xyz/iptv/3G86VGDV4TLZSA/101/index.m3u8,102
1757957548,16,BCU TruMotion HD,http://rhsbjv7k.tvclub.xyz/iptv/3G86VGDV4TLZSA/17054/index.m3u8,94
1757958079,24,Sky Sports News HD 50 UK,http://rhsbjv7k.tvclub.xyz/iptv/3G86VGDV4TLZSA/9314/index.m3u8,101
1757958138,24,Sky Sports News HD 50 UK,http://rhsbjv7k.tvclub.xyz/iptv/3G86VGDV4TLZSA/9314/index.m3u8,101
1757958268,24,Sky Sports News HD 50 UK,http://rhsbjv7k.tvclub.xyz/iptv/3G86VGDV4TLZSA/9314/index.m3u8,101
1757958277,,,http://rhsbjv7k.tvclub.xyz/iptv/3G86VGDV4TLZSA/9314/index.m3u8,75
1757958280,,,http://rhsbjv7k.tvclub.xyz/iptv/3G86VGDV4TLZSA/9314/index.m3u8,75
1759179698,9,Exotic 4k,http://rhsbjv7k.tvclub.xyz/iptv/X3SB52VH9P584RLVQNY5ARNB/12107/index.m3u8,96
1759179706,22,Pornbox Pure Mature HD,http://rhsbjv7k.tvclub.xyz/iptv/X3SB52VH9P584RLVQNY5ARNB/12112/index.m3u8,110
1759179708,21,Brazzers TV Europe HD,http://rhsbjv7k.tvclub.xyz/iptv/X3SB52VH9P584RLVQNY5ARNB/12113/index.m3u8,109
1759179717,14,Fashion TV FHD,http://rhsbjv7k.tvclub.xyz/iptv/X3SB52VH9P584RLVQNY5ARNB/2411/index.m3u8,101
1759179729,14,Fashion TV FHD,http://rhsbjv7k.tvclub.xyz/iptv/X3SB52VH9P584RLVQNY5ARNB/2411/index.m3u8,101
1759181080,14,Fashion TV FHD,http://rhsbjv7k.tvclub.xyz/iptv/X3SB52VH9P584RLVQNY5ARNB/2411/index.m3u8,101
1759181088,,,http://rhsbjv7k.tvclub.xyz/iptv/X3SB52VH9P584RLVQNY5ARNB/20219/index.m3u8,86
1759181415,17,Шрек 2 (2004),https://vod.plvideo.ru/FbZEopwh/cXyXEGJ0A4/zE2SWKS6fKdKbyrGfPe/ZX,97
1759181586,12,Eye Drive HD,http://rhsbjv7k.tvclub.xyz/iptv/X3SB52VH9P584RLVQNY5ARNB/20219/index.m3u8,100
1759181603,12,Eye Drive HD,http://rhsbjv7k.tvclub.xyz/iptv/X3SB52VH9P584RLVQNY5ARNB/20219/index.m3u8,100
1759181760,,,http://rhsbjv7k.tvclub.xyz/iptv/X3SB52VH9P584RLVQNY5ARNB/20219/index.m3u8,86
1759181770,23,VF Граиндхаус,http://rhsbjv7k.tvclub.xyz/iptv/X3SB52VH9P584RLVQNY5ARNB/14158/index.m3u8,111
1759181771,7,Playboy,http://rhsbjv7k.tvclub.xyz/iptv/X3SB52VH9P584RLVQNY5ARNB/527/index.m3u8,92
1759181772,11,Eromania 4K,http://rhsbjv7k.tvclub.xyz/iptv/X3SB52VH9P584RLVQNY5ARNB/10049/index.m3u8,99
1759181773,23,Русская Ночь,http://rhsbjv7k.tvclub.xyz/iptv/X3SB52VH9P584RLVQNY5ARNB/147/index.m3u8,109
1759181774,31,Brazzers TV Europe Россия,http://rhsbjv7k.tvclub.xyz/iptv/X3SB52VH9P584RLVQNY5ARNB/910/index.m3u8,117
1759181776,12,Blue Hustler,http://rhsbjv7k.tvclub.xyz/iptv/X3SB52VH9P584RLVQNY5ARNB/1064/index.m3u8,99
1759181777,11,Redlight HD,http://rhsbjv7k.tvclub.xyz/iptv/X3SB52VH9P584RLVQNY5ARNB/242/index.m3u8,97
1759181778,10,Private TV,http://rhsbjv7k.tvclub.xyz/iptv/X3SB52VH9P584RLVQNY5ARNB/243/index.m3u8,96
1759181779,10,Hustler HD,http://rhsbjv7k.tvclub.xyz/iptv/X3SB52VH9P584RLVQNY5ARNB/244/index.m3u8,96
1759181780,12,Dorcel TV HD,http://rhsbjv7k.tvclub.xyz/iptv/X3SB52VH9P584RLVQNY5ARNB/245/index.m3u8,98
1759181782,8,Babes TV,http://rhsbjv7k.tvclub.xyz/iptv/X3SB52VH9P584RLVQNY5ARNB/2161/index.m3u8,94
1759181783,12,Vivid Red HD,http://rhsbjv7k.tvclub.xyz/iptv/X3SB52VH9P584RLVQNY5ARNB/2162/index.m3u8,99
1759181784,12,Exxxotica HD,http://rhsbjv7k.tvclub.xyz/iptv/X3SB52VH9P584RLVQNY5ARNB/2397/index.m3u8,99
1759181785,3,XXL,http://rhsbjv7k.tvclub.xyz/iptv/X3SB52VH9P584RLVQNY5ARNB/5009/index.m3u8,89
1759181787,20,Penthouse Passion HD,http://rhsbjv7k.tvclub.xyz/iptv/X3SB52VH9P584RLVQNY5ARNB/5010/index.m3u8,107
1759181788,17,Penthouse Gold HD,http://rhsbjv7k.tvclub.xyz/iptv/X3SB52VH9P584RLVQNY5ARNB/5011/index.m3u8,104
1759181789,23,Penthouse Reality TV HD,http://rhsbjv7k.tvclub.xyz/iptv/X3SB52VH9P584RLVQNY5ARNB/5012/index.m3u8,110
1759181790,24,Penthouse Reality TV FHD,http://rhsbjv7k.tvclub.xyz/iptv/X3SB52VH9P584RLVQNY5ARNB/5013/index.m3u8,111
1759181791,18,Extasy Platinum 4K,http://rhsbjv7k.tvclub.xyz/iptv/X3SB52VH9P584RLVQNY5ARNB/5014/index.m3u8,105
1759181792,9,Eroxxx HD,http://rhsbjv7k.tvclub.xyz/iptv/X3SB52VH9P584RLVQNY5ARNB/5015/index.m3u8,95
1759181794,9,SexArt HD,http://rhsbjv7k.tvclub.xyz/iptv/X3SB52VH9P584RLVQNY5ARNB/6165/index.m3u8,95
1759181795,10,Adult Time,http://rhsbjv7k.tvclub.xyz/iptv/X3SB52VH9P584RLVQNY5ARNB/6166/index.m3u8,97
1759181796,11,Red TV Anal,http://rhsbjv7k.tvclub.xyz/iptv/X3SB52VH9P584RLVQNY5ARNB/6167/index.m3u8,98
1759181797,11,Analized HD,http://rhsbjv7k.tvclub.xyz/iptv/X3SB52VH9P584RLVQNY5ARNB/6168/index.m3u8,98
1759181798,12,Babes.com HD,http://rhsbjv7k.tvclub.xyz/iptv/X3SB52VH9P584RLVQNY5ARNB/6171/index.m3u8,99
1759181799,5,Babes,http://rhsbjv7k.tvclub.xyz/iptv/X3SB52VH9P584RLVQNY5ARNB/6172/index.m3u8,91
1759181801,12,Bang Bros HD,http://rhsbjv7k.tvclub.xyz/iptv/X3SB52VH9P584RLVQNY5ARNB/6173/index.m3u8,99
1759181802,5,Bang!,http://rhsbjv7k.tvclub.xyz/iptv/X3SB52VH9P584RLVQNY5ARNB/6174/index.m3u8,91
1759181803,14,Red TV Big Ass,http://rhsbjv7k.tvclub.xyz/iptv/X3SB52VH9P584RLVQNY5ARNB/6175/index.m3u8,101
1759181804,15,Red TV Big Dick,http://rhsbjv7k.tvclub.xyz/iptv/X3SB52VH9P584RLVQNY5ARNB/6176/index.m3u8,102
1759181805,15,Red TV Big Tits,http://rhsbjv7k.tvclub.xyz/iptv/X3SB52VH9P584RLVQNY5ARNB/6177/index.m3u8,102
1759181806,10,Blacked HD,http://rhsbjv7k.tvclub.xyz/iptv/X3SB52VH9P584RLVQNY5ARNB/6178/index.m3u8,97
1759181807,14,Red TV Blowjob,http://rhsbjv7k.tvclub.xyz/iptv/X3SB52VH9P584RLVQNY5ARNB/6180/index.m3u8,101
1759181809,15,Brazzers eXXtra,http://rhsbjv7k.tvclub.xyz/iptv/X3SB52VH9P584RLVQNY5ARNB/6181/index.m3u8,102
1759181810,11,Brazzers HD,http://rhsbjv7k.tvclub.xyz/iptv/X3SB52VH9P584RLVQNY5ARNB/6182/index.m3u8,98
1759181811,15,Red TV Brunette,http://rhsbjv7k.tvclub.xyz/iptv/X3SB52VH9P584RLVQNY5ARNB/6183/index.m3u8,102
1759181812,12,Cherry Pimps,http://rhsbjv7k.tvclub.xyz/iptv/X3SB52VH9P584RLVQNY5ARNB/6185/index.m3u8,99
1759181813,19,Club Sweethearts HD,http://rhsbjv7k.tvclub.xyz/iptv/X3SB52VH9P584RLVQNY5ARNB/6186/index.m3u8,106
1759181814,18,Red TV Compilation,http://rhsbjv7k.tvclub.xyz/iptv/X3SB52VH9P584RLVQNY5ARNB/6187/index.m3u8,105
1759181815,14,Red TV Cuckold,http://rhsbjv7k.tvclub.xyz/iptv/X3SB52VH9P584RLVQNY5ARNB/6188/index.m3u8,101
1759181817,10,Cum Louder,http://rhsbjv7k.tvclub.xyz/iptv/X3SB52VH9P584RLVQNY5ARNB/6189/index.m3u8,97
1759181818,13,Daughter Swap,http://rhsbjv7k.tvclub.xyz/iptv/X3SB52VH9P584RLVQNY5ARNB/6191/index.m3u8,100
1759181819,19,Day with a Pornstar,http://rhsbjv7k.tvclub.xyz/iptv/X3SB52VH9P584RLVQNY5ARNB/6192/index.m3u8,106
1759181820,9,DDF Busty,http://rhsbjv7k.tvclub.xyz/iptv/X3SB52VH9P584RLVQNY5ARNB/6193/index.m3u8,95
1759181821,11,DDF Network,http://rhsbjv7k.tvclub.xyz/iptv/X3SB52VH9P584RLVQNY5ARNB/6194/index.m3u8,98
1759181822,17,Digital Desire HD,http://rhsbjv7k.tvclub.xyz/iptv/X3SB52VH9P584RLVQNY5ARNB/6195/index.m3u8,104
1759181823,21,Digital Playground HD,http://rhsbjv7k.tvclub.xyz/iptv/X3SB52VH9P584RLVQNY5ARNB/6196/index.m3u8,108
1759181825,11,Dorcel Club,http://rhsbjv7k.tvclub.xyz/iptv/X3SB52VH9P584RLVQNY5ARNB/6197/index.m3u8,98
1759181826,11,Porn Angels,http://rhsbjv7k.tvclub.xyz/iptv/X3SB52VH9P584RLVQNY5ARNB/6198/index.m3u8,98
1759181827,13,Evil Angel HD,http://rhsbjv7k.tvclub.xyz/iptv/X3SB52VH9P584RLVQNY5ARNB/6199/index.m3u8,100
1759181828,14,Evolved Fights,http://rhsbjv7k.tvclub.xyz/iptv/X3SB52VH9P584RLVQNY5ARNB/6200/index.m3u8,101
1759181829,12,Fake Taxi HD,http://rhsbjv7k.tvclub.xyz/iptv/X3SB52VH9P584RLVQNY5ARNB/6202/index.m3u8,99
1759181830,18,Fap TV Compilation,http://rhsbjv7k.tvclub.xyz/iptv/X3SB52VH9P584RLVQNY5ARNB/6208/index.m3u8,105
1759181831,6,FemJoy,http://rhsbjv7k.tvclub.xyz/iptv/X3SB52VH9P584RLVQNY5ARNB/6212/index.m3u8,92
1759181832,13,Red TV Fetish,http://rhsbjv7k.tvclub.xyz/iptv/X3SB52VH9P584RLVQNY5ARNB/6213/index.m3u8,100
1759181833,15,Red TV Gangbang,http://rhsbjv7k.tvclub.xyz/iptv/X3SB52VH9P584RLVQNY5ARNB/6214/index.m3u8,102
1759181834,10,Red TV Gay,http://rhsbjv7k.tvclub.xyz/iptv/X3SB52VH9P584RLVQNY5ARNB/6215/index.m3u8,97
1759181836,8,Got MYLF,http://rhsbjv7k.tvclub.xyz/iptv/X3SB52VH9P584RLVQNY5ARNB/6216/index.m3u8,94
1759181837,21,DDF Hands on Hardcore,http://rhsbjv7k.tvclub.xyz/iptv/X3SB52VH9P584RLVQNY5ARNB/6217/index.m3u8,108
1759181838,6,Hard X,http://rhsbjv7k.tvclub.xyz/iptv/X3SB52VH9P584RLVQNY5ARNB/6218/index.m3u8,92
1759181839,15,Red TV Hardcore,http://rhsbjv7k.tvclub.xyz/iptv/X3SB52VH9P584RLVQNY5ARNB/6219/index.m3u8,102
1759181840,12,Hitzefrei HD,http://rhsbjv7k.tvclub.xyz/iptv/X3SB52VH9P584RLVQNY5ARNB/6220/index.m3u8,99
1759181841,5,Holed,http://rhsbjv7k.tvclub.xyz/iptv/X3SB52VH9P584RLVQNY5ARNB/6221/index.m3u8,91
1759181843,12,Hot and Mean,http://rhsbjv7k.tvclub.xyz/iptv/X3SB52VH9P584RLVQNY5ARNB/6222/index.m3u8,99
1759181844,13,Hot Guys Fuck,http://rhsbjv7k.tvclub.xyz/iptv/X3SB52VH9P584RLVQNY5ARNB/6223/index.m3u8,100
1759181845,18,Red TV Interracial,http://rhsbjv7k.tvclub.xyz/iptv/X3SB52VH9P584RLVQNY5ARNB/6224/index.m3u8,105
1759181846,9,Japan HDV,http://rhsbjv7k.tvclub.xyz/iptv/X3SB52VH9P584RLVQNY5ARNB/6225/index.m3u8,95
1759181847,13,Red TV Latina,http://rhsbjv7k.tvclub.xyz/iptv/X3SB52VH9P584RLVQNY5ARNB/6226/index.m3u8,100
1759181848,6,Lesbea,http://rhsbjv7k.tvclub.xyz/iptv/X3SB52VH9P584RLVQNY5ARNB/6227/index.m3u8,92
1759181849,14,Red TV Lesbian,http://rhsbjv7k.tvclub.xyz/iptv/X3SB52VH9P584RLVQNY5ARNB/6228/index.m3u8,101
1759181850,15,Lethal Hardcore,http://rhsbjv7k.tvclub.xyz/iptv/X3SB52VH9P584RLVQNY5ARNB/6229/index.m3u8,102
1759181851,16,Little Asians HD,http://rhsbjv7k.tvclub.xyz/iptv/X3SB52VH9P584RLVQNY5ARNB/6230/index.m3u8,103
1759181853,16,Red TV Live Cams,http://rhsbjv7k.tvclub.xyz/iptv/X3SB52VH9P584RLVQNY5ARNB/6231/index.m3u8,103
1759181854,11,Lust Cinema,http://rhsbjv7k.tvclub.xyz/iptv/X3SB52VH9P584RLVQNY5ARNB/6232/index.m3u8,98
1759181855,9,MetArt HD,http://rhsbjv7k.tvclub.xyz/iptv/X3SB52VH9P584RLVQNY5ARNB/6233/index.m3u8,95
1759181856,11,Red TV Milf,http://rhsbjv7k.tvclub.xyz/iptv/X3SB52VH9P584RLVQNY5ARNB/6234/index.m3u8,98
1759181857,16,Monsters of Cock,http://rhsbjv7k.tvclub.xyz/iptv/X3SB52VH9P584RLVQNY5ARNB/6235/index.m3u8,103
1759181858,10,MYLF TV HD,http://rhsbjv7k.tvclub.xyz/iptv/X3SB52VH9P584RLVQNY5ARNB/6236/index.m3u8,97
1759181859,15,Naughty America,http://rhsbjv7k.tvclub.xyz/iptv/X3SB52VH9P584RLVQNY5ARNB/6237/index.m3u8,102
1759181861,13,Nubiles TV HD,http://rhsbjv7k.tvclub.xyz/iptv/X3SB52VH9P584RLVQNY5ARNB/6238/index.m3u8,100
1759181862,13,Pink Erotic 3,http://rhsbjv7k.tvclub.xyz/iptv/X3SB52VH9P584RLVQNY5ARNB/6240/index.m3u8,100
1759181871,13,Pink Erotic 4,http://rhsbjv7k.tvclub.xyz/iptv/X3SB52VH9P584RLVQNY5ARNB/6241/index.m3u8,100
1759181872,12,Playboy Plus,http://rhsbjv7k.tvclub.xyz/iptv/X3SB52VH9P584RLVQNY5ARNB/6242/index.m3u8,99
1759181873,15,Red TV Pornstar,http://rhsbjv7k.tvclub.xyz/iptv/X3SB52VH9P584RLVQNY5ARNB/6243/index.m3u8,102
1759181874,10,Red TV POV,http://rhsbjv7k.tvclub.xyz/iptv/X3SB52VH9P584RLVQNY5ARNB/6244/index.m3u8,97
1759181876,14,Private.com HD,http://rhsbjv7k.tvclub.xyz/iptv/X3SB52VH9P584RLVQNY5ARNB/6245/index.m3u8,101
1759181877,12,Public Agent,http://rhsbjv7k.tvclub.xyz/iptv/X3SB52VH9P584RLVQNY5ARNB/6246/index.m3u8,99
1759181878,16,Reality Kings HD,http://rhsbjv7k.tvclub.xyz/iptv/X3SB52VH9P584RLVQNY5ARNB/6247/index.m3u8,103
1759181879,8,RK Prime,http://rhsbjv7k.tvclub.xyz/iptv/X3SB52VH9P584RLVQNY5ARNB/6248/index.m3u8,94
1759181880,5,RK TV,http://rhsbjv7k.tvclub.xyz/iptv/X3SB52VH9P584RLVQNY5ARNB/6249/index.m3u8,91
1759181881,12,Red TV Rough,http://rhsbjv7k.tvclub.xyz/iptv/X3SB52VH9P584RLVQNY5ARNB/6250/index.m3u8,99
1759181883,14,Red TV Russian,http://rhsbjv7k.tvclub.xyz/iptv/X3SB52VH9P584RLVQNY5ARNB/6251/index.m3u8,101
1759181884,16,Sex With Muslims,http://rhsbjv7k.tvclub.xyz/iptv/X3SB52VH9P584RLVQNY5ARNB/6252/index.m3u8,103
1759181885,6,SexArt,http://rhsbjv7k.tvclub.xyz/iptv/X3SB52VH9P584RLVQNY5ARNB/6253/index.m3u8,92
1759181886,10,SINematica,http://rhsbjv7k.tvclub.xyz/iptv/X3SB52VH9P584RLVQNY5ARNB/6255/index.m3u8,97
1759181887,11,Red TV Teen,http://rhsbjv7k.tvclub.xyz/iptv/X3SB52VH9P584RLVQNY5ARNB/6256/index.m3u8,98
1759181888,16,Red TV Threesome,http://rhsbjv7k.tvclub.xyz/iptv/X3SB52VH9P584RLVQNY5ARNB/6257/index.m3u8,103
1759181889,6,Tiny4K,http://rhsbjv7k.tvclub.xyz/iptv/X3SB52VH9P584RLVQNY5ARNB/6258/index.m3u8,92
1759181890,12,Trans Angels,http://rhsbjv7k.tvclub.xyz/iptv/X3SB52VH9P584RLVQNY5ARNB/6259/index.m3u8,99
1759181891,13,True Amateurs,http://rhsbjv7k.tvclub.xyz/iptv/X3SB52VH9P584RLVQNY5ARNB/6260/index.m3u8,100
1759181893,8,Tushy HD,http://rhsbjv7k.tvclub.xyz/iptv/X3SB52VH9P584RLVQNY5ARNB/6261/index.m3u8,94
1759181894,12,Tushy RAW HD,http://rhsbjv7k.tvclub.xyz/iptv/X3SB52VH9P584RLVQNY5ARNB/6262/index.m3u8,99
1759181895,10,Visit-X TV,http://rhsbjv7k.tvclub.xyz/iptv/X3SB52VH9P584RLVQNY5ARNB/6263/index.m3u8,97
1759181896,15,Vivid TV Europe,http://rhsbjv7k.tvclub.xyz/iptv/X3SB52VH9P584RLVQNY5ARNB/6264/index.m3u8,102
1759181897,8,Vixen HD,http://rhsbjv7k.tvclub.xyz/iptv/X3SB52VH9P584RLVQNY5ARNB/6265/index.m3u8,94
1759181898,16,We Live Together,http://rhsbjv7k.tvclub.xyz/iptv/X3SB52VH9P584RLVQNY5ARNB/6266/index.m3u8,103
1759181899,11,White Boxxx,http://rhsbjv7k.tvclub.xyz/iptv/X3SB52VH9P584RLVQNY5ARNB/6267/index.m3u8,98
1759181901,6,Wicked,http://rhsbjv7k.tvclub.xyz/iptv/X3SB52VH9P584RLVQNY5ARNB/6268/index.m3u8,92
1759181902,10,Xpanded TV,http://rhsbjv7k.tvclub.xyz/iptv/X3SB52VH9P584RLVQNY5ARNB/6269/index.m3u8,97
1759181903,13,Balkan Erotic,http://rhsbjv7k.tvclub.xyz/iptv/X3SB52VH9P584RLVQNY5ARNB/6270/index.m3u8,100
1759181904,8,Red Lips,http://rhsbjv7k.tvclub.xyz/iptv/X3SB52VH9P584RLVQNY5ARNB/6271/index.m3u8,94
1759181905,9,Leo TV HD,http://rhsbjv7k.tvclub.xyz/iptv/X3SB52VH9P584RLVQNY5ARNB/6272/index.m3u8,95
1759181907,3,HOT,http://rhsbjv7k.tvclub.xyz/iptv/X3SB52VH9P584RLVQNY5ARNB/6275/index.m3u8,89
1759181908,12,Hot Pleasure,http://rhsbjv7k.tvclub.xyz/iptv/X3SB52VH9P584RLVQNY5ARNB/6277/index.m3u8,99
1759181909,7,Red XXX,http://rhsbjv7k.tvclub.xyz/iptv/X3SB52VH9P584RLVQNY5ARNB/6281/index.m3u8,93
1759181910,8,Sexy Hot,http://rhsbjv7k.tvclub.xyz/iptv/X3SB52VH9P584RLVQNY5ARNB/6282/index.m3u8,94
1759181911,5,Venus,http://rhsbjv7k.tvclub.xyz/iptv/X3SB52VH9P584RLVQNY5ARNB/6284/index.m3u8,91
1759181913,4,X-MO,http://rhsbjv7k.tvclub.xyz/iptv/X3SB52VH9P584RLVQNY5ARNB/6285/index.m3u8,90
1759181914,9,XY Max HD,http://rhsbjv7k.tvclub.xyz/iptv/X3SB52VH9P584RLVQNY5ARNB/6286/index.m3u8,95
1759181915,9,XY Mix HD,http://rhsbjv7k.tvclub.xyz/iptv/X3SB52VH9P584RLVQNY5ARNB/6287/index.m3u8,95
1759181921,10,XY Plus HD,http://rhsbjv7k.tvclub.xyz/iptv/X3SB52VH9P584RLVQNY5ARNB/6288/index.m3u8,97
1759181922,13,Pink Erotic 1,http://rhsbjv7k.tvclub.xyz/iptv/X3SB52VH9P584RLVQNY5ARNB/6289/index.m3u8,100
1759181923,13,Pink Erotic 2,http://rhsbjv7k.tvclub.xyz/iptv/X3SB52VH9P584RLVQNY5ARNB/6290/index.m3u8,100
1759181924,13,Pink Erotic 3,http://rhsbjv7k.tvclub.xyz/iptv/X3SB52VH9P584RLVQNY5ARNB/6291/index.m3u8,100
1759181925,13,Pink Erotic 4,http://rhsbjv7k.tvclub.xyz/iptv/X3SB52VH9P584RLVQNY5ARNB/6292/index.m3u8,100
1759181926,13,Pink Erotic 6,http://rhsbjv7k.tvclub.xyz/iptv/X3SB52VH9P584RLVQNY5ARNB/6293/index.m3u8,100
1759181928,13,Pink Erotic 7,http://rhsbjv7k.tvclub.xyz/iptv/X3SB52VH9P584RLVQNY5ARNB/6294/index.m3u8,100
1759181929,13,Pink Erotic 8,http://rhsbjv7k.tvclub.xyz/iptv/X3SB52VH9P584RLVQNY5ARNB/6295/index.m3u8,100
1759181930,7,Erox HD,http://rhsbjv7k.tvclub.xyz/iptv/X3SB52VH9P584RLVQNY5ARNB/6296/index.m3u8,93
1759181931,11,SuperOne HD,http://rhsbjv7k.tvclub.xyz/iptv/X3SB52VH9P584RLVQNY5ARNB/6298/index.m3u8,98
1759181932,17,Dorcel TV HD orig,http://rhsbjv7k.tvclub.xyz/iptv/X3SB52VH9P584RLVQNY5ARNB/9064/index.m3u8,104
1759181933,15,Hustler HD orig,http://rhsbjv7k.tvclub.xyz/iptv/X3SB52VH9P584RLVQNY5ARNB/9065/index.m3u8,102
1759181934,16,Redlight HD orig,http://rhsbjv7k.tvclub.xyz/iptv/X3SB52VH9P584RLVQNY5ARNB/9066/index.m3u8,103
1759181935,28,Русская Ночь orig,http://rhsbjv7k.tvclub.xyz/iptv/X3SB52VH9P584RLVQNY5ARNB/9344/index.m3u8,115
1759181937,17,Exxxotica HD orig,http://rhsbjv7k.tvclub.xyz/iptv/X3SB52VH9P584RLVQNY5ARNB/9346/index.m3u8,104
1759181938,12,Shot TV orig,http://rhsbjv7k.tvclub.xyz/iptv/X3SB52VH9P584RLVQNY5ARNB/9347/index.m3u8,99
1759181939,17,StrahTV Extasy HD,http://rhsbjv7k.tvclub.xyz/iptv/X3SB52VH9P584RLVQNY5ARNB/11051/index.m3u8,105
1759181940,15,StrahTV KinoXXX,http://rhsbjv7k.tvclub.xyz/iptv/X3SB52VH9P584RLVQNY5ARNB/11052/index.m3u8,103
1759181941,20,StrahTV Ох-Ах HD,http://rhsbjv7k.tvclub.xyz/iptv/X3SB52VH9P584RLVQNY5ARNB/11068/index.m3u8,108
1759181943,14,VF Cartoon 18+,http://rhsbjv7k.tvclub.xyz/iptv/X3SB52VH9P584RLVQNY5ARNB/11117/index.m3u8,102
1759181944,10,Alba XXX 1,http://rhsbjv7k.tvclub.xyz/iptv/X3SB52VH9P584RLVQNY5ARNB/12106/index.m3u8,98
1759181945,9,Exotic 4k,http://rhsbjv7k.tvclub.xyz/iptv/X3SB52VH9P584RLVQNY5ARNB/12107/index.m3u8,96
1759181946,19,Euro Girls On Girls,http://rhsbjv7k.tvclub.xyz/iptv/X3SB52VH9P584RLVQNY5ARNB/12108/index.m3u8,107
1759181947,,,http://rhsbjv7k.tvclub.xyz/iptv/X3SB52VH9P584RLVQNY5ARNB/20219/index.m3u8,86
1759181947,9,Erotica X,http://rhsbjv7k.tvclub.xyz/iptv/X3SB52VH9P584RLVQNY5ARNB/12109/index.m3u8,96
1759181948,12,Erotic Spice,http://rhsbjv7k.tvclub.xyz/iptv/X3SB52VH9P584RLVQNY5ARNB/12110/index.m3u8,100
1759181950,11,DP Fanatics,http://rhsbjv7k.tvclub.xyz/iptv/X3SB52VH9P584RLVQNY5ARNB/12111/index.m3u8,99
1759181951,22,Pornbox Pure Mature HD,http://rhsbjv7k.tvclub.xyz/iptv/X3SB52VH9P584RLVQNY5ARNB/12112/index.m3u8,110
1759181952,21,Brazzers TV Europe HD,http://rhsbjv7k.tvclub.xyz/iptv/X3SB52VH9P584RLVQNY5ARNB/12113/index.m3u8,109
1759181953,7,XY Plus,http://rhsbjv7k.tvclub.xyz/iptv/X3SB52VH9P584RLVQNY5ARNB/12118/index.m3u8,94
1759181954,8,SuperOne,http://rhsbjv7k.tvclub.xyz/iptv/X3SB52VH9P584RLVQNY5ARNB/12121/index.m3u8,95
1759181955,16,Dirty Wives Club,http://rhsbjv7k.tvclub.xyz/iptv/X3SB52VH9P584RLVQNY5ARNB/12122/index.m3u8,104
1759181956,12,French Lover,http://rhsbjv7k.tvclub.xyz/iptv/X3SB52VH9P584RLVQNY5ARNB/12124/index.m3u8,100
1759181957,18,Meiden Van Holland,http://rhsbjv7k.tvclub.xyz/iptv/X3SB52VH9P584RLVQNY5ARNB/12125/index.m3u8,106
1759181958,13,Dirty Masseur,http://rhsbjv7k.tvclub.xyz/iptv/X3SB52VH9P584RLVQNY5ARNB/12128/index.m3u8,101
1759181959,10,Dirty Flix,http://rhsbjv7k.tvclub.xyz/iptv/X3SB52VH9P584RLVQNY5ARNB/12130/index.m3u8,98
1759181960,9,Dorcel TV,http://rhsbjv7k.tvclub.xyz/iptv/X3SB52VH9P584RLVQNY5ARNB/12131/index.m3u8,96
1759181961,15,Kinky Family HD,http://rhsbjv7k.tvclub.xyz/iptv/X3SB52VH9P584RLVQNY5ARNB/12133/index.m3u8,103
1759181963,10,Playboy LA,http://rhsbjv7k.tvclub.xyz/iptv/X3SB52VH9P584RLVQNY5ARNB/12135/index.m3u8,98
1759181964,13,Passie XXX TV,http://rhsbjv7k.tvclub.xyz/iptv/X3SB52VH9P584RLVQNY5ARNB/12136/index.m3u8,101
1759181965,14,Devils Film HD,http://rhsbjv7k.tvclub.xyz/iptv/X3SB52VH9P584RLVQNY5ARNB/12137/index.m3u8,102
1759181966,18,Deep Throat Sirens,http://rhsbjv7k.tvclub.xyz/iptv/X3SB52VH9P584RLVQNY5ARNB/12138/index.m3u8,106
1759181967,9,Deep Lush,http://rhsbjv7k.tvclub.xyz/iptv/X3SB52VH9P584RLVQNY5ARNB/12139/index.m3u8,96
1759181968,6,Dark X,http://rhsbjv7k.tvclub.xyz/iptv/X3SB52VH9P584RLVQNY5ARNB/12140/index.m3u8,93
1759181969,18,Veraporn Group Sex,http://rhsbjv7k.tvclub.xyz/iptv/X3SB52VH9P584RLVQNY5ARNB/12141/index.m3u8,106
1759181970,20,Veraporn Group Sex 2,http://rhsbjv7k.tvclub.xyz/iptv/X3SB52VH9P584RLVQNY5ARNB/12142/index.m3u8,108
1759181971,10,Dane Jones,http://rhsbjv7k.tvclub.xyz/iptv/X3SB52VH9P584RLVQNY5ARNB/12143/index.m3u8,98
1759181973,12,Dancing Bear,http://rhsbjv7k.tvclub.xyz/iptv/X3SB52VH9P584RLVQNY5ARNB/12144/index.m3u8,100
1759181974,16,Pink Erotic 1 HD,http://rhsbjv7k.tvclub.xyz/iptv/X3SB52VH9P584RLVQNY5ARNB/12146/index.m3u8,104
1759181975,16,Pink Erotic 2 HD,http://rhsbjv7k.tvclub.xyz/iptv/X3SB52VH9P584RLVQNY5ARNB/12147/index.m3u8,104
1759181976,16,Pink Erotic 3 HD,http://rhsbjv7k.tvclub.xyz/iptv/X3SB52VH9P584RLVQNY5ARNB/12148/index.m3u8,104
1759181977,16,Pink Erotic 4 HD,http://rhsbjv7k.tvclub.xyz/iptv/X3SB52VH9P584RLVQNY5ARNB/12149/index.m3u8,104
1759181978,16,Pink Erotic 5 HD,http://rhsbjv7k.tvclub.xyz/iptv/X3SB52VH9P584RLVQNY5ARNB/12150/index.m3u8,104
1759181979,16,Pink Erotic 6 HD,http://rhsbjv7k.tvclub.xyz/iptv/X3SB52VH9P584RLVQNY5ARNB/12151/index.m3u8,104
1759181980,16,Pink Erotic 7 HD,http://rhsbjv7k.tvclub.xyz/iptv/X3SB52VH9P584RLVQNY5ARNB/12152/index.m3u8,104
1759181981,16,Pink Erotic 8 HD,http://rhsbjv7k.tvclub.xyz/iptv/X3SB52VH9P584RLVQNY5ARNB/12153/index.m3u8,104
1759181982,9,Dad Crush,http://rhsbjv7k.tvclub.xyz/iptv/X3SB52VH9P584RLVQNY5ARNB/12154/index.m3u8,96
1759181984,11,Family Swap,http://rhsbjv7k.tvclub.xyz/iptv/X3SB52VH9P584RLVQNY5ARNB/12155/index.m3u8,99
1759181985,14,Family Strokes,http://rhsbjv7k.tvclub.xyz/iptv/X3SB52VH9P584RLVQNY5ARNB/12156/index.m3u8,102
1759181986,9,Cum4k UHD,http://rhsbjv7k.tvclub.xyz/iptv/X3SB52VH9P584RLVQNY5ARNB/12157/index.m3u8,96
1759181987,14,Cum Perfection,http://rhsbjv7k.tvclub.xyz/iptv/X3SB52VH9P584RLVQNY5ARNB/12158/index.m3u8,102
1759181988,10,MetArt FHD,http://rhsbjv7k.tvclub.xyz/iptv/X3SB52VH9P584RLVQNY5ARNB/12160/index.m3u8,98
1759181990,10,Bratty Sis,http://rhsbjv7k.tvclub.xyz/iptv/X3SB52VH9P584RLVQNY5ARNB/12161/index.m3u8,98
1759181991,18,Brand New Amateurs,http://rhsbjv7k.tvclub.xyz/iptv/X3SB52VH9P584RLVQNY5ARNB/12162/index.m3u8,106
1759181992,10,Beate Uhse,http://rhsbjv7k.tvclub.xyz/iptv/X3SB52VH9P584RLVQNY5ARNB/12163/index.m3u8,98
1759181993,7,BBC Pie,http://rhsbjv7k.tvclub.xyz/iptv/X3SB52VH9P584RLVQNY5ARNB/12164/index.m3u8,94
1759181994,15,Barely Legal TV,http://rhsbjv7k.tvclub.xyz/iptv/X3SB52VH9P584RLVQNY5ARNB/12165/index.m3u8,103
1759181996,8,Bang POV,http://rhsbjv7k.tvclub.xyz/iptv/X3SB52VH9P584RLVQNY5ARNB/12166/index.m3u8,95
1759181997,8,Bang Bus,http://rhsbjv7k.tvclub.xyz/iptv/X3SB52VH9P584RLVQNY5ARNB/12167/index.m3u8,95
1759181998,12,Banana Fever,http://rhsbjv7k.tvclub.xyz/iptv/X3SB52VH9P584RLVQNY5ARNB/12168/index.m3u8,100
1759181999,13,Asshole Fever,http://rhsbjv7k.tvclub.xyz/iptv/X3SB52VH9P584RLVQNY5ARNB/12169/index.m3u8,101
1759182001,10,Ass Parade,http://rhsbjv7k.tvclub.xyz/iptv/X3SB52VH9P584RLVQNY5ARNB/12178/index.m3u8,98
1759182002,9,Anal Time,http://rhsbjv7k.tvclub.xyz/iptv/X3SB52VH9P584RLVQNY5ARNB/12181/index.m3u8,96
1759182003,16,Anal Teen Angels,http://rhsbjv7k.tvclub.xyz/iptv/X3SB52VH9P584RLVQNY5ARNB/12183/index.m3u8,104
1759182004,9,Anal Only,http://rhsbjv7k.tvclub.xyz/iptv/X3SB52VH9P584RLVQNY5ARNB/12184/index.m3u8,96
1759182005,12,Hot Wife XXX,http://rhsbjv7k.tvclub.xyz/iptv/X3SB52VH9P584RLVQNY5ARNB/12187/index.m3u8,100
1759182006,5,Tushy,http://rhsbjv7k.tvclub.xyz/iptv/X3SB52VH9P584RLVQNY5ARNB/12188/index.m3u8,92
1759182013,8,Anal Mom,http://rhsbjv7k.tvclub.xyz/iptv/X3SB52VH9P584RLVQNY5ARNB/12189/index.m3u8,95
1759182014,7,Anal 4K,http://rhsbjv7k.tvclub.xyz/iptv/X3SB52VH9P584RLVQNY5ARNB/12190/index.m3u8,94
1759182016,13,Amateur Boxxx,http://rhsbjv7k.tvclub.xyz/iptv/X3SB52VH9P584RLVQNY5ARNB/12191/index.m3u8,101
1759182017,8,All Anal,http://rhsbjv7k.tvclub.xyz/iptv/X3SB52VH9P584RLVQNY5ARNB/12192/index.m3u8,95
1759182018,11,Alex Legend,http://rhsbjv7k.tvclub.xyz/iptv/X3SB52VH9P584RLVQNY5ARNB/12193/index.m3u8,99
1759182019,13,Alba XXX 2 HD,http://rhsbjv7k.tvclub.xyz/iptv/X3SB52VH9P584RLVQNY5ARNB/12194/index.m3u8,101
1759182020,13,Alba XXX 1 HD,http://rhsbjv7k.tvclub.xyz/iptv/X3SB52VH9P584RLVQNY5ARNB/12204/index.m3u8,101
1759182021,10,21 Sextury,http://rhsbjv7k.tvclub.xyz/iptv/X3SB52VH9P584RLVQNY5ARNB/12205/index.m3u8,98
1759182022,19,XXX Love's Berry HD,http://rhsbjv7k.tvclub.xyz/iptv/X3SB52VH9P584RLVQNY5ARNB/14140/index.m3u8,107
1759182023,13,Yosso TV Sexy,http://rhsbjv7k.tvclub.xyz/iptv/X3SB52VH9P584RLVQNY5ARNB/14176/index.m3u8,101
1759182024,26,Liberty Эротика FHD,http://rhsbjv7k.tvclub.xyz/iptv/X3SB52VH9P584RLVQNY5ARNB/16069/index.m3u8,114
1759182026,17,Kinoshka Adult HD,http://rhsbjv7k.tvclub.xyz/iptv/X3SB52VH9P584RLVQNY5ARNB/18060/index.m3u8,105
1759182027,23,Tviksel Кино 18+ HD,http://rhsbjv7k.tvclub.xyz/iptv/X3SB52VH9P584RLVQNY5ARNB/18075/index.m3u8,111
1759182028,34,Tviksel Кино 18+ International,http://rhsbjv7k.tvclub.xyz/iptv/X3SB52VH9P584RLVQNY5ARNB/18076/index.m3u8,122
1759182029,12,BCU Charm HD,http://rhsbjv7k.tvclub.xyz/iptv/X3SB52VH9P584RLVQNY5ARNB/18053/index.m3u8,100
1759182030,14,CineMan ExExEx,http://rhsbjv7k.tvclub.xyz/iptv/X3SB52VH9P584RLVQNY5ARNB/20089/index.m3u8,102
1759182031,18,CineMan ExExEx TWO,http://rhsbjv7k.tvclub.xyz/iptv/X3SB52VH9P584RLVQNY5ARNB/20090/index.m3u8,106
1759182032,19,StrahTV Adult TV HD,http://rhsbjv7k.tvclub.xyz/iptv/X3SB52VH9P584RLVQNY5ARNB/31707/index.m3u8,107
1759182033,22,StrahTV PlayBoyz TV HD,http://rhsbjv7k.tvclub.xyz/iptv/X3SB52VH9P584RLVQNY5ARNB/31709/index.m3u8,110
1759182034,22,StrahTV Ню Арт HD,http://rhsbjv7k.tvclub.xyz/iptv/X3SB52VH9P584RLVQNY5ARNB/31716/index.m3u8,110
1759182177,,,http://rhsbjv7k.tvclub.xyz/iptv/X3SB52VH9P584RLVQNY5ARNB/20219/index.m3u8,86
1759182230,,,http://rhsbjv7k.tvclub.xyz/iptv/X3SB52VH9P584RLVQNY5ARNB/20219/index.m3u8,86
1759182237,23,VF Граиндхаус,http://rhsbjv7k.tvclub.xyz/iptv/X3SB52VH9P584RLVQNY5ARNB/14158/index.m3u8,111
1759182260,23,VF Граиндхаус,http://rhsbjv7k.tvclub.xyz/iptv/X3SB52VH9P584RLVQNY5ARNB/14158/index.m3u8,111
1759182308,23,VF Граиндхаус,http://rhsbjv7k.tvclub.xyz/iptv/X3SB52VH9P584RLVQNY5ARNB/14158/index.m3u8,111
1759182317,13,Red TV Fetish,http://rhsbjv7k.tvclub.xyz/iptv/X3SB52VH9P584RLVQNY5ARNB/6213/index.m3u8,100
1759182330,19,Viju TV1000 HD orig,http://rhsbjv7k.tvclub.xyz/iptv/X3SB52VH9P584RLVQNY5ARNB/9058/index.m3u8,106
1759182347,17,Шрек 2 (2004),https://vod.plvideo.ru/FbZEopwh/cXyXEGJ0A4/zE2SWKS6fKdKbyrGfPe/ZX,97
1759182374,,,/home/safe/disk_kom/freedownloadmanager/icon.png,61
1759183245,25,Victoria.nova.hardcore.4k,https://vkvideo.ru/video-226828199_456239995,84
1759183364,,,http://rhsbjv7k.tvclub.xyz/iptv/X3SB52VH9P584RLVQNY5ARNB/20219/index.m3u8,86
1759183496,25,Victoria.nova.hardcore.4k,https://vkvideo.ru/video-226828199_456239995,84
1759183522,,,http://rhsbjv7k.tvclub.xyz/iptv/X3SB52VH9P584RLVQNY5ARNB/20219/index.m3u8,86
1759183533,7,Playboy,http://rhsbjv7k.tvclub.xyz/iptv/X3SB52VH9P584RLVQNY5ARNB/527/index.m3u8,92
1759184053,7,Playboy,http://rhsbjv7k.tvclub.xyz/iptv/X3SB52VH9P584RLVQNY5ARNB/527/index.m3u8,92
1759184203,7,Playboy,http://rhsbjv7k.tvclub.xyz/iptv/X3SB52VH9P584RLVQNY5ARNB/527/index.m3u8,92
1759184271,25,Victoria.nova.hardcore.4k,https://vkvideo.ru/video-226828199_456239995,84
1759184430,7,Playboy,http://rhsbjv7k.tvclub.xyz/iptv/X3SB52VH9P584RLVQNY5ARNB/527/index.m3u8,92
1759184799,25,Victoria.nova.hardcore.4k,https://vkvideo.ru/video-226828199_456239995,84
1759204696,,,http://rhsbjv7k.tvclub.xyz/iptv/X3SB52VH9P584RLVQNY5ARNB/20219/index.m3u8,86
1759204711,23,VF Граиндхаус,http://rhsbjv7k.tvclub.xyz/iptv/X3SB52VH9P584RLVQNY5ARNB/14158/index.m3u8,111
1759204714,7,Playboy,http://rhsbjv7k.tvclub.xyz/iptv/X3SB52VH9P584RLVQNY5ARNB/527/index.m3u8,92
1759204717,11,Eromania 4K,http://rhsbjv7k.tvclub.xyz/iptv/X3SB52VH9P584RLVQNY5ARNB/10049/index.m3u8,99
1759204723,23,Русская Ночь,http://rhsbjv7k.tvclub.xyz/iptv/X3SB52VH9P584RLVQNY5ARNB/147/index.m3u8,109
1759204727,31,Brazzers TV Europe Россия,http://rhsbjv7k.tvclub.xyz/iptv/X3SB52VH9P584RLVQNY5ARNB/910/index.m3u8,117
1759204730,12,Blue Hustler,http://rhsbjv7k.tvclub.xyz/iptv/X3SB52VH9P584RLVQNY5ARNB/1064/index.m3u8,99
1759204732,11,Redlight HD,http://rhsbjv7k.tvclub.xyz/iptv/X3SB52VH9P584RLVQNY5ARNB/242/index.m3u8,97
1759204735,10,Private TV,http://rhsbjv7k.tvclub.xyz/iptv/X3SB52VH9P584RLVQNY5ARNB/243/index.m3u8,96
1759204739,10,Hustler HD,http://rhsbjv7k.tvclub.xyz/iptv/X3SB52VH9P584RLVQNY5ARNB/244/index.m3u8,96
1759204742,12,Dorcel TV HD,http://rhsbjv7k.tvclub.xyz/iptv/X3SB52VH9P584RLVQNY5ARNB/245/index.m3u8,98
1759204745,8,Babes TV,http://rhsbjv7k.tvclub.xyz/iptv/X3SB52VH9P584RLVQNY5ARNB/2161/index.m3u8,94
1759204864,8,Babes TV,http://rhsbjv7k.tvclub.xyz/iptv/X3SB52VH9P584RLVQNY5ARNB/2161/index.m3u8,94
1759204893,12,Vivid Red HD,http://rhsbjv7k.tvclub.xyz/iptv/X3SB52VH9P584RLVQNY5ARNB/2162/index.m3u8,99
1759204896,12,Exxxotica HD,http://rhsbjv7k.tvclub.xyz/iptv/X3SB52VH9P584RLVQNY5ARNB/2397/index.m3u8,99
1759204900,3,XXL,http://rhsbjv7k.tvclub.xyz/iptv/X3SB52VH9P584RLVQNY5ARNB/5009/index.m3u8,89
1759204904,20,Penthouse Passion HD,http://rhsbjv7k.tvclub.xyz/iptv/X3SB52VH9P584RLVQNY5ARNB/5010/index.m3u8,107
1759204908,17,Penthouse Gold HD,http://rhsbjv7k.tvclub.xyz/iptv/X3SB52VH9P584RLVQNY5ARNB/5011/index.m3u8,104
1759204913,23,Penthouse Reality TV HD,http://rhsbjv7k.tvclub.xyz/iptv/X3SB52VH9P584RLVQNY5ARNB/5012/index.m3u8,110
1759204916,24,Penthouse Reality TV FHD,http://rhsbjv7k.tvclub.xyz/iptv/X3SB52VH9P584RLVQNY5ARNB/5013/index.m3u8,111
1759204918,18,Extasy Platinum 4K,http://rhsbjv7k.tvclub.xyz/iptv/X3SB52VH9P584RLVQNY5ARNB/5014/index.m3u8,105
1759204922,9,Eroxxx HD,http://rhsbjv7k.tvclub.xyz/iptv/X3SB52VH9P584RLVQNY5ARNB/5015/index.m3u8,95
1759204934,9,SexArt HD,http://rhsbjv7k.tvclub.xyz/iptv/X3SB52VH9P584RLVQNY5ARNB/6165/index.m3u8,95
1759204937,10,Adult Time,http://rhsbjv7k.tvclub.xyz/iptv/X3SB52VH9P584RLVQNY5ARNB/6166/index.m3u8,97
1759204954,11,Red TV Anal,http://rhsbjv7k.tvclub.xyz/iptv/X3SB52VH9P584RLVQNY5ARNB/6167/index.m3u8,98
1759204958,11,Analized HD,http://rhsbjv7k.tvclub.xyz/iptv/X3SB52VH9P584RLVQNY5ARNB/6168/index.m3u8,98
1759204962,12,Babes.com HD,http://rhsbjv7k.tvclub.xyz/iptv/X3SB52VH9P584RLVQNY5ARNB/6171/index.m3u8,99
1759205018,5,Babes,http://rhsbjv7k.tvclub.xyz/iptv/X3SB52VH9P584RLVQNY5ARNB/6172/index.m3u8,91
1759205023,12,Bang Bros HD,http://rhsbjv7k.tvclub.xyz/iptv/X3SB52VH9P584RLVQNY5ARNB/6173/index.m3u8,99
1759205029,5,Bang!,http://rhsbjv7k.tvclub.xyz/iptv/X3SB52VH9P584RLVQNY5ARNB/6174/index.m3u8,91
1759205031,14,Red TV Big Ass,http://rhsbjv7k.tvclub.xyz/iptv/X3SB52VH9P584RLVQNY5ARNB/6175/index.m3u8,101
1759205034,15,Red TV Big Dick,http://rhsbjv7k.tvclub.xyz/iptv/X3SB52VH9P584RLVQNY5ARNB/6176/index.m3u8,102
1759205037,15,Red TV Big Tits,http://rhsbjv7k.tvclub.xyz/iptv/X3SB52VH9P584RLVQNY5ARNB/6177/index.m3u8,102
1759205039,10,Blacked HD,http://rhsbjv7k.tvclub.xyz/iptv/X3SB52VH9P584RLVQNY5ARNB/6178/index.m3u8,97
1759205049,14,Red TV Blowjob,http://rhsbjv7k.tvclub.xyz/iptv/X3SB52VH9P584RLVQNY5ARNB/6180/index.m3u8,101
1759205051,15,Brazzers eXXtra,http://rhsbjv7k.tvclub.xyz/iptv/X3SB52VH9P584RLVQNY5ARNB/6181/index.m3u8,102
1759205055,11,Brazzers HD,http://rhsbjv7k.tvclub.xyz/iptv/X3SB52VH9P584RLVQNY5ARNB/6182/index.m3u8,98
1759205058,15,Red TV Brunette,http://rhsbjv7k.tvclub.xyz/iptv/X3SB52VH9P584RLVQNY5ARNB/6183/index.m3u8,102
1759205060,12,Cherry Pimps,http://rhsbjv7k.tvclub.xyz/iptv/X3SB52VH9P584RLVQNY5ARNB/6185/index.m3u8,99
1759205451,19,Club Sweethearts HD,http://rhsbjv7k.tvclub.xyz/iptv/X3SB52VH9P584RLVQNY5ARNB/6186/index.m3u8,106
1759205644,18,Red TV Compilation,http://rhsbjv7k.tvclub.xyz/iptv/X3SB52VH9P584RLVQNY5ARNB/6187/index.m3u8,105
1759205647,14,Red TV Cuckold,http://rhsbjv7k.tvclub.xyz/iptv/X3SB52VH9P584RLVQNY5ARNB/6188/index.m3u8,101
1759205649,10,Cum Louder,http://rhsbjv7k.tvclub.xyz/iptv/X3SB52VH9P584RLVQNY5ARNB/6189/index.m3u8,97
1759206024,13,Daughter Swap,http://rhsbjv7k.tvclub.xyz/iptv/X3SB52VH9P584RLVQNY5ARNB/6191/index.m3u8,100
1759206027,19,Day with a Pornstar,http://rhsbjv7k.tvclub.xyz/iptv/X3SB52VH9P584RLVQNY5ARNB/6192/index.m3u8,106
1759206030,9,DDF Busty,http://rhsbjv7k.tvclub.xyz/iptv/X3SB52VH9P584RLVQNY5ARNB/6193/index.m3u8,95
1759206037,11,DDF Network,http://rhsbjv7k.tvclub.xyz/iptv/X3SB52VH9P584RLVQNY5ARNB/6194/index.m3u8,98
1759206048,17,Digital Desire HD,http://rhsbjv7k.tvclub.xyz/iptv/X3SB52VH9P584RLVQNY5ARNB/6195/index.m3u8,104
1759206053,21,Digital Playground HD,http://rhsbjv7k.tvclub.xyz/iptv/X3SB52VH9P584RLVQNY5ARNB/6196/index.m3u8,108
1759206409,11,Dorcel Club,http://rhsbjv7k.tvclub.xyz/iptv/X3SB52VH9P584RLVQNY5ARNB/6197/index.m3u8,98
1759206419,11,Porn Angels,http://rhsbjv7k.tvclub.xyz/iptv/X3SB52VH9P584RLVQNY5ARNB/6198/index.m3u8,98
1759206423,13,Evil Angel HD,http://rhsbjv7k.tvclub.xyz/iptv/X3SB52VH9P584RLVQNY5ARNB/6199/index.m3u8,100
1759206426,14,Evolved Fights,http://rhsbjv7k.tvclub.xyz/iptv/X3SB52VH9P584RLVQNY5ARNB/6200/index.m3u8,101
1759206434,12,Fake Taxi HD,http://rhsbjv7k.tvclub.xyz/iptv/X3SB52VH9P584RLVQNY5ARNB/6202/index.m3u8,99
1759206558,18,Fap TV Compilation,http://rhsbjv7k.tvclub.xyz/iptv/X3SB52VH9P584RLVQNY5ARNB/6208/index.m3u8,105
1759206656,6,FemJoy,http://rhsbjv7k.tvclub.xyz/iptv/X3SB52VH9P584RLVQNY5ARNB/6212/index.m3u8,92
1759206720,13,Red TV Fetish,http://rhsbjv7k.tvclub.xyz/iptv/X3SB52VH9P584RLVQNY5ARNB/6213/index.m3u8,100
1759206723,15,Red TV Gangbang,http://rhsbjv7k.tvclub.xyz/iptv/X3SB52VH9P584RLVQNY5ARNB/6214/index.m3u8,102
1759206732,10,Red TV Gay,http://rhsbjv7k.tvclub.xyz/iptv/X3SB52VH9P584RLVQNY5ARNB/6215/index.m3u8,97
1759206735,8,Got MYLF,http://rhsbjv7k.tvclub.xyz/iptv/X3SB52VH9P584RLVQNY5ARNB/6216/index.m3u8,94
1759206750,21,DDF Hands on Hardcore,http://rhsbjv7k.tvclub.xyz/iptv/X3SB52VH9P584RLVQNY5ARNB/6217/index.m3u8,108
1759206766,6,Hard X,http://rhsbjv7k.tvclub.xyz/iptv/X3SB52VH9P584RLVQNY5ARNB/6218/index.m3u8,92
1759206768,15,Red TV Hardcore,http://rhsbjv7k.tvclub.xyz/iptv/X3SB52VH9P584RLVQNY5ARNB/6219/index.m3u8,102
1759206775,12,Hitzefrei HD,http://rhsbjv7k.tvclub.xyz/iptv/X3SB52VH9P584RLVQNY5ARNB/6220/index.m3u8,99
1759206778,5,Holed,http://rhsbjv7k.tvclub.xyz/iptv/X3SB52VH9P584RLVQNY5ARNB/6221/index.m3u8,91
1759206781,12,Hot and Mean,http://rhsbjv7k.tvclub.xyz/iptv/X3SB52VH9P584RLVQNY5ARNB/6222/index.m3u8,99
1759206788,13,Hot Guys Fuck,http://rhsbjv7k.tvclub.xyz/iptv/X3SB52VH9P584RLVQNY5ARNB/6223/index.m3u8,100
1759206889,18,Red TV Interracial,http://rhsbjv7k.tvclub.xyz/iptv/X3SB52VH9P584RLVQNY5ARNB/6224/index.m3u8,105
1759206892,9,Japan HDV,http://rhsbjv7k.tvclub.xyz/iptv/X3SB52VH9P584RLVQNY5ARNB/6225/index.m3u8,95
1759206898,13,Red TV Latina,http://rhsbjv7k.tvclub.xyz/iptv/X3SB52VH9P584RLVQNY5ARNB/6226/index.m3u8,100
1759206901,6,Lesbea,http://rhsbjv7k.tvclub.xyz/iptv/X3SB52VH9P584RLVQNY5ARNB/6227/index.m3u8,92
1759206906,14,Red TV Lesbian,http://rhsbjv7k.tvclub.xyz/iptv/X3SB52VH9P584RLVQNY5ARNB/6228/index.m3u8,101
1759206909,15,Lethal Hardcore,http://rhsbjv7k.tvclub.xyz/iptv/X3SB52VH9P584RLVQNY5ARNB/6229/index.m3u8,102
1759207154,16,Little Asians HD,http://rhsbjv7k.tvclub.xyz/iptv/X3SB52VH9P584RLVQNY5ARNB/6230/index.m3u8,103
1759207243,16,Red TV Live Cams,http://rhsbjv7k.tvclub.xyz/iptv/X3SB52VH9P584RLVQNY5ARNB/6231/index.m3u8,103
1759207251,11,Lust Cinema,http://rhsbjv7k.tvclub.xyz/iptv/X3SB52VH9P584RLVQNY5ARNB/6232/index.m3u8,98
1759207253,9,MetArt HD,http://rhsbjv7k.tvclub.xyz/iptv/X3SB52VH9P584RLVQNY5ARNB/6233/index.m3u8,95
1759207383,11,Red TV Milf,http://rhsbjv7k.tvclub.xyz/iptv/X3SB52VH9P584RLVQNY5ARNB/6234/index.m3u8,98
1759207387,16,Monsters of Cock,http://rhsbjv7k.tvclub.xyz/iptv/X3SB52VH9P584RLVQNY5ARNB/6235/index.m3u8,103
1759207616,10,MYLF TV HD,http://rhsbjv7k.tvclub.xyz/iptv/X3SB52VH9P584RLVQNY5ARNB/6236/index.m3u8,97
1759207718,15,Naughty America,http://rhsbjv7k.tvclub.xyz/iptv/X3SB52VH9P584RLVQNY5ARNB/6237/index.m3u8,102
1759207899,13,Nubiles TV HD,http://rhsbjv7k.tvclub.xyz/iptv/X3SB52VH9P584RLVQNY5ARNB/6238/index.m3u8,100
1759208263,13,Pink Erotic 3,http://rhsbjv7k.tvclub.xyz/iptv/X3SB52VH9P584RLVQNY5ARNB/6240/index.m3u8,100
1759208272,13,Pink Erotic 4,http://rhsbjv7k.tvclub.xyz/iptv/X3SB52VH9P584RLVQNY5ARNB/6241/index.m3u8,100
1759208276,12,Playboy Plus,http://rhsbjv7k.tvclub.xyz/iptv/X3SB52VH9P584RLVQNY5ARNB/6242/index.m3u8,99
1759208457,,,http://rhsbjv7k.tvclub.xyz/iptv/X3SB52VH9P584RLVQNY5ARNB/6242/index.m3u8,85
1759208522,,,http://rhsbjv7k.tvclub.xyz/iptv/X3SB52VH9P584RLVQNY5ARNB/6242/index.m3u8,85
1759208579,,,http://rhsbjv7k.tvclub.xyz/iptv/X3SB52VH9P584RLVQNY5ARNB/6242/index.m3u8,85
1759208658,,,http://rhsbjv7k.tvclub.xyz/iptv/X3SB52VH9P584RLVQNY5ARNB/6242/index.m3u8,85
1759208687,,,http://rhsbjv7k.tvclub.xyz/iptv/X3SB52VH9P584RLVQNY5ARNB/6243/index.m3u8,85
1759208691,,,http://rhsbjv7k.tvclub.xyz/iptv/X3SB52VH9P584RLVQNY5ARNB/6244/index.m3u8,85
1759208694,,,http://rhsbjv7k.tvclub.xyz/iptv/X3SB52VH9P584RLVQNY5ARNB/6245/index.m3u8,85
1759208847,,,http://rhsbjv7k.tvclub.xyz/iptv/X3SB52VH9P584RLVQNY5ARNB/6246/index.m3u8,85
1759208850,,,http://rhsbjv7k.tvclub.xyz/iptv/X3SB52VH9P584RLVQNY5ARNB/6247/index.m3u8,85
1759208853,,,http://rhsbjv7k.tvclub.xyz/iptv/X3SB52VH9P584RLVQNY5ARNB/6248/index.m3u8,85
1759208857,,,http://rhsbjv7k.tvclub.xyz/iptv/X3SB52VH9P584RLVQNY5ARNB/6249/index.m3u8,85
1759208860,,,http://rhsbjv7k.tvclub.xyz/iptv/X3SB52VH9P584RLVQNY5ARNB/6250/index.m3u8,85
1759208861,,,http://rhsbjv7k.tvclub.xyz/iptv/X3SB52VH9P584RLVQNY5ARNB/6251/index.m3u8,85
1759208865,,,http://rhsbjv7k.tvclub.xyz/iptv/X3SB52VH9P584RLVQNY5ARNB/6252/index.m3u8,85
1759208867,,,http://rhsbjv7k.tvclub.xyz/iptv/X3SB52VH9P584RLVQNY5ARNB/6253/index.m3u8,85
1759208869,,,http://rhsbjv7k.tvclub.xyz/iptv/X3SB52VH9P584RLVQNY5ARNB/6255/index.m3u8,85
1759208871,,,http://rhsbjv7k.tvclub.xyz/iptv/X3SB52VH9P584RLVQNY5ARNB/6256/index.m3u8,85
1759208875,,,http://rhsbjv7k.tvclub.xyz/iptv/X3SB52VH9P584RLVQNY5ARNB/6257/index.m3u8,85
1759208877,,,http://rhsbjv7k.tvclub.xyz/iptv/X3SB52VH9P584RLVQNY5ARNB/6258/index.m3u8,85
1759209093,,,http://rhsbjv7k.tvclub.xyz/iptv/X3SB52VH9P584RLVQNY5ARNB/6259/index.m3u8,85
1759209096,,,http://rhsbjv7k.tvclub.xyz/iptv/X3SB52VH9P584RLVQNY5ARNB/6260/index.m3u8,85
1759209219,,,http://rhsbjv7k.tvclub.xyz/iptv/X3SB52VH9P584RLVQNY5ARNB/6260/index.m3u8,85
1759209307,,,http://rhsbjv7k.tvclub.xyz/iptv/X3SB52VH9P584RLVQNY5ARNB/6260/index.m3u8,85
1759209379,,,http://rhsbjv7k.tvclub.xyz/iptv/X3SB52VH9P584RLVQNY5ARNB/6260/index.m3u8,85
1759209440,,,http://rhsbjv7k.tvclub.xyz/iptv/X3SB52VH9P584RLVQNY5ARNB/6260/index.m3u8,85
1759209628,13,True Amateurs,http://rhsbjv7k.tvclub.xyz/iptv/X3SB52VH9P584RLVQNY5ARNB/6260/index.m3u8,100
1759214044,138,Мурашки от этой песни! Душу рвет! Послушайте! НЕЗНАКОМКА Вячеслав Сидоренко,https://youtu.be/SSFGmtdEtms?si=K3xCBV4meHpOR8uM,202
1759214234,138,Мурашки от этой песни! Душу рвет! Послушайте! НЕЗНАКОМКА Вячеслав Сидоренко,https://youtu.be/SSFGmtdEtms?si=K3xCBV4meHpOR8uM,202
1759214293,139,По битому стеклу - Мужской крик души. Песня, которая пробирает до мурашек (2025),https://youtu.be/YbwwyY9n2PI?si=DezPp6umkTOYfcDF,203
1759214326,138,Мурашки от этой песни! Душу рвет! Послушайте! НЕЗНАКОМКА Вячеслав Сидоренко,https://www.youtube.com/watch?v=SSFGmtdEtms,197
1759214343,138,Мурашки от этой песни! Душу рвет! Послушайте! НЕЗНАКОМКА Вячеслав Сидоренко,https://www.youtube.com/watch?v=SSFGmtdEtms,197
1759214603,16,Paramount Comedy,http://127.0.0.1:6878/ace/getstream?id=5680521f0e507f2c6f55f3de8dd79351615116c5,110
1759214641,16,Paramount Comedy,http://127.0.0.1:6878/ace/getstream?id=5680521f0e507f2c6f55f3de8dd79351615116c5,110
1759214652,12,Hollywood HD,http://127.0.0.1:6878/ace/getstream?id=3cacfef48b11ea2a81282c4b49b3eac4d7cce501,106
1759214668,43,Furiosa: A Mad Max Saga (2024) from seleZen,/home/safe/Furiosa.A.Mad.Max.Saga.2024.BDREMUX.2160p.HDR.DVP7.seleZen.mkv,131
1759214675,12,Hollywood HD,http://127.0.0.1:6878/ace/getstream?id=3cacfef48b11ea2a81282c4b49b3eac4d7cce501,106
1759214875,13,True Amateurs,http://rhsbjv7k.tvclub.xyz/iptv/X3SB52VH9P584RLVQNY5ARNB/6260/index.m3u8,100
1759215050,24,Sky Sports News HD 50 UK,http://rhsbjv7k.tvclub.xyz/iptv/X3SB52VH9P584RLVQNY5ARNB/9314/index.m3u8,111
1759215076,13,True Amateurs,http://rhsbjv7k.tvclub.xyz/iptv/X3SB52VH9P584RLVQNY5ARNB/6260/index.m3u8,100
1759215082,8,Tushy HD,http://rhsbjv7k.tvclub.xyz/iptv/X3SB52VH9P584RLVQNY5ARNB/6261/index.m3u8,94
1759215089,12,Tushy RAW HD,http://rhsbjv7k.tvclub.xyz/iptv/X3SB52VH9P584RLVQNY5ARNB/6262/index.m3u8,99
1759215102,24,Sky Sports News HD 50 UK,http://rhsbjv7k.tvclub.xyz/iptv/X3SB52VH9P584RLVQNY5ARNB/9314/index.m3u8,111
1759215107,33,Экоспаскоми (Коми),http://rhsbjv7k.tvclub.xyz/iptv/X3SB52VH9P584RLVQNY5ARNB/17018/index.m3u8,121
1759215110,16,Крик ТВ HD,http://rhsbjv7k.tvclub.xyz/iptv/X3SB52VH9P584RLVQNY5ARNB/15012/index.m3u8,104
1759215190,138,Мурашки от этой песни! Душу рвет! Послушайте! НЕЗНАКОМКА Вячеслав Сидоренко,https://www.youtube.com/watch?v=SSFGmtdEtms,197
1759215197,139,По битому стеклу - Мужской крик души. Песня, которая пробирает до мурашек (2025),https://youtu.be/YbwwyY9n2PI?si=DezPp6umkTOYfcDF,203
1759215266,138,Мурашки от этой песни! Душу рвет! Послушайте! НЕЗНАКОМКА Вячеслав Сидоренко,https://www.youtube.com/watch?v=SSFGmtdEtms,197
1759219520,,,/mnt/sdd/`Test/[SUHD_HDR]Chasing_the_Light.ts,58
1759220044,25,Victoria.nova.hardcore.4k,https://vkvideo.ru/video-226828199_456239995,84
1759220209,12,Tushy RAW HD,http://rhsbjv7k.tvclub.xyz/iptv/X3SB52VH9P584RLVQNY5ARNB/6262/index.m3u8,99
1759220214,10,Visit-X TV,http://rhsbjv7k.tvclub.xyz/iptv/X3SB52VH9P584RLVQNY5ARNB/6263/index.m3u8,97
1759257758,,,http://127.0.0.1:9118/proxy/a7743795be4a684d495be936be0d407b.m3u8,78
1759258688,84,Дэдпул и Росомаха / Deadpool & Wolverine (2024) от stillet@MegaPeer,https://api.lampa.stream/on/play/0f79e6eb1fbc85077bd83595240e819683c8e69d5ed83fae60ee5f3cb266857e4a1f9174af4c4b9a371ba59846b4ce71a75f3c20cc5d334d69e46d2fb6e86ca983752634341f91c25cbaefed6085311d34dd11026af6a178c33b96cf34d8423896d6b1729310928a1ff33ddcc48ad994b6ef6463babff3c0550f340ebcbf1cb56100f7350fa45179a1507d68c90abf52cdcbbc0ee05b35f8c2cedeb75c06d99038b0267011a0f8a02b6bee896479944377b443e9a39afb3c3b3966c6091f21f2eca50461e4a65cbb3f7a14c2b1ee9d22f2f7ede0dbb26e1a06af80d397fbcddbf5131eebf7e8586748599401423e1a980b2e0a4aa80f1a29c2d7e62a0437b6ae44ceb6a315f4a6804245430d0ff31710cf9505a1363f161b668a0edcd4d7d61ff8605b2a49ecb361a6dd7a74c6b4efff.mp4,744
1759258851,,,http://127.0.0.1:8090/stream/Deadpool.and.Wolverine.2024.D.BDRip.1.46Gb.MegaPeer.avi?link=754ed0ad3747d8fb46d8795e2f23c8771523bd0a&index=1&play,156
1759267595,,,https://image-resizing.sisi.am/proxyimg/aW3OqNtoYpfcl4S+UDk+UAYLmhGckQFKzIkXiDtdwIvaoGucrGishVIoYREexzUYKRAyVr3BosFX12AbD87uBtDH40CpFYCkJxevOoKc5Zg6Dbbp/5y6hDdeBPHj8uOn.jpg,185
1759267733,,,https://video.mvapspdmpg.com/movies/files/episodes/575759/aWQ9MjU5NTkwNDs1MjM4NTIwODM7Mjk1MjA1OTI7MTA1MzY4ODsxNzM1OTY1NDUwJmg9QXpFRXVkTjhsUlBOSUZuS3p0dkVmdyZlPTE3MzYwNTE4NTA/1053688.m3u8,199
1759328659,,,http://rhsbjv7k.tvclub.xyz/iptv/X3SB52VH9P584RLVQNY5ARNB/20219/index.m3u8,86
1759328663,23,VF Граиндхаус,http://rhsbjv7k.tvclub.xyz/iptv/X3SB52VH9P584RLVQNY5ARNB/14158/index.m3u8,111
1759328667,7,Playboy,http://rhsbjv7k.tvclub.xyz/iptv/X3SB52VH9P584RLVQNY5ARNB/527/index.m3u8,92
1759328673,11,Eromania 4K,http://rhsbjv7k.tvclub.xyz/iptv/X3SB52VH9P584RLVQNY5ARNB/10049/index.m3u8,99
1759328680,18,Extasy Platinum 4K,http://rhsbjv7k.tvclub.xyz/iptv/X3SB52VH9P584RLVQNY5ARNB/5014/index.m3u8,105
1759328715,6,Tiny4K,http://rhsbjv7k.tvclub.xyz/iptv/X3SB52VH9P584RLVQNY5ARNB/6258/index.m3u8,92
1759328725,9,Cum4k UHD,http://rhsbjv7k.tvclub.xyz/iptv/X3SB52VH9P584RLVQNY5ARNB/12157/index.m3u8,96
1759328734,7,Anal 4K,http://rhsbjv7k.tvclub.xyz/iptv/X3SB52VH9P584RLVQNY5ARNB/12190/index.m3u8,94
1759328741,9,Exotic 4k,http://rhsbjv7k.tvclub.xyz/iptv/X3SB52VH9P584RLVQNY5ARNB/12107/index.m3u8,96
1759328749,9,Erotica X,http://rhsbjv7k.tvclub.xyz/iptv/X3SB52VH9P584RLVQNY5ARNB/12109/index.m3u8,96
1759328759,21,Brazzers TV Europe HD,http://rhsbjv7k.tvclub.xyz/iptv/X3SB52VH9P584RLVQNY5ARNB/12113/index.m3u8,109
1759328766,8,SuperOne,http://rhsbjv7k.tvclub.xyz/iptv/X3SB52VH9P584RLVQNY5ARNB/12121/index.m3u8,95
1759333951,8,SuperOne,http://rhsbjv7k.tvclub.xyz/iptv/X3SB52VH9P584RLVQNY5ARNB/12121/index.m3u8,95
1759334303,16,Dirty Wives Club,http://rhsbjv7k.tvclub.xyz/iptv/X3SB52VH9P584RLVQNY5ARNB/12122/index.m3u8,104
1759334309,12,French Lover,http://rhsbjv7k.tvclub.xyz/iptv/X3SB52VH9P584RLVQNY5ARNB/12124/index.m3u8,100
1759334320,18,Meiden Van Holland,http://rhsbjv7k.tvclub.xyz/iptv/X3SB52VH9P584RLVQNY5ARNB/12125/index.m3u8,106
1759334323,13,Dirty Masseur,http://rhsbjv7k.tvclub.xyz/iptv/X3SB52VH9P584RLVQNY5ARNB/12128/index.m3u8,101
1759334676,10,Dirty Flix,http://rhsbjv7k.tvclub.xyz/iptv/X3SB52VH9P584RLVQNY5ARNB/12130/index.m3u8,98
1759334680,9,Dorcel TV,http://rhsbjv7k.tvclub.xyz/iptv/X3SB52VH9P584RLVQNY5ARNB/12131/index.m3u8,96
1759334862,15,Kinky Family HD,http://rhsbjv7k.tvclub.xyz/iptv/X3SB52VH9P584RLVQNY5ARNB/12133/index.m3u8,103
1759334867,10,Playboy LA,http://rhsbjv7k.tvclub.xyz/iptv/X3SB52VH9P584RLVQNY5ARNB/12135/index.m3u8,98
1759334873,13,Passie XXX TV,http://rhsbjv7k.tvclub.xyz/iptv/X3SB52VH9P584RLVQNY5ARNB/12136/index.m3u8,101
1759334877,14,Devils Film HD,http://rhsbjv7k.tvclub.xyz/iptv/X3SB52VH9P584RLVQNY5ARNB/12137/index.m3u8,102
1759334881,18,Deep Throat Sirens,http://rhsbjv7k.tvclub.xyz/iptv/X3SB52VH9P584RLVQNY5ARNB/12138/index.m3u8,106
1759334891,9,Deep Lush,http://rhsbjv7k.tvclub.xyz/iptv/X3SB52VH9P584RLVQNY5ARNB/12139/index.m3u8,96
1759334898,6,Dark X,http://rhsbjv7k.tvclub.xyz/iptv/X3SB52VH9P584RLVQNY5ARNB/12140/index.m3u8,93
1759334901,18,Veraporn Group Sex,http://rhsbjv7k.tvclub.xyz/iptv/X3SB52VH9P584RLVQNY5ARNB/12141/index.m3u8,106
1759334906,20,Veraporn Group Sex 2,http://rhsbjv7k.tvclub.xyz/iptv/X3SB52VH9P584RLVQNY5ARNB/12142/index.m3u8,108
1759334912,10,Dane Jones,http://rhsbjv7k.tvclub.xyz/iptv/X3SB52VH9P584RLVQNY5ARNB/12143/index.m3u8,98
1759340079,10,Dane Jones,http://rhsbjv7k.tvclub.xyz/iptv/X3SB52VH9P584RLVQNY5ARNB/12143/index.m3u8,98
1759340093,12,Dancing Bear,http://rhsbjv7k.tvclub.xyz/iptv/X3SB52VH9P584RLVQNY5ARNB/12144/index.m3u8,100
1759340098,16,Pink Erotic 1 HD,http://rhsbjv7k.tvclub.xyz/iptv/X3SB52VH9P584RLVQNY5ARNB/12146/index.m3u8,104
1759340102,16,Pink Erotic 2 HD,http://rhsbjv7k.tvclub.xyz/iptv/X3SB52VH9P584RLVQNY5ARNB/12147/index.m3u8,104
1759340106,16,Pink Erotic 3 HD,http://rhsbjv7k.tvclub.xyz/iptv/X3SB52VH9P584RLVQNY5ARNB/12148/index.m3u8,104
1759340110,16,Pink Erotic 4 HD,http://rhsbjv7k.tvclub.xyz/iptv/X3SB52VH9P584RLVQNY5ARNB/12149/index.m3u8,104
1759340112,16,Pink Erotic 5 HD,http://rhsbjv7k.tvclub.xyz/iptv/X3SB52VH9P584RLVQNY5ARNB/12150/index.m3u8,104
1759340118,16,Pink Erotic 6 HD,http://rhsbjv7k.tvclub.xyz/iptv/X3SB52VH9P584RLVQNY5ARNB/12151/index.m3u8,104
1759340126,16,Pink Erotic 7 HD,http://rhsbjv7k.tvclub.xyz/iptv/X3SB52VH9P584RLVQNY5ARNB/12152/index.m3u8,104
1759340154,16,Pink Erotic 8 HD,http://rhsbjv7k.tvclub.xyz/iptv/X3SB52VH9P584RLVQNY5ARNB/12153/index.m3u8,104
1759340160,11,Family Swap,http://rhsbjv7k.tvclub.xyz/iptv/X3SB52VH9P584RLVQNY5ARNB/12155/index.m3u8,99
1759340167,14,Family Strokes,http://rhsbjv7k.tvclub.xyz/iptv/X3SB52VH9P584RLVQNY5ARNB/12156/index.m3u8,102
1759340170,9,Cum4k UHD,http://rhsbjv7k.tvclub.xyz/iptv/X3SB52VH9P584RLVQNY5ARNB/12157/index.m3u8,96
1759340174,14,Cum Perfection,http://rhsbjv7k.tvclub.xyz/iptv/X3SB52VH9P584RLVQNY5ARNB/12158/index.m3u8,102
1759340178,10,MetArt FHD,http://rhsbjv7k.tvclub.xyz/iptv/X3SB52VH9P584RLVQNY5ARNB/12160/index.m3u8,98
1759340567,10,Bratty Sis,http://rhsbjv7k.tvclub.xyz/iptv/X3SB52VH9P584RLVQNY5ARNB/12161/index.m3u8,98
1759340575,18,Brand New Amateurs,http://rhsbjv7k.tvclub.xyz/iptv/X3SB52VH9P584RLVQNY5ARNB/12162/index.m3u8,106
1759340578,10,Beate Uhse,http://rhsbjv7k.tvclub.xyz/iptv/X3SB52VH9P584RLVQNY5ARNB/12163/index.m3u8,98
1759340581,7,BBC Pie,http://rhsbjv7k.tvclub.xyz/iptv/X3SB52VH9P584RLVQNY5ARNB/12164/index.m3u8,94
1759340594,15,Barely Legal TV,http://rhsbjv7k.tvclub.xyz/iptv/X3SB52VH9P584RLVQNY5ARNB/12165/index.m3u8,103
1759341448,15,Barely Legal TV,http://rhsbjv7k.tvclub.xyz/iptv/X3SB52VH9P584RLVQNY5ARNB/12165/index.m3u8,103
1759342845,8,Bang POV,http://rhsbjv7k.tvclub.xyz/iptv/X3SB52VH9P584RLVQNY5ARNB/12166/index.m3u8,95
1759342852,8,Bang Bus,http://rhsbjv7k.tvclub.xyz/iptv/X3SB52VH9P584RLVQNY5ARNB/12167/index.m3u8,95
1759342874,12,Banana Fever,http://rhsbjv7k.tvclub.xyz/iptv/X3SB52VH9P584RLVQNY5ARNB/12168/index.m3u8,100
1759342876,13,Asshole Fever,http://rhsbjv7k.tvclub.xyz/iptv/X3SB52VH9P584RLVQNY5ARNB/12169/index.m3u8,101
1759342880,10,Ass Parade,http://rhsbjv7k.tvclub.xyz/iptv/X3SB52VH9P584RLVQNY5ARNB/12178/index.m3u8,98
1759342883,9,Anal Time,http://rhsbjv7k.tvclub.xyz/iptv/X3SB52VH9P584RLVQNY5ARNB/12181/index.m3u8,96
1759342886,16,Anal Teen Angels,http://rhsbjv7k.tvclub.xyz/iptv/X3SB52VH9P584RLVQNY5ARNB/12183/index.m3u8,104
1759342889,9,Anal Only,http://rhsbjv7k.tvclub.xyz/iptv/X3SB52VH9P584RLVQNY5ARNB/12184/index.m3u8,96
1759342893,12,Hot Wife XXX,http://rhsbjv7k.tvclub.xyz/iptv/X3SB52VH9P584RLVQNY5ARNB/12187/index.m3u8,100
1759342921,5,Tushy,http://rhsbjv7k.tvclub.xyz/iptv/X3SB52VH9P584RLVQNY5ARNB/12188/index.m3u8,92
1759352916,5,Tushy,http://rhsbjv7k.tvclub.xyz/iptv/X3SB52VH9P584RLVQNY5ARNB/12188/index.m3u8,92
1759352930,8,Anal Mom,http://rhsbjv7k.tvclub.xyz/iptv/X3SB52VH9P584RLVQNY5ARNB/12189/index.m3u8,95
1759352933,7,Anal 4K,http://rhsbjv7k.tvclub.xyz/iptv/X3SB52VH9P584RLVQNY5ARNB/12190/index.m3u8,94
1759352936,13,Amateur Boxxx,http://rhsbjv7k.tvclub.xyz/iptv/X3SB52VH9P584RLVQNY5ARNB/12191/index.m3u8,101
1759352949,8,All Anal,http://rhsbjv7k.tvclub.xyz/iptv/X3SB52VH9P584RLVQNY5ARNB/12192/index.m3u8,95
1759352951,11,Alex Legend,http://rhsbjv7k.tvclub.xyz/iptv/X3SB52VH9P584RLVQNY5ARNB/12193/index.m3u8,99
1759352955,13,Alba XXX 2 HD,http://rhsbjv7k.tvclub.xyz/iptv/X3SB52VH9P584RLVQNY5ARNB/12194/index.m3u8,101
1759352958,13,Alba XXX 1 HD,http://rhsbjv7k.tvclub.xyz/iptv/X3SB52VH9P584RLVQNY5ARNB/12204/index.m3u8,101
1759352960,10,21 Sextury,http://rhsbjv7k.tvclub.xyz/iptv/X3SB52VH9P584RLVQNY5ARNB/12205/index.m3u8,98
1759352976,19,XXX Love's Berry HD,http://rhsbjv7k.tvclub.xyz/iptv/X3SB52VH9P584RLVQNY5ARNB/14140/index.m3u8,107
1759352979,13,Yosso TV Sexy,http://rhsbjv7k.tvclub.xyz/iptv/X3SB52VH9P584RLVQNY5ARNB/14176/index.m3u8,101
1759352984,26,Liberty Эротика FHD,http://rhsbjv7k.tvclub.xyz/iptv/X3SB52VH9P584RLVQNY5ARNB/16069/index.m3u8,114
1759352988,17,Kinoshka Adult HD,http://rhsbjv7k.tvclub.xyz/iptv/X3SB52VH9P584RLVQNY5ARNB/18060/index.m3u8,105
1759352990,23,Tviksel Кино 18+ HD,http://rhsbjv7k.tvclub.xyz/iptv/X3SB52VH9P584RLVQNY5ARNB/18075/index.m3u8,111
1759352992,34,Tviksel Кино 18+ International,http://rhsbjv7k.tvclub.xyz/iptv/X3SB52VH9P584RLVQNY5ARNB/18076/index.m3u8,122
1759352996,12,BCU Charm HD,http://rhsbjv7k.tvclub.xyz/iptv/X3SB52VH9P584RLVQNY5ARNB/18053/index.m3u8,100
1759352998,14,CineMan ExExEx,http://rhsbjv7k.tvclub.xyz/iptv/X3SB52VH9P584RLVQNY5ARNB/20089/index.m3u8,102
1759353001,18,CineMan ExExEx TWO,http://rhsbjv7k.tvclub.xyz/iptv/X3SB52VH9P584RLVQNY5ARNB/20090/index.m3u8,106
1759353004,19,StrahTV Adult TV HD,http://rhsbjv7k.tvclub.xyz/iptv/X3SB52VH9P584RLVQNY5ARNB/31707/index.m3u8,107
1759353008,22,StrahTV PlayBoyz TV HD,http://rhsbjv7k.tvclub.xyz/iptv/X3SB52VH9P584RLVQNY5ARNB/31709/index.m3u8,110
1759353014,22,StrahTV Ню Арт HD,http://rhsbjv7k.tvclub.xyz/iptv/X3SB52VH9P584RLVQNY5ARNB/31716/index.m3u8,110
1759353032,15,Barely Legal TV,http://rhsbjv7k.tvclub.xyz/iptv/X3SB52VH9P584RLVQNY5ARNB/12165/index.m3u8,103
1759353035,7,BBC Pie,http://rhsbjv7k.tvclub.xyz/iptv/X3SB52VH9P584RLVQNY5ARNB/12164/index.m3u8,94
1759417891,22, Sky Sports Cricket HD,http://127.0.0.1:6878/ace/getstream?id=6d95e4b0893e155cc674b84e0763150c445d3ddd&.mp4,121
1759417909,12,Hollywood HD,http://127.0.0.1:6878/ace/getstream?id=3cacfef48b11ea2a81282c4b49b3eac4d7cce501,106
1759418071,12,Hollywood HD,http://127.0.0.1:6878/ace/getstream?id=3cacfef48b11ea2a81282c4b49b3eac4d7cce501,106
1759418647,11,Fox Life HD,http://127.0.0.1:6878/ace/getstream?id=36bd5c1fdf09e5e92aa68cc642ae2d4db6694526,105
1759418830,12,Hollywood HD,http://127.0.0.1:6878/ace/getstream?id=3cacfef48b11ea2a81282c4b49b3eac4d7cce501,106
1759422572,138,Я научу тебя делать топовые видео для Reels за 15 МИНУТ | и зарабатывать на этом!,https://vkvideo.ru/video-58048948_456250157?q=%D0%B2%D0%B8%D0%B4%D0%B5%D0%BE&section=people,245
1759422586,138,Я научу тебя делать топовые видео для Reels за 15 МИНУТ | и зарабатывать на этом!,https://vkvideo.ru/video-58048948_456250157?q=%D0%B2%D0%B8%D0%B4%D0%B5%D0%BE&section=people,245
1759423183,138,Мурашки от этой песни! Душу рвет! Послушайте! НЕЗНАКОМКА Вячеслав Сидоренко,https://www.youtube.com/watch?v=SSFGmtdEtms,197
1759423231,139,По битому стеклу - Мужской крик души. Песня, которая пробирает до мурашек (2025),https://youtu.be/YbwwyY9n2PI?si=DezPp6umkTOYfcDF,203
1759425180,138,Я научу тебя делать топовые видео для Reels за 15 МИНУТ | и зарабатывать на этом!,https://vkvideo.ru/video-58048948_456250157?q=%D0%B2%D0%B8%D0%B4%D0%B5%D0%BE&section=people,245
1759427818,51,Ricing Linux Has Never Been Easier | NixOS + Stylix,https://www.youtube.com/watch?v=ljHkWgBaQWU,109
1759428391,51,Ricing Linux Has Never Been Easier | NixOS + Stylix,https://www.youtube.com/watch?v=ljHkWgBaQWU,109
1759428478,51,Ricing Linux Has Never Been Easier | NixOS + Stylix,https://www.youtube.com/watch?v=ljHkWgBaQWU,109
1759428905,51,Ricing Linux Has Never Been Easier | NixOS + Stylix,https://www.youtube.com/watch?v=ljHkWgBaQWU,109
1759428996,7,BBC Pie,http://rhsbjv7k.tvclub.xyz/iptv/X3SB52VH9P584RLVQNY5ARNB/12164/index.m3u8,94
1759429005,15,Barely Legal TV,http://rhsbjv7k.tvclub.xyz/iptv/X3SB52VH9P584RLVQNY5ARNB/12165/index.m3u8,103
1759429066,8,Bang POV,http://rhsbjv7k.tvclub.xyz/iptv/X3SB52VH9P584RLVQNY5ARNB/12166/index.m3u8,95
1759429069,8,Bang Bus,http://rhsbjv7k.tvclub.xyz/iptv/X3SB52VH9P584RLVQNY5ARNB/12167/index.m3u8,95
1759429073,12,Banana Fever,http://rhsbjv7k.tvclub.xyz/iptv/X3SB52VH9P584RLVQNY5ARNB/12168/index.m3u8,100
1759429085,10,Ass Parade,http://rhsbjv7k.tvclub.xyz/iptv/X3SB52VH9P584RLVQNY5ARNB/12178/index.m3u8,98
1759429091,9,Anal Time,http://rhsbjv7k.tvclub.xyz/iptv/X3SB52VH9P584RLVQNY5ARNB/12181/index.m3u8,96
1759429745,51,Ricing Linux Has Never Been Easier | NixOS + Stylix,https://www.youtube.com/watch?v=ljHkWgBaQWU,109
1759430018,51,Ricing Linux Has Never Been Easier | NixOS + Stylix,https://www.youtube.com/watch?v=ljHkWgBaQWU,109
1759430063,51,Ricing Linux Has Never Been Easier | NixOS + Stylix,https://www.youtube.com/watch?v=ljHkWgBaQWU,109
1759430485,51,Ricing Linux Has Never Been Easier | NixOS + Stylix,https://www.youtube.com/watch?v=ljHkWgBaQWU,109
1759430636,51,Ricing Linux Has Never Been Easier | NixOS + Stylix,https://www.youtube.com/watch?v=ljHkWgBaQWU,109
1759431085,51,Ricing Linux Has Never Been Easier | NixOS + Stylix,https://www.youtube.com/watch?v=ljHkWgBaQWU,109
1759431116,42,Niri Is My New Favorite Wayland Compositor,https://www.youtube.com/watch?v=DeYx2exm04M,100
1759431336,42,Niri Is My New Favorite Wayland Compositor,https://www.youtube.com/watch?v=DeYx2exm04M,100
1759431357,118,Автоматическая смена IP без VPN - Анонимно и Бесплатно | Новый Метод,https://www.youtube.com/watch?v=balSiD6Xd7Y,177
1759431393,79,Создай свою ИИ модель — полное руководство,https://www.youtube.com/watch?v=attcCKU6Ts4,137
1759431459,79,Создай свою ИИ модель — полное руководство,https://www.youtube.com/watch?v=attcCKU6Ts4,137
1759431558,9,Anal Time,http://rhsbjv7k.tvclub.xyz/iptv/X3SB52VH9P584RLVQNY5ARNB/12181/index.m3u8,96
1759431621,75,скопировал + вставил = $59,571 на полном Г0ВНЕ,https://www.youtube.com/watch?v=C1kgOKDsRPE,133
1759433847,9,Anal Time,http://rhsbjv7k.tvclub.xyz/iptv/X3SB52VH9P584RLVQNY5ARNB/12181/index.m3u8,96
1759433851,16,Anal Teen Angels,http://rhsbjv7k.tvclub.xyz/iptv/X3SB52VH9P584RLVQNY5ARNB/12183/index.m3u8,104
1759433855,9,Anal Only,http://rhsbjv7k.tvclub.xyz/iptv/X3SB52VH9P584RLVQNY5ARNB/12184/index.m3u8,96
1759433857,12,Hot Wife XXX,http://rhsbjv7k.tvclub.xyz/iptv/X3SB52VH9P584RLVQNY5ARNB/12187/index.m3u8,100
1759433865,5,Tushy,http://rhsbjv7k.tvclub.xyz/iptv/X3SB52VH9P584RLVQNY5ARNB/12188/index.m3u8,92
1759433874,8,Anal Mom,http://rhsbjv7k.tvclub.xyz/iptv/X3SB52VH9P584RLVQNY5ARNB/12189/index.m3u8,95
1759433931,7,Anal 4K,http://rhsbjv7k.tvclub.xyz/iptv/X3SB52VH9P584RLVQNY5ARNB/12190/index.m3u8,94
1759433940,13,Amateur Boxxx,http://rhsbjv7k.tvclub.xyz/iptv/X3SB52VH9P584RLVQNY5ARNB/12191/index.m3u8,101
1759433943,8,All Anal,http://rhsbjv7k.tvclub.xyz/iptv/X3SB52VH9P584RLVQNY5ARNB/12192/index.m3u8,95
1759433945,11,Alex Legend,http://rhsbjv7k.tvclub.xyz/iptv/X3SB52VH9P584RLVQNY5ARNB/12193/index.m3u8,99
1759433947,13,Alba XXX 2 HD,http://rhsbjv7k.tvclub.xyz/iptv/X3SB52VH9P584RLVQNY5ARNB/12194/index.m3u8,101
1759433950,13,Alba XXX 1 HD,http://rhsbjv7k.tvclub.xyz/iptv/X3SB52VH9P584RLVQNY5ARNB/12204/index.m3u8,101
1759434199,10,21 Sextury,http://rhsbjv7k.tvclub.xyz/iptv/X3SB52VH9P584RLVQNY5ARNB/12205/index.m3u8,98
1759434215,19,XXX Love's Berry HD,http://rhsbjv7k.tvclub.xyz/iptv/X3SB52VH9P584RLVQNY5ARNB/14140/index.m3u8,107
1759434256,,,http://rhsbjv7k.tvclub.xyz/iptv/X3SB52VH9P584RLVQNY5ARNB/14140/index.m3u8,86
1759434259,,,http://rhsbjv7k.tvclub.xyz/iptv/X3SB52VH9P584RLVQNY5ARNB/14176/index.m3u8,86
1759434264,,,http://rhsbjv7k.tvclub.xyz/iptv/X3SB52VH9P584RLVQNY5ARNB/16069/index.m3u8,86
1759434267,,,http://rhsbjv7k.tvclub.xyz/iptv/X3SB52VH9P584RLVQNY5ARNB/18060/index.m3u8,86
1759434268,,,http://rhsbjv7k.tvclub.xyz/iptv/X3SB52VH9P584RLVQNY5ARNB/18075/index.m3u8,86
1759434270,,,http://rhsbjv7k.tvclub.xyz/iptv/X3SB52VH9P584RLVQNY5ARNB/18076/index.m3u8,86
1759434274,,,http://rhsbjv7k.tvclub.xyz/iptv/X3SB52VH9P584RLVQNY5ARNB/18053/index.m3u8,86
1759434278,,,http://rhsbjv7k.tvclub.xyz/iptv/X3SB52VH9P584RLVQNY5ARNB/20089/index.m3u8,86
1759434281,,,http://rhsbjv7k.tvclub.xyz/iptv/X3SB52VH9P584RLVQNY5ARNB/18053/index.m3u8,86
1759434331,,,http://rhsbjv7k.tvclub.xyz/iptv/X3SB52VH9P584RLVQNY5ARNB/20089/index.m3u8,86
1759434625,,,http://rhsbjv7k.tvclub.xyz/iptv/X3SB52VH9P584RLVQNY5ARNB/20089/index.m3u8,86
1759434779,14,CineMan ExExEx,http://rhsbjv7k.tvclub.xyz/iptv/X3SB52VH9P584RLVQNY5ARNB/20089/index.m3u8,102
1759434781,18,CineMan ExExEx TWO,http://rhsbjv7k.tvclub.xyz/iptv/X3SB52VH9P584RLVQNY5ARNB/20090/index.m3u8,106
1759435250,138,Я научу тебя делать топовые видео для Reels за 15 МИНУТ | и зарабатывать на этом!,https://vkvideo.ru/video-58048948_456250157?q=%D0%B2%D0%B8%D0%B4%D0%B5%D0%BE&section=people,245
1759435386,18,CineMan ExExEx TWO,http://rhsbjv7k.tvclub.xyz/iptv/X3SB52VH9P584RLVQNY5ARNB/20090/index.m3u8,106
1759435392,19,StrahTV Adult TV HD,http://rhsbjv7k.tvclub.xyz/iptv/X3SB52VH9P584RLVQNY5ARNB/31707/index.m3u8,107
1759435395,22,StrahTV PlayBoyz TV HD,http://rhsbjv7k.tvclub.xyz/iptv/X3SB52VH9P584RLVQNY5ARNB/31709/index.m3u8,110
1759435398,22,StrahTV Ню Арт HD,http://rhsbjv7k.tvclub.xyz/iptv/X3SB52VH9P584RLVQNY5ARNB/31716/index.m3u8,110
1759435420,17,StrahTV Extasy HD,http://rhsbjv7k.tvclub.xyz/iptv/X3SB52VH9P584RLVQNY5ARNB/11051/index.m3u8,105
1759435423,15,StrahTV KinoXXX,http://rhsbjv7k.tvclub.xyz/iptv/X3SB52VH9P584RLVQNY5ARNB/11052/index.m3u8,103
1759435430,20,StrahTV Ох-Ах HD,http://rhsbjv7k.tvclub.xyz/iptv/X3SB52VH9P584RLVQNY5ARNB/11068/index.m3u8,108
1759435452,138,Я научу тебя делать топовые видео для Reels за 15 МИНУТ | и зарабатывать на этом!,https://vkvideo.ru/video-58048948_456250157?q=%D0%B2%D0%B8%D0%B4%D0%B5%D0%BE&section=people,245
1759435500,15,StrahTV KinoXXX,http://rhsbjv7k.tvclub.xyz/iptv/X3SB52VH9P584RLVQNY5ARNB/11052/index.m3u8,103
1759435502,17,StrahTV Extasy HD,http://rhsbjv7k.tvclub.xyz/iptv/X3SB52VH9P584RLVQNY5ARNB/11051/index.m3u8,105
1759435506,12,Shot TV orig,http://rhsbjv7k.tvclub.xyz/iptv/X3SB52VH9P584RLVQNY5ARNB/9347/index.m3u8,99
1759435509,17,Exxxotica HD orig,http://rhsbjv7k.tvclub.xyz/iptv/X3SB52VH9P584RLVQNY5ARNB/9346/index.m3u8,104
1759435511,28,Русская Ночь orig,http://rhsbjv7k.tvclub.xyz/iptv/X3SB52VH9P584RLVQNY5ARNB/9344/index.m3u8,115
1759435517,16,Redlight HD orig,http://rhsbjv7k.tvclub.xyz/iptv/X3SB52VH9P584RLVQNY5ARNB/9066/index.m3u8,103
1759435520,15,Hustler HD orig,http://rhsbjv7k.tvclub.xyz/iptv/X3SB52VH9P584RLVQNY5ARNB/9065/index.m3u8,102
1759435977,75,скопировал + вставил = $59,571 на полном Г0ВНЕ,https://www.youtube.com/watch?v=C1kgOKDsRPE,133
1759436030,17,Dorcel TV HD orig,http://rhsbjv7k.tvclub.xyz/iptv/X3SB52VH9P584RLVQNY5ARNB/9064/index.m3u8,104
1759436038,11,SuperOne HD,http://rhsbjv7k.tvclub.xyz/iptv/X3SB52VH9P584RLVQNY5ARNB/6298/index.m3u8,98
1759436041,7,Erox HD,http://rhsbjv7k.tvclub.xyz/iptv/X3SB52VH9P584RLVQNY5ARNB/6296/index.m3u8,93
1759436044,13,Pink Erotic 8,http://rhsbjv7k.tvclub.xyz/iptv/X3SB52VH9P584RLVQNY5ARNB/6295/index.m3u8,100
1759436047,13,Pink Erotic 7,http://rhsbjv7k.tvclub.xyz/iptv/X3SB52VH9P584RLVQNY5ARNB/6294/index.m3u8,100
1759436050,13,Pink Erotic 6,http://rhsbjv7k.tvclub.xyz/iptv/X3SB52VH9P584RLVQNY5ARNB/6293/index.m3u8,100
1759436052,13,Pink Erotic 4,http://rhsbjv7k.tvclub.xyz/iptv/X3SB52VH9P584RLVQNY5ARNB/6292/index.m3u8,100
1759436055,13,Pink Erotic 3,http://rhsbjv7k.tvclub.xyz/iptv/X3SB52VH9P584RLVQNY5ARNB/6291/index.m3u8,100
1759436058,13,Pink Erotic 2,http://rhsbjv7k.tvclub.xyz/iptv/X3SB52VH9P584RLVQNY5ARNB/6290/index.m3u8,100
1759436060,13,Pink Erotic 1,http://rhsbjv7k.tvclub.xyz/iptv/X3SB52VH9P584RLVQNY5ARNB/6289/index.m3u8,100
1759436063,10,XY Plus HD,http://rhsbjv7k.tvclub.xyz/iptv/X3SB52VH9P584RLVQNY5ARNB/6288/index.m3u8,97
1759436068,9,XY Mix HD,http://rhsbjv7k.tvclub.xyz/iptv/X3SB52VH9P584RLVQNY5ARNB/6287/index.m3u8,95
1759436071,9,XY Max HD,http://rhsbjv7k.tvclub.xyz/iptv/X3SB52VH9P584RLVQNY5ARNB/6286/index.m3u8,95
1759436074,4,X-MO,http://rhsbjv7k.tvclub.xyz/iptv/X3SB52VH9P584RLVQNY5ARNB/6285/index.m3u8,90
1759436077,5,Venus,http://rhsbjv7k.tvclub.xyz/iptv/X3SB52VH9P584RLVQNY5ARNB/6284/index.m3u8,91
1759436081,8,Sexy Hot,http://rhsbjv7k.tvclub.xyz/iptv/X3SB52VH9P584RLVQNY5ARNB/6282/index.m3u8,94
1759436287,7,Red XXX,http://rhsbjv7k.tvclub.xyz/iptv/X3SB52VH9P584RLVQNY5ARNB/6281/index.m3u8,93
1759436290,12,Hot Pleasure,http://rhsbjv7k.tvclub.xyz/iptv/X3SB52VH9P584RLVQNY5ARNB/6277/index.m3u8,99
1759436293,3,HOT,http://rhsbjv7k.tvclub.xyz/iptv/X3SB52VH9P584RLVQNY5ARNB/6275/index.m3u8,89
1759436453,3,HOT,http://rhsbjv7k.tvclub.xyz/iptv/X3SB52VH9P584RLVQNY5ARNB/6275/index.m3u8,89
1759436455,3,HOT,http://rhsbjv7k.tvclub.xyz/iptv/X3SB52VH9P584RLVQNY5ARNB/6275/index.m3u8,89
1759436459,3,HOT,http://rhsbjv7k.tvclub.xyz/iptv/X3SB52VH9P584RLVQNY5ARNB/6275/index.m3u8,89
1759436463,3,HOT,http://rhsbjv7k.tvclub.xyz/iptv/X3SB52VH9P584RLVQNY5ARNB/6275/index.m3u8,89
1759436466,9,Leo TV HD,http://rhsbjv7k.tvclub.xyz/iptv/X3SB52VH9P584RLVQNY5ARNB/6272/index.m3u8,95
1759436469,8,Red Lips,http://rhsbjv7k.tvclub.xyz/iptv/X3SB52VH9P584RLVQNY5ARNB/6271/index.m3u8,94
1759436472,13,Balkan Erotic,http://rhsbjv7k.tvclub.xyz/iptv/X3SB52VH9P584RLVQNY5ARNB/6270/index.m3u8,100
1759436788,138,Мурашки от этой песни! Душу рвет! Послушайте! НЕЗНАКОМКА Вячеслав Сидоренко,https://www.youtube.com/watch?v=SSFGmtdEtms,197
1759436850,139,По битому стеклу - Мужской крик души. Песня, которая пробирает до мурашек (2025),https://youtu.be/YbwwyY9n2PI?si=DezPp6umkTOYfcDF,203
1759437265,138,Я научу тебя делать топовые видео для Reels за 15 МИНУТ | и зарабатывать на этом!,https://vkvideo.ru/video-58048948_456250157?q=%D0%B2%D0%B8%D0%B4%D0%B5%D0%BE&section=people,245
1759437296,75,скопировал + вставил = $59,571 на полном Г0ВНЕ,https://www.youtube.com/watch?v=C1kgOKDsRPE,133
1759437309,,,http://rhsbjv7k.tvclub.xyz/iptv/X3SB52VH9P584RLVQNY5ARNB/6270/index.m3u8,85
1759437415,79,Создай свою ИИ модель — полное руководство,https://www.youtube.com/watch?v=attcCKU6Ts4&t=5s,142
1759437524,79,Создай свою ИИ модель — полное руководство,https://www.youtube.com/watch?v=attcCKU6Ts4&t=5s,142
1759437533,79,Создай свою ИИ модель — полное руководство,https://www.youtube.com/watch?v=attcCKU6Ts4&t=5s,142
1759437636,138,Мурашки от этой песни! Душу рвет! Послушайте! НЕЗНАКОМКА Вячеслав Сидоренко,https://www.youtube.com/watch?v=SSFGmtdEtms,197
1759437694,138,Мурашки от этой песни! Душу рвет! Послушайте! НЕЗНАКОМКА Вячеслав Сидоренко,https://www.youtube.com/watch?v=SSFGmtdEtms,197
1759437746,79,Создай свою ИИ модель — полное руководство,https://www.youtube.com/watch?v=attcCKU6Ts4&t=5s,142
1759437833,13,Balkan Erotic,http://rhsbjv7k.tvclub.xyz/iptv/X3SB52VH9P584RLVQNY5ARNB/6270/index.m3u8,100
1759437839,10,Xpanded TV,http://rhsbjv7k.tvclub.xyz/iptv/X3SB52VH9P584RLVQNY5ARNB/6269/index.m3u8,97
1759437846,6,Wicked,http://rhsbjv7k.tvclub.xyz/iptv/X3SB52VH9P584RLVQNY5ARNB/6268/index.m3u8,92
1759437873,171,Регрессивный гипноз.Сергей Бодров. Нам не дали проститься с родными...09.05.2024. Наталья Соколова.,https://www.youtube.com/watch?v=gKgYMMQTKms&t=21s,236
1759437955,11,White Boxxx,http://rhsbjv7k.tvclub.xyz/iptv/X3SB52VH9P584RLVQNY5ARNB/6267/index.m3u8,98
1759437958,16,We Live Together,http://rhsbjv7k.tvclub.xyz/iptv/X3SB52VH9P584RLVQNY5ARNB/6266/index.m3u8,103
1759437960,8,Vixen HD,http://rhsbjv7k.tvclub.xyz/iptv/X3SB52VH9P584RLVQNY5ARNB/6265/index.m3u8,94
1759437963,15,Vivid TV Europe,http://rhsbjv7k.tvclub.xyz/iptv/X3SB52VH9P584RLVQNY5ARNB/6264/index.m3u8,102
1759437966,10,Visit-X TV,http://rhsbjv7k.tvclub.xyz/iptv/X3SB52VH9P584RLVQNY5ARNB/6263/index.m3u8,97
1759437969,12,Tushy RAW HD,http://rhsbjv7k.tvclub.xyz/iptv/X3SB52VH9P584RLVQNY5ARNB/6262/index.m3u8,99
1759437972,8,Tushy HD,http://rhsbjv7k.tvclub.xyz/iptv/X3SB52VH9P584RLVQNY5ARNB/6261/index.m3u8,94
1759437974,13,True Amateurs,http://rhsbjv7k.tvclub.xyz/iptv/X3SB52VH9P584RLVQNY5ARNB/6260/index.m3u8,100
1759437976,12,Trans Angels,http://rhsbjv7k.tvclub.xyz/iptv/X3SB52VH9P584RLVQNY5ARNB/6259/index.m3u8,99
1759437981,6,Tiny4K,http://rhsbjv7k.tvclub.xyz/iptv/X3SB52VH9P584RLVQNY5ARNB/6258/index.m3u8,92
1759437987,16,Red TV Threesome,http://rhsbjv7k.tvclub.xyz/iptv/X3SB52VH9P584RLVQNY5ARNB/6257/index.m3u8,103
1759437991,11,Red TV Teen,http://rhsbjv7k.tvclub.xyz/iptv/X3SB52VH9P584RLVQNY5ARNB/6256/index.m3u8,98
1759437993,10,SINematica,http://rhsbjv7k.tvclub.xyz/iptv/X3SB52VH9P584RLVQNY5ARNB/6255/index.m3u8,97
1759438271,6,SexArt,http://rhsbjv7k.tvclub.xyz/iptv/X3SB52VH9P584RLVQNY5ARNB/6253/index.m3u8,92
1759438274,16,Sex With Muslims,http://rhsbjv7k.tvclub.xyz/iptv/X3SB52VH9P584RLVQNY5ARNB/6252/index.m3u8,103
1759438277,14,Red TV Russian,http://rhsbjv7k.tvclub.xyz/iptv/X3SB52VH9P584RLVQNY5ARNB/6251/index.m3u8,101
1759438282,12,Red TV Rough,http://rhsbjv7k.tvclub.xyz/iptv/X3SB52VH9P584RLVQNY5ARNB/6250/index.m3u8,99
1759438285,5,RK TV,http://rhsbjv7k.tvclub.xyz/iptv/X3SB52VH9P584RLVQNY5ARNB/6249/index.m3u8,91
1759438286,113,5-ЛЕТНИЙ МАЛЬЧИК говорит «Я ДЖОН ЛЕННОН, и я МОГУ это ДОКАЗАТЬ»,https://www.youtube.com/watch?v=U4e9kwuTR7M,172
1759438326,8,RK Prime,http://rhsbjv7k.tvclub.xyz/iptv/X3SB52VH9P584RLVQNY5ARNB/6248/index.m3u8,94
1759438329,16,Reality Kings HD,http://rhsbjv7k.tvclub.xyz/iptv/X3SB52VH9P584RLVQNY5ARNB/6247/index.m3u8,103
1759438335,28,УМЕР НА 4 МИНУТЫ,https://www.youtube.com/watch?v=QKeqyrR9P3I&t=13s,92
1759438359,12,Public Agent,http://rhsbjv7k.tvclub.xyz/iptv/X3SB52VH9P584RLVQNY5ARNB/6246/index.m3u8,99
1759438367,14,Private.com HD,http://rhsbjv7k.tvclub.xyz/iptv/X3SB52VH9P584RLVQNY5ARNB/6245/index.m3u8,101
1759438374,51,Что происходит после смерти,https://www.youtube.com/watch?v=I55jIgPB2kc,109
1759438433,167,Аркадий Кобяков шансон. Общение с душой через регрессивный гипноз. Ченнелинг. Гипно Феникс.,https://www.youtube.com/watch?v=NY19HqHSAyA,226
1759438470,138,Я научу тебя делать топовые видео для Reels за 15 МИНУТ | и зарабатывать на этом!,https://vkvideo.ru/video-58048948_456250157?q=%D0%B2%D0%B8%D0%B4%D0%B5%D0%BE&section=people,245
1759438601,82,10 лучших Linux дистрибутивов для программистов,https://www.youtube.com/watch?v=bM3oixMJeGE,140
1759438715,82,10 лучших Linux дистрибутивов для программистов,https://www.youtube.com/watch?v=bM3oixMJeGE,140
1759463152,14,Private.com HD,http://rhsbjv7k.tvclub.xyz/iptv/X3SB52VH9P584RLVQNY5ARNB/6245/index.m3u8,101
1759463173,10,Red TV POV,http://rhsbjv7k.tvclub.xyz/iptv/X3SB52VH9P584RLVQNY5ARNB/6244/index.m3u8,97
1759463175,15,Red TV Pornstar,http://rhsbjv7k.tvclub.xyz/iptv/X3SB52VH9P584RLVQNY5ARNB/6243/index.m3u8,102
1759463178,12,Playboy Plus,http://rhsbjv7k.tvclub.xyz/iptv/X3SB52VH9P584RLVQNY5ARNB/6242/index.m3u8,99
1759463182,13,Pink Erotic 4,http://rhsbjv7k.tvclub.xyz/iptv/X3SB52VH9P584RLVQNY5ARNB/6241/index.m3u8,100
1759463186,13,Pink Erotic 3,http://rhsbjv7k.tvclub.xyz/iptv/X3SB52VH9P584RLVQNY5ARNB/6240/index.m3u8,100
1759463190,13,Nubiles TV HD,http://rhsbjv7k.tvclub.xyz/iptv/X3SB52VH9P584RLVQNY5ARNB/6238/index.m3u8,100
1759463196,15,Naughty America,http://rhsbjv7k.tvclub.xyz/iptv/X3SB52VH9P584RLVQNY5ARNB/6237/index.m3u8,102
1759463202,10,MYLF TV HD,http://rhsbjv7k.tvclub.xyz/iptv/X3SB52VH9P584RLVQNY5ARNB/6236/index.m3u8,97
1759463207,16,Monsters of Cock,http://rhsbjv7k.tvclub.xyz/iptv/X3SB52VH9P584RLVQNY5ARNB/6235/index.m3u8,103
1759463213,11,Red TV Milf,http://rhsbjv7k.tvclub.xyz/iptv/X3SB52VH9P584RLVQNY5ARNB/6234/index.m3u8,98
1759463219,9,MetArt HD,http://rhsbjv7k.tvclub.xyz/iptv/X3SB52VH9P584RLVQNY5ARNB/6233/index.m3u8,95
1759463636,11,Lust Cinema,http://rhsbjv7k.tvclub.xyz/iptv/X3SB52VH9P584RLVQNY5ARNB/6232/index.m3u8,98
1759463665,16,Red TV Live Cams,http://rhsbjv7k.tvclub.xyz/iptv/X3SB52VH9P584RLVQNY5ARNB/6231/index.m3u8,103
1759463668,16,Little Asians HD,http://rhsbjv7k.tvclub.xyz/iptv/X3SB52VH9P584RLVQNY5ARNB/6230/index.m3u8,103
1759463671,15,Lethal Hardcore,http://rhsbjv7k.tvclub.xyz/iptv/X3SB52VH9P584RLVQNY5ARNB/6229/index.m3u8,102
1759463686,14,Red TV Lesbian,http://rhsbjv7k.tvclub.xyz/iptv/X3SB52VH9P584RLVQNY5ARNB/6228/index.m3u8,101
1759463688,6,Lesbea,http://rhsbjv7k.tvclub.xyz/iptv/X3SB52VH9P584RLVQNY5ARNB/6227/index.m3u8,92
1759463691,13,Red TV Latina,http://rhsbjv7k.tvclub.xyz/iptv/X3SB52VH9P584RLVQNY5ARNB/6226/index.m3u8,100
1759463697,9,Japan HDV,http://rhsbjv7k.tvclub.xyz/iptv/X3SB52VH9P584RLVQNY5ARNB/6225/index.m3u8,95
1759463711,18,Red TV Interracial,http://rhsbjv7k.tvclub.xyz/iptv/X3SB52VH9P584RLVQNY5ARNB/6224/index.m3u8,105
1759463715,13,Hot Guys Fuck,http://rhsbjv7k.tvclub.xyz/iptv/X3SB52VH9P584RLVQNY5ARNB/6223/index.m3u8,100
1759463719,12,Hot and Mean,http://rhsbjv7k.tvclub.xyz/iptv/X3SB52VH9P584RLVQNY5ARNB/6222/index.m3u8,99
1759463722,5,Holed,http://rhsbjv7k.tvclub.xyz/iptv/X3SB52VH9P584RLVQNY5ARNB/6221/index.m3u8,91
1759468287,138,Я научу тебя делать топовые видео для Reels за 15 МИНУТ | и зарабатывать на этом!,https://vkvideo.ru/video-58048948_456250157?q=%D0%B2%D0%B8%D0%B4%D0%B5%D0%BE&section=people,245
1759468311,138,Я научу тебя делать топовые видео для Reels за 15 МИНУТ | и зарабатывать на этом!,https://vkvideo.ru/video-58048948_456250157?q=%D0%B2%D0%B8%D0%B4%D0%B5%D0%BE&section=people,245
1759469339,138,Я научу тебя делать топовые видео для Reels за 15 МИНУТ | и зарабатывать на этом!,https://vkvideo.ru/video-58048948_456250157?q=%D0%B2%D0%B8%D0%B4%D0%B5%D0%BE&section=people,245
1759469413,82,10 лучших Linux дистрибутивов для программистов,https://www.youtube.com/watch?v=bM3oixMJeGE,140
1759470997,138,Я научу тебя делать топовые видео для Reels за 15 МИНУТ | и зарабатывать на этом!,https://vkvideo.ru/video-58048948_456250157?q=%D0%B2%D0%B8%D0%B4%D0%B5%D0%BE&section=people,245
1759471137,138,Я научу тебя делать топовые видео для Reels за 15 МИНУТ | и зарабатывать на этом!,https://vkvideo.ru/video-58048948_456250157?q=%D0%B2%D0%B8%D0%B4%D0%B5%D0%BE&section=people,245
1759471347,138,Я научу тебя делать топовые видео для Reels за 15 МИНУТ | и зарабатывать на этом!,https://vkvideo.ru/video-58048948_456250157?q=%D0%B2%D0%B8%D0%B4%D0%B5%D0%BE&section=people,245
1759471399,138,Я научу тебя делать топовые видео для Reels за 15 МИНУТ | и зарабатывать на этом!,https://vkvideo.ru/video-58048948_456250157?q=%D0%B2%D0%B8%D0%B4%D0%B5%D0%BE&section=people,245
1759471565,138,Я научу тебя делать топовые видео для Reels за 15 МИНУТ | и зарабатывать на этом!,https://vkvideo.ru/video-58048948_456250157?q=%D0%B2%D0%B8%D0%B4%D0%B5%D0%BE&section=people,245
1759471613,138,Я научу тебя делать топовые видео для Reels за 15 МИНУТ | и зарабатывать на этом!,https://vkvideo.ru/video-58048948_456250157?q=%D0%B2%D0%B8%D0%B4%D0%B5%D0%BE&section=people,245
1759472333,138,Я научу тебя делать топовые видео для Reels за 15 МИНУТ | и зарабатывать на этом!,https://vkvideo.ru/video-58048948_456250157?q=%D0%B2%D0%B8%D0%B4%D0%B5%D0%BE&section=people,245
1759472445,138,Я научу тебя делать топовые видео для Reels за 15 МИНУТ | и зарабатывать на этом!,https://vkvideo.ru/video-58048948_456250157?q=%D0%B2%D0%B8%D0%B4%D0%B5%D0%BE&section=people,245
1759473067,138,Я научу тебя делать топовые видео для Reels за 15 МИНУТ | и зарабатывать на этом!,https://vkvideo.ru/video-58048948_456250157?q=%D0%B2%D0%B8%D0%B4%D0%B5%D0%BE&section=people,245
1759473614,138,Я научу тебя делать топовые видео для Reels за 15 МИНУТ | и зарабатывать на этом!,https://vkvideo.ru/video-58048948_456250157?q=%D0%B2%D0%B8%D0%B4%D0%B5%D0%BE&section=people,245
1759473657,82,10 лучших Linux дистрибутивов для программистов,https://www.youtube.com/watch?v=bM3oixMJeGE,140
1759476423,138,Я научу тебя делать топовые видео для Reels за 15 МИНУТ | и зарабатывать на этом!,https://vkvideo.ru/video-58048948_456250157?q=%D0%B2%D0%B8%D0%B4%D0%B5%D0%BE&section=people,245
1759476560,138,Мурашки от этой песни! Душу рвет! Послушайте! НЕЗНАКОМКА Вячеслав Сидоренко,https://www.youtube.com/watch?v=SSFGmtdEtms,197
1759476600,82,10 лучших Linux дистрибутивов для программистов,https://www.youtube.com/watch?v=bM3oixMJeGE,140
1759476783,82,10 лучших Linux дистрибутивов для программистов,https://www.youtube.com/watch?v=bM3oixMJeGE,140
1759477082,138,Я научу тебя делать топовые видео для Reels за 15 МИНУТ | и зарабатывать на этом!,https://vkvideo.ru/video-58048948_456250157?q=%D0%B2%D0%B8%D0%B4%D0%B5%D0%BE&section=people,245
1759477117,12,Hollywood HD,http://127.0.0.1:6878/ace/getstream?id=3cacfef48b11ea2a81282c4b49b3eac4d7cce501,106
1759477271,138,Я научу тебя делать топовые видео для Reels за 15 МИНУТ | и зарабатывать на этом!,https://vkvideo.ru/video-58048948_456250157?q=%D0%B2%D0%B8%D0%B4%D0%B5%D0%BE&section=people,245
1759477495,138,Я научу тебя делать топовые видео для Reels за 15 МИНУТ | и зарабатывать на этом!,https://vkvideo.ru/video-58048948_456250157?q=%D0%B2%D0%B8%D0%B4%D0%B5%D0%BE&section=people,245
1759477523,82,10 лучших Linux дистрибутивов для программистов,https://www.youtube.com/watch?v=bM3oixMJeGE,140
1759477536,82,10 лучших Linux дистрибутивов для программистов,https://www.youtube.com/watch?v=bM3oixMJeGE,140
1759478225,138,Я научу тебя делать топовые видео для Reels за 15 МИНУТ | и зарабатывать на этом!,https://vkvideo.ru/video-58048948_456250157?q=%D0%B2%D0%B8%D0%B4%D0%B5%D0%BE&section=people,245
1759478256,82,10 лучших Linux дистрибутивов для программистов,https://www.youtube.com/watch?v=bM3oixMJeGE,140
1759478422,60,Деми Мур в фильме «Стриптиз» (1996).,https://vkvideo.ru/video-213757173_456240896?ref_domain=yastatic.net,143
1759478494,121,Четыре жены: Жена-принцесса, партнер, самостоятельная, с изюминкой,https://rutube.ru/video/bbb88ae47bc4a00618ebfb693b35f822/,194
1759478544,138,РЕМЕЙКОВ ОТ «СОЮЗМУЛЬТФИЛЬМ» БОЛЬШЕ НЕ БУДЕТ!  || Как запатентовать мамонта?,https://my.mail.ru/v/thisishorosho_tv/video/7/1248.html,209
1759478742,125,Человек из 2163 года рассказал что произойдет с Россией, США и другими!,https://plvideo.ru/watch?v=Gg4n8qoIyXeE,180
1759479344,,,http://127.0.0.1:9118/lite/lumex/video.m3u8?playlist=%2fvalidate%2fU2FsdGVkX18IDXukNvZZm_LUBMPMyVH4--rLOES-5KenSzMj8eKGcLZPkh3Fsujz7xSOzFwoxeS32pPpyifwmSQBrQ6xc5KfIhkCVMh62dvKgNv_oDZjLLg-AzpibLX3gx16qnEbaXPi2JmBhNSvx8Og6E9A5E41njRKsRByegN-7SvPiUp1ufq05KKEj_lDfJM2SxvrW-TuGxzjJ864lSQH0D85aR0v09QPQh5-kPs&csrf=20279caacd298171676c1beb2f7c36a6&max_quality=1080&account_email=safeown%40gmail.com&uid=1x0ykkn9,417
1759479514,3,RGB,http://127.0.0.1:8090/stream/The.Wild.Robot.2024.1080p.AMZN.WEB-DL.DDP5.1.Atmos.H.264.MVO-FLUX-RGB.mkv?link=05c2ff3e1b45c26289b619cee27be509b75b3733&index=1&play,178
1759502683,,,https://cdn77-vid.xvideos-cdn.com/-JWmhKGizoggYlpAP1tvYw==,1759513418/videos/hls/15/ee/90/15ee901c03cf83df5098cb9955a0fda1/hls.m3u8,144
1759503883,,,https://radiorecord.hostingradio.ru/sd9096.aacp,60
1759504256,138,Я научу тебя делать топовые видео для Reels за 15 МИНУТ | и зарабатывать на этом!,https://vkvideo.ru/video-58048948_456250157?q=видео&section=people,225
1759504320,82,10 лучших Linux дистрибутивов для программистов,https://www.youtube.com/watch?v=bM3oixMJeGE,140
1759504470,138,Я научу тебя делать топовые видео для Reels за 15 МИНУТ | и зарабатывать на этом!,https://vkvideo.ru/video-58048948_456250157?q=видео&section=people,225
1759504551,82,10 лучших Linux дистрибутивов для программистов,https://www.youtube.com/watch?v=bM3oixMJeGE,140
1759504556,82,10 лучших Linux дистрибутивов для программистов,https://www.youtube.com/watch?v=bM3oixMJeGE,140
1759504719,138,Я научу тебя делать топовые видео для Reels за 15 МИНУТ | и зарабатывать на этом!,https://vkvideo.ru/video-58048948_456250157?q=видео&section=people,225
1759504828,138,Я научу тебя делать топовые видео для Reels за 15 МИНУТ | и зарабатывать на этом!,https://vkvideo.ru/video-58048948_456250157?q=видео&section=people,225
1759516945,37,21 Bridges 2019 from селезень,/run/user/1000/kio-fuse-cIStzG/smb/keenetic.local/Happy/ZyXEL_torrent/download/`Films/21.Bridges.2019.BDRip.1080p.seleZen.mkv,177
1759516984,34,Aquaman 2018 from селезень,/run/user/1000/kio-fuse-cIStzG/smb/keenetic.local/Happy/ZyXEL_torrent/download/`Films/Aquaman.2018.BDRip.1080p.seleZen.mkv,171
1759779640,,,/media/Archive/SEX/Мастурбирует и после оргазма пытки  jporn.cc/Мастурбирует и после оргазма пытки  jporn.cc.mp4,185
1759779710,,,/media/Archive/SEX/Swallowed.Alive-Sex/starlets-swaali-cd1.avi,75
1759858096,5,Holed,http://rhsbjv7k.tvclub.xyz/iptv/X3SB52VH9P584RLVQNY5ARNB/6221/index.m3u8,91
1759858126,5,Holed,http://rhsbjv7k.tvclub.xyz/iptv/X3SB52VH9P584RLVQNY5ARNB/6221/index.m3u8,91
1759858143,12,Hot and Mean,http://rhsbjv7k.tvclub.xyz/iptv/X3SB52VH9P584RLVQNY5ARNB/6222/index.m3u8,99
1759858149,5,Holed,http://rhsbjv7k.tvclub.xyz/iptv/X3SB52VH9P584RLVQNY5ARNB/6221/index.m3u8,91
1759858151,12,Hitzefrei HD,http://rhsbjv7k.tvclub.xyz/iptv/X3SB52VH9P584RLVQNY5ARNB/6220/index.m3u8,99
1759858156,15,Red TV Hardcore,http://rhsbjv7k.tvclub.xyz/iptv/X3SB52VH9P584RLVQNY5ARNB/6219/index.m3u8,102
1759858159,6,Hard X,http://rhsbjv7k.tvclub.xyz/iptv/X3SB52VH9P584RLVQNY5ARNB/6218/index.m3u8,92
1759858161,21,DDF Hands on Hardcore,http://rhsbjv7k.tvclub.xyz/iptv/X3SB52VH9P584RLVQNY5ARNB/6217/index.m3u8,108
1759858169,8,Got MYLF,http://rhsbjv7k.tvclub.xyz/iptv/X3SB52VH9P584RLVQNY5ARNB/6216/index.m3u8,94
1759858172,10,Red TV Gay,http://rhsbjv7k.tvclub.xyz/iptv/X3SB52VH9P584RLVQNY5ARNB/6215/index.m3u8,97
1759858174,15,Red TV Gangbang,http://rhsbjv7k.tvclub.xyz/iptv/X3SB52VH9P584RLVQNY5ARNB/6214/index.m3u8,102
1759858176,13,Red TV Fetish,http://rhsbjv7k.tvclub.xyz/iptv/X3SB52VH9P584RLVQNY5ARNB/6213/index.m3u8,100
1759858181,6,FemJoy,http://rhsbjv7k.tvclub.xyz/iptv/X3SB52VH9P584RLVQNY5ARNB/6212/index.m3u8,92
1759858196,18,Fap TV Compilation,http://rhsbjv7k.tvclub.xyz/iptv/X3SB52VH9P584RLVQNY5ARNB/6208/index.m3u8,105
1759858204,12,Fake Taxi HD,http://rhsbjv7k.tvclub.xyz/iptv/X3SB52VH9P584RLVQNY5ARNB/6202/index.m3u8,99
1759858207,14,Evolved Fights,http://rhsbjv7k.tvclub.xyz/iptv/X3SB52VH9P584RLVQNY5ARNB/6200/index.m3u8,101
1759858210,13,Evil Angel HD,http://rhsbjv7k.tvclub.xyz/iptv/X3SB52VH9P584RLVQNY5ARNB/6199/index.m3u8,100
1759858214,11,Porn Angels,http://rhsbjv7k.tvclub.xyz/iptv/X3SB52VH9P584RLVQNY5ARNB/6198/index.m3u8,98
1759858230,11,Dorcel Club,http://rhsbjv7k.tvclub.xyz/iptv/X3SB52VH9P584RLVQNY5ARNB/6197/index.m3u8,98
1759858320,21,Digital Playground HD,http://rhsbjv7k.tvclub.xyz/iptv/X3SB52VH9P584RLVQNY5ARNB/6196/index.m3u8,108
1759858327,17,Digital Desire HD,http://rhsbjv7k.tvclub.xyz/iptv/X3SB52VH9P584RLVQNY5ARNB/6195/index.m3u8,104
1759858332,11,DDF Network,http://rhsbjv7k.tvclub.xyz/iptv/X3SB52VH9P584RLVQNY5ARNB/6194/index.m3u8,98
1759858406,9,DDF Busty,http://rhsbjv7k.tvclub.xyz/iptv/X3SB52VH9P584RLVQNY5ARNB/6193/index.m3u8,95
1759858410,19,Day with a Pornstar,http://rhsbjv7k.tvclub.xyz/iptv/X3SB52VH9P584RLVQNY5ARNB/6192/index.m3u8,106
1759858412,13,Daughter Swap,http://rhsbjv7k.tvclub.xyz/iptv/X3SB52VH9P584RLVQNY5ARNB/6191/index.m3u8,100
1759858417,10,Cum Louder,http://rhsbjv7k.tvclub.xyz/iptv/X3SB52VH9P584RLVQNY5ARNB/6189/index.m3u8,97
1759858420,14,Red TV Cuckold,http://rhsbjv7k.tvclub.xyz/iptv/X3SB52VH9P584RLVQNY5ARNB/6188/index.m3u8,101
1759858425,18,Red TV Compilation,http://rhsbjv7k.tvclub.xyz/iptv/X3SB52VH9P584RLVQNY5ARNB/6187/index.m3u8,105
1759858429,19,Club Sweethearts HD,http://rhsbjv7k.tvclub.xyz/iptv/X3SB52VH9P584RLVQNY5ARNB/6186/index.m3u8,106
1760030180,,,/mnt/game/wine/Oddworld.Soulstorm.Enhanced.Edition.EGS.Rip-InsaneRamZes/OddworldSoulstorm/soulstorm_Data/StreamingAssets/Video/BrewmasterVid.mp4,157
1760030192,,,/mnt/game/wine/Oddworld.Soulstorm.Enhanced.Edition.EGS.Rip-InsaneRamZes/OddworldSoulstorm/soulstorm_Data/StreamingAssets/Video/Train4.mp4,150
1760030205,,,/mnt/game/wine/Oddworld.Soulstorm.Enhanced.Edition.EGS.Rip-InsaneRamZes/OddworldSoulstorm/soulstorm_Data/StreamingAssets/Video/Intro.mp4,149
1760031756,19,Club Sweethearts HD,http://rhsbjv7k.tvclub.xyz/iptv/X3SB52VH9P584RLVQNY5ARNB/6186/index.m3u8,106
1760031782,12,Cherry Pimps,http://rhsbjv7k.tvclub.xyz/iptv/X3SB52VH9P584RLVQNY5ARNB/6185/index.m3u8,99
1760031786,15,Red TV Brunette,http://rhsbjv7k.tvclub.xyz/iptv/X3SB52VH9P584RLVQNY5ARNB/6183/index.m3u8,102
1760031792,11,Brazzers HD,http://rhsbjv7k.tvclub.xyz/iptv/X3SB52VH9P584RLVQNY5ARNB/6182/index.m3u8,98
1760031814,15,Brazzers eXXtra,http://rhsbjv7k.tvclub.xyz/iptv/X3SB52VH9P584RLVQNY5ARNB/6181/index.m3u8,102
1760031816,14,Red TV Blowjob,http://rhsbjv7k.tvclub.xyz/iptv/X3SB52VH9P584RLVQNY5ARNB/6180/index.m3u8,101
1760031820,10,Blacked HD,http://rhsbjv7k.tvclub.xyz/iptv/X3SB52VH9P584RLVQNY5ARNB/6178/index.m3u8,97
1760031823,15,Red TV Big Tits,http://rhsbjv7k.tvclub.xyz/iptv/X3SB52VH9P584RLVQNY5ARNB/6177/index.m3u8,102
1760031827,15,Red TV Big Dick,http://rhsbjv7k.tvclub.xyz/iptv/X3SB52VH9P584RLVQNY5ARNB/6176/index.m3u8,102
1760031838,14,Red TV Big Ass,http://rhsbjv7k.tvclub.xyz/iptv/X3SB52VH9P584RLVQNY5ARNB/6175/index.m3u8,101
1760031843,5,Bang!,http://rhsbjv7k.tvclub.xyz/iptv/X3SB52VH9P584RLVQNY5ARNB/6174/index.m3u8,91
1760031854,12,Bang Bros HD,http://rhsbjv7k.tvclub.xyz/iptv/X3SB52VH9P584RLVQNY5ARNB/6173/index.m3u8,99
1760031858,5,Babes,http://rhsbjv7k.tvclub.xyz/iptv/X3SB52VH9P584RLVQNY5ARNB/6172/index.m3u8,91
1760031861,12,Babes.com HD,http://rhsbjv7k.tvclub.xyz/iptv/X3SB52VH9P584RLVQNY5ARNB/6171/index.m3u8,99
1760031865,11,Analized HD,http://rhsbjv7k.tvclub.xyz/iptv/X3SB52VH9P584RLVQNY5ARNB/6168/index.m3u8,98
1760031869,11,Red TV Anal,http://rhsbjv7k.tvclub.xyz/iptv/X3SB52VH9P584RLVQNY5ARNB/6167/index.m3u8,98
1760031873,10,Adult Time,http://rhsbjv7k.tvclub.xyz/iptv/X3SB52VH9P584RLVQNY5ARNB/6166/index.m3u8,97
1760031876,9,SexArt HD,http://rhsbjv7k.tvclub.xyz/iptv/X3SB52VH9P584RLVQNY5ARNB/6165/index.m3u8,95
1760031881,9,Eroxxx HD,http://rhsbjv7k.tvclub.xyz/iptv/X3SB52VH9P584RLVQNY5ARNB/5015/index.m3u8,95
1760031885,18,Extasy Platinum 4K,http://rhsbjv7k.tvclub.xyz/iptv/X3SB52VH9P584RLVQNY5ARNB/5014/index.m3u8,105
1760031890,24,Penthouse Reality TV FHD,http://rhsbjv7k.tvclub.xyz/iptv/X3SB52VH9P584RLVQNY5ARNB/5013/index.m3u8,111
1760031893,23,Penthouse Reality TV HD,http://rhsbjv7k.tvclub.xyz/iptv/X3SB52VH9P584RLVQNY5ARNB/5012/index.m3u8,110
1760031896,17,Penthouse Gold HD,http://rhsbjv7k.tvclub.xyz/iptv/X3SB52VH9P584RLVQNY5ARNB/5011/index.m3u8,104
1760031899,20,Penthouse Passion HD,http://rhsbjv7k.tvclub.xyz/iptv/X3SB52VH9P584RLVQNY5ARNB/5010/index.m3u8,107
1760031901,3,XXL,http://rhsbjv7k.tvclub.xyz/iptv/X3SB52VH9P584RLVQNY5ARNB/5009/index.m3u8,89
1760031904,12,Exxxotica HD,http://rhsbjv7k.tvclub.xyz/iptv/X3SB52VH9P584RLVQNY5ARNB/2397/index.m3u8,99
1760031907,12,Vivid Red HD,http://rhsbjv7k.tvclub.xyz/iptv/X3SB52VH9P584RLVQNY5ARNB/2162/index.m3u8,99
1760031909,8,Babes TV,http://rhsbjv7k.tvclub.xyz/iptv/X3SB52VH9P584RLVQNY5ARNB/2161/index.m3u8,94
1760031913,12,Dorcel TV HD,http://rhsbjv7k.tvclub.xyz/iptv/X3SB52VH9P584RLVQNY5ARNB/245/index.m3u8,98
1760031915,10,Hustler HD,http://rhsbjv7k.tvclub.xyz/iptv/X3SB52VH9P584RLVQNY5ARNB/244/index.m3u8,96
1760031918,10,Private TV,http://rhsbjv7k.tvclub.xyz/iptv/X3SB52VH9P584RLVQNY5ARNB/243/index.m3u8,96
1760032074,11,Redlight HD,http://rhsbjv7k.tvclub.xyz/iptv/X3SB52VH9P584RLVQNY5ARNB/242/index.m3u8,97
1760032079,12,Blue Hustler,http://rhsbjv7k.tvclub.xyz/iptv/X3SB52VH9P584RLVQNY5ARNB/1064/index.m3u8,99
1760032085,31,Brazzers TV Europe Россия,http://rhsbjv7k.tvclub.xyz/iptv/X3SB52VH9P584RLVQNY5ARNB/910/index.m3u8,117
1760032088,23,Русская Ночь,http://rhsbjv7k.tvclub.xyz/iptv/X3SB52VH9P584RLVQNY5ARNB/147/index.m3u8,109
1760032093,11,Eromania 4K,http://rhsbjv7k.tvclub.xyz/iptv/X3SB52VH9P584RLVQNY5ARNB/10049/index.m3u8,99
1760032099,7,Playboy,http://rhsbjv7k.tvclub.xyz/iptv/X3SB52VH9P584RLVQNY5ARNB/527/index.m3u8,92
1760032103,23,VF Граиндхаус,http://rhsbjv7k.tvclub.xyz/iptv/X3SB52VH9P584RLVQNY5ARNB/14158/index.m3u8,111
1760032107,,,http://rhsbjv7k.tvclub.xyz/iptv/X3SB52VH9P584RLVQNY5ARNB/20219/index.m3u8,86
1760032109,23,VF Граиндхаус,http://rhsbjv7k.tvclub.xyz/iptv/X3SB52VH9P584RLVQNY5ARNB/14158/index.m3u8,111
1760066768,23,VF Граиндхаус,http://rhsbjv7k.tvclub.xyz/iptv/X3SB52VH9P584RLVQNY5ARNB/14158/index.m3u8,111
1760066772,7,Playboy,http://rhsbjv7k.tvclub.xyz/iptv/X3SB52VH9P584RLVQNY5ARNB/527/index.m3u8,92
1760066774,11,Eromania 4K,http://rhsbjv7k.tvclub.xyz/iptv/X3SB52VH9P584RLVQNY5ARNB/10049/index.m3u8,99
1760066777,23,Русская Ночь,http://rhsbjv7k.tvclub.xyz/iptv/X3SB52VH9P584RLVQNY5ARNB/147/index.m3u8,109
1760066780,31,Brazzers TV Europe Россия,http://rhsbjv7k.tvclub.xyz/iptv/X3SB52VH9P584RLVQNY5ARNB/910/index.m3u8,117
1760066781,12,Blue Hustler,http://rhsbjv7k.tvclub.xyz/iptv/X3SB52VH9P584RLVQNY5ARNB/1064/index.m3u8,99
1760066783,11,Redlight HD,http://rhsbjv7k.tvclub.xyz/iptv/X3SB52VH9P584RLVQNY5ARNB/242/index.m3u8,97
1760066789,10,Private TV,http://rhsbjv7k.tvclub.xyz/iptv/X3SB52VH9P584RLVQNY5ARNB/243/index.m3u8,96
1760066792,10,Hustler HD,http://rhsbjv7k.tvclub.xyz/iptv/X3SB52VH9P584RLVQNY5ARNB/244/index.m3u8,96
1760066795,12,Dorcel TV HD,http://rhsbjv7k.tvclub.xyz/iptv/X3SB52VH9P584RLVQNY5ARNB/245/index.m3u8,98
1760066797,8,Babes TV,http://rhsbjv7k.tvclub.xyz/iptv/X3SB52VH9P584RLVQNY5ARNB/2161/index.m3u8,94
1760066799,12,Vivid Red HD,http://rhsbjv7k.tvclub.xyz/iptv/X3SB52VH9P584RLVQNY5ARNB/2162/index.m3u8,99
1760066801,12,Exxxotica HD,http://rhsbjv7k.tvclub.xyz/iptv/X3SB52VH9P584RLVQNY5ARNB/2397/index.m3u8,99
1760066847,3,XXL,http://rhsbjv7k.tvclub.xyz/iptv/X3SB52VH9P584RLVQNY5ARNB/5009/index.m3u8,89
1760066850,20,Penthouse Passion HD,http://rhsbjv7k.tvclub.xyz/iptv/X3SB52VH9P584RLVQNY5ARNB/5010/index.m3u8,107
1760066861,17,Penthouse Gold HD,http://rhsbjv7k.tvclub.xyz/iptv/X3SB52VH9P584RLVQNY5ARNB/5011/index.m3u8,104
1760066867,23,Penthouse Reality TV HD,http://rhsbjv7k.tvclub.xyz/iptv/X3SB52VH9P584RLVQNY5ARNB/5012/index.m3u8,110
1760066872,24,Penthouse Reality TV FHD,http://rhsbjv7k.tvclub.xyz/iptv/X3SB52VH9P584RLVQNY5ARNB/5013/index.m3u8,111
1760066882,18,Extasy Platinum 4K,http://rhsbjv7k.tvclub.xyz/iptv/X3SB52VH9P584RLVQNY5ARNB/5014/index.m3u8,105
1760066902,9,Eroxxx HD,http://rhsbjv7k.tvclub.xyz/iptv/X3SB52VH9P584RLVQNY5ARNB/5015/index.m3u8,95
1760066910,9,SexArt HD,http://rhsbjv7k.tvclub.xyz/iptv/X3SB52VH9P584RLVQNY5ARNB/6165/index.m3u8,95
1760066947,10,Adult Time,http://rhsbjv7k.tvclub.xyz/iptv/X3SB52VH9P584RLVQNY5ARNB/6166/index.m3u8,97
1760066987,11,Red TV Anal,http://rhsbjv7k.tvclub.xyz/iptv/X3SB52VH9P584RLVQNY5ARNB/6167/index.m3u8,98
1760066991,11,Analized HD,http://rhsbjv7k.tvclub.xyz/iptv/X3SB52VH9P584RLVQNY5ARNB/6168/index.m3u8,98
1760066995,12,Babes.com HD,http://rhsbjv7k.tvclub.xyz/iptv/X3SB52VH9P584RLVQNY5ARNB/6171/index.m3u8,99
1760067001,5,Babes,http://rhsbjv7k.tvclub.xyz/iptv/X3SB52VH9P584RLVQNY5ARNB/6172/index.m3u8,91
1760067012,12,Bang Bros HD,http://rhsbjv7k.tvclub.xyz/iptv/X3SB52VH9P584RLVQNY5ARNB/6173/index.m3u8,99
1760067020,5,Bang!,http://rhsbjv7k.tvclub.xyz/iptv/X3SB52VH9P584RLVQNY5ARNB/6174/index.m3u8,91
1760067029,14,Red TV Big Ass,http://rhsbjv7k.tvclub.xyz/iptv/X3SB52VH9P584RLVQNY5ARNB/6175/index.m3u8,101
1760067032,15,Red TV Big Dick,http://rhsbjv7k.tvclub.xyz/iptv/X3SB52VH9P584RLVQNY5ARNB/6176/index.m3u8,102
1760067043,15,Red TV Big Tits,http://rhsbjv7k.tvclub.xyz/iptv/X3SB52VH9P584RLVQNY5ARNB/6177/index.m3u8,102
1760067046,10,Blacked HD,http://rhsbjv7k.tvclub.xyz/iptv/X3SB52VH9P584RLVQNY5ARNB/6178/index.m3u8,97
1760067054,14,Red TV Blowjob,http://rhsbjv7k.tvclub.xyz/iptv/X3SB52VH9P584RLVQNY5ARNB/6180/index.m3u8,101
1760067057,15,Brazzers eXXtra,http://rhsbjv7k.tvclub.xyz/iptv/X3SB52VH9P584RLVQNY5ARNB/6181/index.m3u8,102
1760067061,11,Brazzers HD,http://rhsbjv7k.tvclub.xyz/iptv/X3SB52VH9P584RLVQNY5ARNB/6182/index.m3u8,98
1760067065,15,Red TV Brunette,http://rhsbjv7k.tvclub.xyz/iptv/X3SB52VH9P584RLVQNY5ARNB/6183/index.m3u8,102
1760067068,12,Cherry Pimps,http://rhsbjv7k.tvclub.xyz/iptv/X3SB52VH9P584RLVQNY5ARNB/6185/index.m3u8,99
1760067129,,,http://rhsbjv7k.tvclub.xyz/iptv/X3SB52VH9P584RLVQNY5ARNB/6185/index.m3u8,85
1760067134,,,http://rhsbjv7k.tvclub.xyz/iptv/X3SB52VH9P584RLVQNY5ARNB/6186/index.m3u8,85
1760067195,,,http://rhsbjv7k.tvclub.xyz/iptv/X3SB52VH9P584RLVQNY5ARNB/6186/index.m3u8,85
1760067256,,,http://rhsbjv7k.tvclub.xyz/iptv/X3SB52VH9P584RLVQNY5ARNB/6186/index.m3u8,85
1760067317,,,http://rhsbjv7k.tvclub.xyz/iptv/X3SB52VH9P584RLVQNY5ARNB/6186/index.m3u8,85
1760067321,,,http://rhsbjv7k.tvclub.xyz/iptv/X3SB52VH9P584RLVQNY5ARNB/6187/index.m3u8,85
1760067323,,,http://rhsbjv7k.tvclub.xyz/iptv/X3SB52VH9P584RLVQNY5ARNB/6188/index.m3u8,85
1760067327,,,http://rhsbjv7k.tvclub.xyz/iptv/X3SB52VH9P584RLVQNY5ARNB/6189/index.m3u8,85
1760067332,,,http://rhsbjv7k.tvclub.xyz/iptv/X3SB52VH9P584RLVQNY5ARNB/6191/index.m3u8,85
1760067335,,,http://rhsbjv7k.tvclub.xyz/iptv/X3SB52VH9P584RLVQNY5ARNB/6192/index.m3u8,85
1760067337,,,http://rhsbjv7k.tvclub.xyz/iptv/X3SB52VH9P584RLVQNY5ARNB/6193/index.m3u8,85
1760067384,,,http://rhsbjv7k.tvclub.xyz/iptv/X3SB52VH9P584RLVQNY5ARNB/6193/index.m3u8,85
1760067387,,,http://rhsbjv7k.tvclub.xyz/iptv/X3SB52VH9P584RLVQNY5ARNB/6194/index.m3u8,85
1760067392,,,http://rhsbjv7k.tvclub.xyz/iptv/X3SB52VH9P584RLVQNY5ARNB/6195/index.m3u8,85
1760067485,,,http://rhsbjv7k.tvclub.xyz/iptv/X3SB52VH9P584RLVQNY5ARNB/6196/index.m3u8,85
1760067489,,,http://rhsbjv7k.tvclub.xyz/iptv/X3SB52VH9P584RLVQNY5ARNB/6197/index.m3u8,85
1760067492,,,http://rhsbjv7k.tvclub.xyz/iptv/X3SB52VH9P584RLVQNY5ARNB/6198/index.m3u8,85
1760067499,,,http://rhsbjv7k.tvclub.xyz/iptv/X3SB52VH9P584RLVQNY5ARNB/6199/index.m3u8,85
1760067503,,,http://rhsbjv7k.tvclub.xyz/iptv/X3SB52VH9P584RLVQNY5ARNB/6200/index.m3u8,85
1760067512,,,http://rhsbjv7k.tvclub.xyz/iptv/X3SB52VH9P584RLVQNY5ARNB/6202/index.m3u8,85
1760067514,,,http://rhsbjv7k.tvclub.xyz/iptv/X3SB52VH9P584RLVQNY5ARNB/6208/index.m3u8,85
1760067519,,,http://rhsbjv7k.tvclub.xyz/iptv/X3SB52VH9P584RLVQNY5ARNB/6212/index.m3u8,85
1760067525,,,http://rhsbjv7k.tvclub.xyz/iptv/X3SB52VH9P584RLVQNY5ARNB/6213/index.m3u8,85
1760067528,,,http://rhsbjv7k.tvclub.xyz/iptv/X3SB52VH9P584RLVQNY5ARNB/6214/index.m3u8,85
1760067530,,,http://rhsbjv7k.tvclub.xyz/iptv/X3SB52VH9P584RLVQNY5ARNB/6215/index.m3u8,85
1760067533,,,http://rhsbjv7k.tvclub.xyz/iptv/X3SB52VH9P584RLVQNY5ARNB/6216/index.m3u8,85
1760067538,,,http://rhsbjv7k.tvclub.xyz/iptv/X3SB52VH9P584RLVQNY5ARNB/6217/index.m3u8,85
1760067544,,,http://rhsbjv7k.tvclub.xyz/iptv/X3SB52VH9P584RLVQNY5ARNB/6218/index.m3u8,85
1760067547,,,http://rhsbjv7k.tvclub.xyz/iptv/X3SB52VH9P584RLVQNY5ARNB/6219/index.m3u8,85
1760067549,,,http://rhsbjv7k.tvclub.xyz/iptv/X3SB52VH9P584RLVQNY5ARNB/6220/index.m3u8,85
1760067558,,,http://rhsbjv7k.tvclub.xyz/iptv/X3SB52VH9P584RLVQNY5ARNB/6221/index.m3u8,85
1760067561,,,http://rhsbjv7k.tvclub.xyz/iptv/X3SB52VH9P584RLVQNY5ARNB/6222/index.m3u8,85
1760067565,,,http://rhsbjv7k.tvclub.xyz/iptv/X3SB52VH9P584RLVQNY5ARNB/6223/index.m3u8,85
1760067570,,,http://rhsbjv7k.tvclub.xyz/iptv/X3SB52VH9P584RLVQNY5ARNB/6224/index.m3u8,85
1760067573,,,http://rhsbjv7k.tvclub.xyz/iptv/X3SB52VH9P584RLVQNY5ARNB/6225/index.m3u8,85
1760067576,,,http://rhsbjv7k.tvclub.xyz/iptv/X3SB52VH9P584RLVQNY5ARNB/6226/index.m3u8,85
1760067579,,,http://rhsbjv7k.tvclub.xyz/iptv/X3SB52VH9P584RLVQNY5ARNB/6227/index.m3u8,85
1760067604,,,http://rhsbjv7k.tvclub.xyz/iptv/X3SB52VH9P584RLVQNY5ARNB/6228/index.m3u8,85
1760067607,,,http://rhsbjv7k.tvclub.xyz/iptv/X3SB52VH9P584RLVQNY5ARNB/6229/index.m3u8,85
1760067609,,,http://rhsbjv7k.tvclub.xyz/iptv/X3SB52VH9P584RLVQNY5ARNB/6230/index.m3u8,85
1760067621,,,http://rhsbjv7k.tvclub.xyz/iptv/X3SB52VH9P584RLVQNY5ARNB/6231/index.m3u8,85
1760067626,,,http://rhsbjv7k.tvclub.xyz/iptv/X3SB52VH9P584RLVQNY5ARNB/6232/index.m3u8,85
1760067629,,,http://rhsbjv7k.tvclub.xyz/iptv/X3SB52VH9P584RLVQNY5ARNB/6233/index.m3u8,85
1760067693,,,http://rhsbjv7k.tvclub.xyz/iptv/X3SB52VH9P584RLVQNY5ARNB/6234/index.m3u8,85
1760067696,,,http://rhsbjv7k.tvclub.xyz/iptv/X3SB52VH9P584RLVQNY5ARNB/6235/index.m3u8,85
1760067699,,,http://rhsbjv7k.tvclub.xyz/iptv/X3SB52VH9P584RLVQNY5ARNB/6236/index.m3u8,85
1760067702,,,http://rhsbjv7k.tvclub.xyz/iptv/X3SB52VH9P584RLVQNY5ARNB/6237/index.m3u8,85
1760067705,,,http://rhsbjv7k.tvclub.xyz/iptv/X3SB52VH9P584RLVQNY5ARNB/6238/index.m3u8,85
1760067711,,,http://rhsbjv7k.tvclub.xyz/iptv/X3SB52VH9P584RLVQNY5ARNB/6240/index.m3u8,85
1760067713,,,http://rhsbjv7k.tvclub.xyz/iptv/X3SB52VH9P584RLVQNY5ARNB/6241/index.m3u8,85
1760067717,,,http://rhsbjv7k.tvclub.xyz/iptv/X3SB52VH9P584RLVQNY5ARNB/6242/index.m3u8,85
1760067722,,,http://rhsbjv7k.tvclub.xyz/iptv/X3SB52VH9P584RLVQNY5ARNB/6243/index.m3u8,85
1760067725,,,http://rhsbjv7k.tvclub.xyz/iptv/X3SB52VH9P584RLVQNY5ARNB/6244/index.m3u8,85
1760067728,,,http://rhsbjv7k.tvclub.xyz/iptv/X3SB52VH9P584RLVQNY5ARNB/6245/index.m3u8,85
1760067731,,,http://rhsbjv7k.tvclub.xyz/iptv/X3SB52VH9P584RLVQNY5ARNB/6246/index.m3u8,85
1760067735,,,http://rhsbjv7k.tvclub.xyz/iptv/X3SB52VH9P584RLVQNY5ARNB/6247/index.m3u8,85
1760067738,,,http://rhsbjv7k.tvclub.xyz/iptv/X3SB52VH9P584RLVQNY5ARNB/6248/index.m3u8,85
1760067795,,,http://rhsbjv7k.tvclub.xyz/iptv/X3SB52VH9P584RLVQNY5ARNB/6248/index.m3u8,85
1760067800,,,http://rhsbjv7k.tvclub.xyz/iptv/X3SB52VH9P584RLVQNY5ARNB/6249/index.m3u8,85
1760067803,,,http://rhsbjv7k.tvclub.xyz/iptv/X3SB52VH9P584RLVQNY5ARNB/6250/index.m3u8,85
1760067806,,,http://rhsbjv7k.tvclub.xyz/iptv/X3SB52VH9P584RLVQNY5ARNB/6251/index.m3u8,85
1760067812,,,http://rhsbjv7k.tvclub.xyz/iptv/X3SB52VH9P584RLVQNY5ARNB/6252/index.m3u8,85
1760067815,,,http://rhsbjv7k.tvclub.xyz/iptv/X3SB52VH9P584RLVQNY5ARNB/6253/index.m3u8,85
1760067821,,,http://rhsbjv7k.tvclub.xyz/iptv/X3SB52VH9P584RLVQNY5ARNB/6255/index.m3u8,85
1760067824,,,http://rhsbjv7k.tvclub.xyz/iptv/X3SB52VH9P584RLVQNY5ARNB/6256/index.m3u8,85
1760067840,,,http://rhsbjv7k.tvclub.xyz/iptv/X3SB52VH9P584RLVQNY5ARNB/6257/index.m3u8,85
1760067843,,,http://rhsbjv7k.tvclub.xyz/iptv/X3SB52VH9P584RLVQNY5ARNB/6258/index.m3u8,85
1760067862,,,http://rhsbjv7k.tvclub.xyz/iptv/X3SB52VH9P584RLVQNY5ARNB/6259/index.m3u8,85
1760067865,,,http://rhsbjv7k.tvclub.xyz/iptv/X3SB52VH9P584RLVQNY5ARNB/6260/index.m3u8,85
1760067869,,,http://rhsbjv7k.tvclub.xyz/iptv/X3SB52VH9P584RLVQNY5ARNB/6261/index.m3u8,85
1760067872,,,http://rhsbjv7k.tvclub.xyz/iptv/X3SB52VH9P584RLVQNY5ARNB/6262/index.m3u8,85
1760067875,,,http://rhsbjv7k.tvclub.xyz/iptv/X3SB52VH9P584RLVQNY5ARNB/6263/index.m3u8,85
1760067879,,,http://rhsbjv7k.tvclub.xyz/iptv/X3SB52VH9P584RLVQNY5ARNB/6264/index.m3u8,85
1760067882,,,http://rhsbjv7k.tvclub.xyz/iptv/X3SB52VH9P584RLVQNY5ARNB/6265/index.m3u8,85
1760067885,,,http://rhsbjv7k.tvclub.xyz/iptv/X3SB52VH9P584RLVQNY5ARNB/6266/index.m3u8,85
1760067888,,,http://rhsbjv7k.tvclub.xyz/iptv/X3SB52VH9P584RLVQNY5ARNB/6267/index.m3u8,85
1760067892,,,http://rhsbjv7k.tvclub.xyz/iptv/X3SB52VH9P584RLVQNY5ARNB/6268/index.m3u8,85
1760067909,,,http://rhsbjv7k.tvclub.xyz/iptv/X3SB52VH9P584RLVQNY5ARNB/6269/index.m3u8,85
1760067911,,,http://rhsbjv7k.tvclub.xyz/iptv/X3SB52VH9P584RLVQNY5ARNB/6270/index.m3u8,85
1760067918,,,http://rhsbjv7k.tvclub.xyz/iptv/X3SB52VH9P584RLVQNY5ARNB/6271/index.m3u8,85
1760067925,,,http://rhsbjv7k.tvclub.xyz/iptv/X3SB52VH9P584RLVQNY5ARNB/6272/index.m3u8,85
1760067928,,,http://rhsbjv7k.tvclub.xyz/iptv/X3SB52VH9P584RLVQNY5ARNB/6275/index.m3u8,85
1760067931,,,http://rhsbjv7k.tvclub.xyz/iptv/X3SB52VH9P584RLVQNY5ARNB/6277/index.m3u8,85
1760067937,,,http://rhsbjv7k.tvclub.xyz/iptv/X3SB52VH9P584RLVQNY5ARNB/6281/index.m3u8,85
1760067952,,,http://rhsbjv7k.tvclub.xyz/iptv/X3SB52VH9P584RLVQNY5ARNB/6284/index.m3u8,85
1760067958,,,http://rhsbjv7k.tvclub.xyz/iptv/X3SB52VH9P584RLVQNY5ARNB/6285/index.m3u8,85
1760067962,,,http://rhsbjv7k.tvclub.xyz/iptv/X3SB52VH9P584RLVQNY5ARNB/6286/index.m3u8,85
1760067990,,,http://rhsbjv7k.tvclub.xyz/iptv/X3SB52VH9P584RLVQNY5ARNB/6289/index.m3u8,85
1760067994,,,http://rhsbjv7k.tvclub.xyz/iptv/X3SB52VH9P584RLVQNY5ARNB/6290/index.m3u8,85
1760067997,,,http://rhsbjv7k.tvclub.xyz/iptv/X3SB52VH9P584RLVQNY5ARNB/6291/index.m3u8,85
1760068001,,,http://rhsbjv7k.tvclub.xyz/iptv/X3SB52VH9P584RLVQNY5ARNB/6292/index.m3u8,85
1760068004,,,http://rhsbjv7k.tvclub.xyz/iptv/X3SB52VH9P584RLVQNY5ARNB/6293/index.m3u8,85
1760068007,,,http://rhsbjv7k.tvclub.xyz/iptv/X3SB52VH9P584RLVQNY5ARNB/6294/index.m3u8,85
1760068025,,,http://rhsbjv7k.tvclub.xyz/iptv/X3SB52VH9P584RLVQNY5ARNB/6295/index.m3u8,85
1760068029,,,http://rhsbjv7k.tvclub.xyz/iptv/X3SB52VH9P584RLVQNY5ARNB/6296/index.m3u8,85
1760068035,,,http://rhsbjv7k.tvclub.xyz/iptv/X3SB52VH9P584RLVQNY5ARNB/6298/index.m3u8,85
1760068039,,,http://rhsbjv7k.tvclub.xyz/iptv/X3SB52VH9P584RLVQNY5ARNB/9064/index.m3u8,85
1760068042,,,http://rhsbjv7k.tvclub.xyz/iptv/X3SB52VH9P584RLVQNY5ARNB/9065/index.m3u8,85
1760068047,,,http://rhsbjv7k.tvclub.xyz/iptv/X3SB52VH9P584RLVQNY5ARNB/9066/index.m3u8,85
1760068054,,,http://rhsbjv7k.tvclub.xyz/iptv/X3SB52VH9P584RLVQNY5ARNB/9344/index.m3u8,85
1760068057,,,http://rhsbjv7k.tvclub.xyz/iptv/X3SB52VH9P584RLVQNY5ARNB/9346/index.m3u8,85
1760068066,,,http://rhsbjv7k.tvclub.xyz/iptv/X3SB52VH9P584RLVQNY5ARNB/9347/index.m3u8,85
1760068072,,,http://rhsbjv7k.tvclub.xyz/iptv/X3SB52VH9P584RLVQNY5ARNB/11051/index.m3u8,86
1760068077,,,http://rhsbjv7k.tvclub.xyz/iptv/X3SB52VH9P584RLVQNY5ARNB/11052/index.m3u8,86
1760068086,,,http://rhsbjv7k.tvclub.xyz/iptv/X3SB52VH9P584RLVQNY5ARNB/11068/index.m3u8,86
1760068149,,,http://rhsbjv7k.tvclub.xyz/iptv/X3SB52VH9P584RLVQNY5ARNB/11117/index.m3u8,86
1760068152,,,http://rhsbjv7k.tvclub.xyz/iptv/X3SB52VH9P584RLVQNY5ARNB/12106/index.m3u8,86
1760068155,,,http://rhsbjv7k.tvclub.xyz/iptv/X3SB52VH9P584RLVQNY5ARNB/12107/index.m3u8,86
1760068159,,,http://rhsbjv7k.tvclub.xyz/iptv/X3SB52VH9P584RLVQNY5ARNB/12108/index.m3u8,86
1760068355,,,http://rhsbjv7k.tvclub.xyz/iptv/X3SB52VH9P584RLVQNY5ARNB/12109/index.m3u8,86
1760068358,,,http://rhsbjv7k.tvclub.xyz/iptv/X3SB52VH9P584RLVQNY5ARNB/12110/index.m3u8,86
1760068365,,,http://rhsbjv7k.tvclub.xyz/iptv/X3SB52VH9P584RLVQNY5ARNB/12111/index.m3u8,86
1760068398,,,/mnt/game/Downloads/4k xxx/Sexy Hotwife Stories 3gush.sexy.hotwife.stories.3.mp4,93
1760068439,,,http://rhsbjv7k.tvclub.xyz/iptv/X3SB52VH9P584RLVQNY5ARNB/12113/index.m3u8,86
1760068453,,,http://rhsbjv7k.tvclub.xyz/iptv/X3SB52VH9P584RLVQNY5ARNB/12121/index.m3u8,86
1760068457,,,http://rhsbjv7k.tvclub.xyz/iptv/X3SB52VH9P584RLVQNY5ARNB/12122/index.m3u8,86
1760068469,,,http://rhsbjv7k.tvclub.xyz/iptv/X3SB52VH9P584RLVQNY5ARNB/12124/index.m3u8,86
1760068471,,,http://rhsbjv7k.tvclub.xyz/iptv/X3SB52VH9P584RLVQNY5ARNB/12125/index.m3u8,86
1760068475,,,http://rhsbjv7k.tvclub.xyz/iptv/X3SB52VH9P584RLVQNY5ARNB/12128/index.m3u8,86
1760068479,,,http://rhsbjv7k.tvclub.xyz/iptv/X3SB52VH9P584RLVQNY5ARNB/12130/index.m3u8,86
1760068491,,,http://rhsbjv7k.tvclub.xyz/iptv/X3SB52VH9P584RLVQNY5ARNB/12131/index.m3u8,86
1760068516,,,http://rhsbjv7k.tvclub.xyz/iptv/X3SB52VH9P584RLVQNY5ARNB/12133/index.m3u8,86
1760068524,,,http://rhsbjv7k.tvclub.xyz/iptv/X3SB52VH9P584RLVQNY5ARNB/12135/index.m3u8,86
1760068527,,,http://rhsbjv7k.tvclub.xyz/iptv/X3SB52VH9P584RLVQNY5ARNB/12136/index.m3u8,86
1760068529,,,http://rhsbjv7k.tvclub.xyz/iptv/X3SB52VH9P584RLVQNY5ARNB/12137/index.m3u8,86
1760068532,,,http://rhsbjv7k.tvclub.xyz/iptv/X3SB52VH9P584RLVQNY5ARNB/12138/index.m3u8,86
1760068534,,,http://rhsbjv7k.tvclub.xyz/iptv/X3SB52VH9P584RLVQNY5ARNB/12139/index.m3u8,86
1760068536,,,http://rhsbjv7k.tvclub.xyz/iptv/X3SB52VH9P584RLVQNY5ARNB/12140/index.m3u8,86
1760068538,,,http://rhsbjv7k.tvclub.xyz/iptv/X3SB52VH9P584RLVQNY5ARNB/12141/index.m3u8,86
1760068540,,,http://rhsbjv7k.tvclub.xyz/iptv/X3SB52VH9P584RLVQNY5ARNB/12142/index.m3u8,86
1760068541,,,http://rhsbjv7k.tvclub.xyz/iptv/X3SB52VH9P584RLVQNY5ARNB/12143/index.m3u8,86
1760068543,,,http://rhsbjv7k.tvclub.xyz/iptv/X3SB52VH9P584RLVQNY5ARNB/12144/index.m3u8,86
1760068545,,,http://rhsbjv7k.tvclub.xyz/iptv/X3SB52VH9P584RLVQNY5ARNB/12146/index.m3u8,86
1760068548,,,http://rhsbjv7k.tvclub.xyz/iptv/X3SB52VH9P584RLVQNY5ARNB/12147/index.m3u8,86
1760068550,,,http://rhsbjv7k.tvclub.xyz/iptv/X3SB52VH9P584RLVQNY5ARNB/12148/index.m3u8,86
1760068552,,,http://rhsbjv7k.tvclub.xyz/iptv/X3SB52VH9P584RLVQNY5ARNB/12149/index.m3u8,86
1760068554,,,http://rhsbjv7k.tvclub.xyz/iptv/X3SB52VH9P584RLVQNY5ARNB/12150/index.m3u8,86
1760068557,,,http://rhsbjv7k.tvclub.xyz/iptv/X3SB52VH9P584RLVQNY5ARNB/12151/index.m3u8,86
1760068559,,,http://rhsbjv7k.tvclub.xyz/iptv/X3SB52VH9P584RLVQNY5ARNB/12152/index.m3u8,86
1760068560,,,http://rhsbjv7k.tvclub.xyz/iptv/X3SB52VH9P584RLVQNY5ARNB/12153/index.m3u8,86
1760068562,,,http://rhsbjv7k.tvclub.xyz/iptv/X3SB52VH9P584RLVQNY5ARNB/12154/index.m3u8,86
1760068564,,,http://rhsbjv7k.tvclub.xyz/iptv/X3SB52VH9P584RLVQNY5ARNB/12155/index.m3u8,86
1760068566,,,http://rhsbjv7k.tvclub.xyz/iptv/X3SB52VH9P584RLVQNY5ARNB/12156/index.m3u8,86
1760068567,,,http://rhsbjv7k.tvclub.xyz/iptv/X3SB52VH9P584RLVQNY5ARNB/12157/index.m3u8,86
1760068569,,,http://rhsbjv7k.tvclub.xyz/iptv/X3SB52VH9P584RLVQNY5ARNB/12158/index.m3u8,86
1760068571,,,http://rhsbjv7k.tvclub.xyz/iptv/X3SB52VH9P584RLVQNY5ARNB/12160/index.m3u8,86
1760068573,,,http://rhsbjv7k.tvclub.xyz/iptv/X3SB52VH9P584RLVQNY5ARNB/12161/index.m3u8,86
1760068574,,,http://rhsbjv7k.tvclub.xyz/iptv/X3SB52VH9P584RLVQNY5ARNB/12162/index.m3u8,86
1760068577,,,http://rhsbjv7k.tvclub.xyz/iptv/X3SB52VH9P584RLVQNY5ARNB/12163/index.m3u8,86
1760068579,,,http://rhsbjv7k.tvclub.xyz/iptv/X3SB52VH9P584RLVQNY5ARNB/12164/index.m3u8,86
1760068581,,,http://rhsbjv7k.tvclub.xyz/iptv/X3SB52VH9P584RLVQNY5ARNB/12165/index.m3u8,86
1760068583,,,http://rhsbjv7k.tvclub.xyz/iptv/X3SB52VH9P584RLVQNY5ARNB/12166/index.m3u8,86
1760068585,,,http://rhsbjv7k.tvclub.xyz/iptv/X3SB52VH9P584RLVQNY5ARNB/12167/index.m3u8,86
1760068587,,,http://rhsbjv7k.tvclub.xyz/iptv/X3SB52VH9P584RLVQNY5ARNB/12168/index.m3u8,86
1760068638,,,http://rhsbjv7k.tvclub.xyz/iptv/X3SB52VH9P584RLVQNY5ARNB/12168/index.m3u8,86
1760068689,,,http://rhsbjv7k.tvclub.xyz/iptv/X3SB52VH9P584RLVQNY5ARNB/12168/index.m3u8,86
1760068740,,,http://rhsbjv7k.tvclub.xyz/iptv/X3SB52VH9P584RLVQNY5ARNB/12168/index.m3u8,86
1760068792,,,http://rhsbjv7k.tvclub.xyz/iptv/X3SB52VH9P584RLVQNY5ARNB/12168/index.m3u8,86
1760068843,,,http://rhsbjv7k.tvclub.xyz/iptv/X3SB52VH9P584RLVQNY5ARNB/12168/index.m3u8,86
1760068894,,,http://rhsbjv7k.tvclub.xyz/iptv/X3SB52VH9P584RLVQNY5ARNB/12168/index.m3u8,86
1760068945,,,http://rhsbjv7k.tvclub.xyz/iptv/X3SB52VH9P584RLVQNY5ARNB/12168/index.m3u8,86
1760068996,,,http://rhsbjv7k.tvclub.xyz/iptv/X3SB52VH9P584RLVQNY5ARNB/12168/index.m3u8,86
1760069047,,,http://rhsbjv7k.tvclub.xyz/iptv/X3SB52VH9P584RLVQNY5ARNB/12168/index.m3u8,86
1760069098,,,http://rhsbjv7k.tvclub.xyz/iptv/X3SB52VH9P584RLVQNY5ARNB/12168/index.m3u8,86
1760414278,12,Banana Fever,http://rhsbjv7k.tvclub.xyz/iptv/X3SB52VH9P584RLVQNY5ARNB/12168/index.m3u8,100
1760414291,13,Asshole Fever,http://rhsbjv7k.tvclub.xyz/iptv/X3SB52VH9P584RLVQNY5ARNB/12169/index.m3u8,101
1760414304,10,Ass Parade,http://rhsbjv7k.tvclub.xyz/iptv/X3SB52VH9P584RLVQNY5ARNB/12178/index.m3u8,98
1760414316,9,Anal Time,http://rhsbjv7k.tvclub.xyz/iptv/X3SB52VH9P584RLVQNY5ARNB/12181/index.m3u8,96
1760414319,16,Anal Teen Angels,http://rhsbjv7k.tvclub.xyz/iptv/X3SB52VH9P584RLVQNY5ARNB/12183/index.m3u8,104
1760414330,9,Anal Only,http://rhsbjv7k.tvclub.xyz/iptv/X3SB52VH9P584RLVQNY5ARNB/12184/index.m3u8,96
1760414335,12,Hot Wife XXX,http://rhsbjv7k.tvclub.xyz/iptv/X3SB52VH9P584RLVQNY5ARNB/12187/index.m3u8,100
1760414342,5,Tushy,http://rhsbjv7k.tvclub.xyz/iptv/X3SB52VH9P584RLVQNY5ARNB/12188/index.m3u8,92
1760414350,8,Anal Mom,http://rhsbjv7k.tvclub.xyz/iptv/X3SB52VH9P584RLVQNY5ARNB/12189/index.m3u8,95
1760414354,7,Anal 4K,http://rhsbjv7k.tvclub.xyz/iptv/X3SB52VH9P584RLVQNY5ARNB/12190/index.m3u8,94
1760414362,13,Amateur Boxxx,http://rhsbjv7k.tvclub.xyz/iptv/X3SB52VH9P584RLVQNY5ARNB/12191/index.m3u8,101
1760414366,8,All Anal,http://rhsbjv7k.tvclub.xyz/iptv/X3SB52VH9P584RLVQNY5ARNB/12192/index.m3u8,95
1760414369,11,Alex Legend,http://rhsbjv7k.tvclub.xyz/iptv/X3SB52VH9P584RLVQNY5ARNB/12193/index.m3u8,99
1760414411,13,Alba XXX 2 HD,http://rhsbjv7k.tvclub.xyz/iptv/X3SB52VH9P584RLVQNY5ARNB/12194/index.m3u8,101
1760414417,13,Alba XXX 1 HD,http://rhsbjv7k.tvclub.xyz/iptv/X3SB52VH9P584RLVQNY5ARNB/12204/index.m3u8,101
1760414424,10,21 Sextury,http://rhsbjv7k.tvclub.xyz/iptv/X3SB52VH9P584RLVQNY5ARNB/12205/index.m3u8,98
1760414437,19,XXX Love's Berry HD,http://rhsbjv7k.tvclub.xyz/iptv/X3SB52VH9P584RLVQNY5ARNB/14140/index.m3u8,107
1760414478,,,http://rhsbjv7k.tvclub.xyz/iptv/X3SB52VH9P584RLVQNY5ARNB/14140/index.m3u8,86
1760414488,,,http://rhsbjv7k.tvclub.xyz/iptv/X3SB52VH9P584RLVQNY5ARNB/14176/index.m3u8,86
1760414578,,,http://rhsbjv7k.tvclub.xyz/iptv/X3SB52VH9P584RLVQNY5ARNB/16069/index.m3u8,86
1760414583,,,http://rhsbjv7k.tvclub.xyz/iptv/X3SB52VH9P584RLVQNY5ARNB/18060/index.m3u8,86
1760414586,,,http://rhsbjv7k.tvclub.xyz/iptv/X3SB52VH9P584RLVQNY5ARNB/18075/index.m3u8,86
1760414590,,,http://rhsbjv7k.tvclub.xyz/iptv/X3SB52VH9P584RLVQNY5ARNB/18076/index.m3u8,86
1760414593,,,http://rhsbjv7k.tvclub.xyz/iptv/X3SB52VH9P584RLVQNY5ARNB/18053/index.m3u8,86
1760414600,,,http://rhsbjv7k.tvclub.xyz/iptv/X3SB52VH9P584RLVQNY5ARNB/20089/index.m3u8,86
1760414604,,,http://rhsbjv7k.tvclub.xyz/iptv/X3SB52VH9P584RLVQNY5ARNB/20090/index.m3u8,86
1760414611,,,http://rhsbjv7k.tvclub.xyz/iptv/X3SB52VH9P584RLVQNY5ARNB/31707/index.m3u8,86
1760414617,,,http://rhsbjv7k.tvclub.xyz/iptv/X3SB52VH9P584RLVQNY5ARNB/31709/index.m3u8,86
1760414621,,,http://rhsbjv7k.tvclub.xyz/iptv/X3SB52VH9P584RLVQNY5ARNB/31716/index.m3u8,86
1760414638,,,http://rhsbjv7k.tvclub.xyz/iptv/X3SB52VH9P584RLVQNY5ARNB/20219/index.m3u8,86
1760414641,,,http://rhsbjv7k.tvclub.xyz/iptv/X3SB52VH9P584RLVQNY5ARNB/14158/index.m3u8,86
1760414644,,,http://rhsbjv7k.tvclub.xyz/iptv/X3SB52VH9P584RLVQNY5ARNB/527/index.m3u8,84
1760414647,,,http://rhsbjv7k.tvclub.xyz/iptv/X3SB52VH9P584RLVQNY5ARNB/10049/index.m3u8,86
1760414660,,,http://rhsbjv7k.tvclub.xyz/iptv/X3SB52VH9P584RLVQNY5ARNB/147/index.m3u8,84
1760414664,,,http://rhsbjv7k.tvclub.xyz/iptv/X3SB52VH9P584RLVQNY5ARNB/910/index.m3u8,84
1760414668,,,http://rhsbjv7k.tvclub.xyz/iptv/X3SB52VH9P584RLVQNY5ARNB/1064/index.m3u8,85
1760414674,,,http://rhsbjv7k.tvclub.xyz/iptv/X3SB52VH9P584RLVQNY5ARNB/242/index.m3u8,84
1760414742,,,http://rhsbjv7k.tvclub.xyz/iptv/X3SB52VH9P584RLVQNY5ARNB/243/index.m3u8,84
1760414750,,,http://rhsbjv7k.tvclub.xyz/iptv/X3SB52VH9P584RLVQNY5ARNB/244/index.m3u8,84
1760414770,,,http://rhsbjv7k.tvclub.xyz/iptv/X3SB52VH9P584RLVQNY5ARNB/245/index.m3u8,84
1760414775,,,http://rhsbjv7k.tvclub.xyz/iptv/X3SB52VH9P584RLVQNY5ARNB/2161/index.m3u8,85
1760414781,,,http://rhsbjv7k.tvclub.xyz/iptv/X3SB52VH9P584RLVQNY5ARNB/2162/index.m3u8,85
1760414785,,,http://rhsbjv7k.tvclub.xyz/iptv/X3SB52VH9P584RLVQNY5ARNB/2397/index.m3u8,85
1760414790,,,http://rhsbjv7k.tvclub.xyz/iptv/X3SB52VH9P584RLVQNY5ARNB/5009/index.m3u8,85
1760414801,,,http://rhsbjv7k.tvclub.xyz/iptv/X3SB52VH9P584RLVQNY5ARNB/5010/index.m3u8,85
1760414812,,,http://rhsbjv7k.tvclub.xyz/iptv/X3SB52VH9P584RLVQNY5ARNB/5011/index.m3u8,85
1760414815,,,http://rhsbjv7k.tvclub.xyz/iptv/X3SB52VH9P584RLVQNY5ARNB/5012/index.m3u8,85
1760414823,,,http://rhsbjv7k.tvclub.xyz/iptv/X3SB52VH9P584RLVQNY5ARNB/5013/index.m3u8,85
1760414828,,,http://rhsbjv7k.tvclub.xyz/iptv/X3SB52VH9P584RLVQNY5ARNB/5014/index.m3u8,85
1760414892,,,http://rhsbjv7k.tvclub.xyz/iptv/X3SB52VH9P584RLVQNY5ARNB/5015/index.m3u8,85
1760414901,,,http://rhsbjv7k.tvclub.xyz/iptv/X3SB52VH9P584RLVQNY5ARNB/6165/index.m3u8,85
1760414904,,,http://rhsbjv7k.tvclub.xyz/iptv/X3SB52VH9P584RLVQNY5ARNB/6166/index.m3u8,85
1760414907,,,http://rhsbjv7k.tvclub.xyz/iptv/X3SB52VH9P584RLVQNY5ARNB/6167/index.m3u8,85
1760414911,,,http://rhsbjv7k.tvclub.xyz/iptv/X3SB52VH9P584RLVQNY5ARNB/6168/index.m3u8,85
1760414921,,,http://rhsbjv7k.tvclub.xyz/iptv/X3SB52VH9P584RLVQNY5ARNB/6171/index.m3u8,85
1760414932,,,http://rhsbjv7k.tvclub.xyz/iptv/X3SB52VH9P584RLVQNY5ARNB/6172/index.m3u8,85
1760414939,,,http://rhsbjv7k.tvclub.xyz/iptv/X3SB52VH9P584RLVQNY5ARNB/6173/index.m3u8,85
1760415000,,,http://rhsbjv7k.tvclub.xyz/iptv/X3SB52VH9P584RLVQNY5ARNB/6173/index.m3u8,85
1760415003,,,http://rhsbjv7k.tvclub.xyz/iptv/X3SB52VH9P584RLVQNY5ARNB/6174/index.m3u8,85
1760415006,,,http://rhsbjv7k.tvclub.xyz/iptv/X3SB52VH9P584RLVQNY5ARNB/6175/index.m3u8,85
1760415009,,,http://rhsbjv7k.tvclub.xyz/iptv/X3SB52VH9P584RLVQNY5ARNB/6176/index.m3u8,85
1760415013,,,http://rhsbjv7k.tvclub.xyz/iptv/X3SB52VH9P584RLVQNY5ARNB/6177/index.m3u8,85
1760415017,,,http://rhsbjv7k.tvclub.xyz/iptv/X3SB52VH9P584RLVQNY5ARNB/6178/index.m3u8,85
1760415021,,,http://rhsbjv7k.tvclub.xyz/iptv/X3SB52VH9P584RLVQNY5ARNB/6180/index.m3u8,85
1760415024,,,http://rhsbjv7k.tvclub.xyz/iptv/X3SB52VH9P584RLVQNY5ARNB/6181/index.m3u8,85
1760415027,,,http://rhsbjv7k.tvclub.xyz/iptv/X3SB52VH9P584RLVQNY5ARNB/6182/index.m3u8,85
1760415031,,,http://rhsbjv7k.tvclub.xyz/iptv/X3SB52VH9P584RLVQNY5ARNB/6183/index.m3u8,85
1760415033,,,http://rhsbjv7k.tvclub.xyz/iptv/X3SB52VH9P584RLVQNY5ARNB/6185/index.m3u8,85
1760415036,,,http://rhsbjv7k.tvclub.xyz/iptv/X3SB52VH9P584RLVQNY5ARNB/6186/index.m3u8,85
1760415038,,,http://rhsbjv7k.tvclub.xyz/iptv/X3SB52VH9P584RLVQNY5ARNB/6187/index.m3u8,85
1760415041,,,http://rhsbjv7k.tvclub.xyz/iptv/X3SB52VH9P584RLVQNY5ARNB/6188/index.m3u8,85
1760415044,,,http://rhsbjv7k.tvclub.xyz/iptv/X3SB52VH9P584RLVQNY5ARNB/6189/index.m3u8,85
1760415051,,,http://rhsbjv7k.tvclub.xyz/iptv/X3SB52VH9P584RLVQNY5ARNB/6191/index.m3u8,85
1760415064,,,http://rhsbjv7k.tvclub.xyz/iptv/X3SB52VH9P584RLVQNY5ARNB/6192/index.m3u8,85
1760415068,,,http://rhsbjv7k.tvclub.xyz/iptv/X3SB52VH9P584RLVQNY5ARNB/6193/index.m3u8,85
1760415071,,,http://rhsbjv7k.tvclub.xyz/iptv/X3SB52VH9P584RLVQNY5ARNB/6194/index.m3u8,85
1760415079,,,http://rhsbjv7k.tvclub.xyz/iptv/X3SB52VH9P584RLVQNY5ARNB/6195/index.m3u8,85
1760415082,,,http://rhsbjv7k.tvclub.xyz/iptv/X3SB52VH9P584RLVQNY5ARNB/6196/index.m3u8,85
1760415115,,,http://rhsbjv7k.tvclub.xyz/iptv/X3SB52VH9P584RLVQNY5ARNB/6197/index.m3u8,85
1760415124,,,http://rhsbjv7k.tvclub.xyz/iptv/X3SB52VH9P584RLVQNY5ARNB/6198/index.m3u8,85
1760415134,,,http://rhsbjv7k.tvclub.xyz/iptv/X3SB52VH9P584RLVQNY5ARNB/6199/index.m3u8,85
1760415139,,,http://rhsbjv7k.tvclub.xyz/iptv/X3SB52VH9P584RLVQNY5ARNB/6200/index.m3u8,85
1760415143,,,http://rhsbjv7k.tvclub.xyz/iptv/X3SB52VH9P584RLVQNY5ARNB/6202/index.m3u8,85
1760415251,,,http://rhsbjv7k.tvclub.xyz/iptv/X3SB52VH9P584RLVQNY5ARNB/6208/index.m3u8,85
1760415254,,,http://rhsbjv7k.tvclub.xyz/iptv/X3SB52VH9P584RLVQNY5ARNB/6212/index.m3u8,85
1760415263,,,http://rhsbjv7k.tvclub.xyz/iptv/X3SB52VH9P584RLVQNY5ARNB/6213/index.m3u8,85
1760415265,,,http://rhsbjv7k.tvclub.xyz/iptv/X3SB52VH9P584RLVQNY5ARNB/6214/index.m3u8,85
1760415271,,,http://rhsbjv7k.tvclub.xyz/iptv/X3SB52VH9P584RLVQNY5ARNB/6215/index.m3u8,85
1760415274,,,http://rhsbjv7k.tvclub.xyz/iptv/X3SB52VH9P584RLVQNY5ARNB/6216/index.m3u8,85
1760415276,,,http://rhsbjv7k.tvclub.xyz/iptv/X3SB52VH9P584RLVQNY5ARNB/6217/index.m3u8,85
1760415413,,,http://rhsbjv7k.tvclub.xyz/iptv/X3SB52VH9P584RLVQNY5ARNB/6218/index.m3u8,85
1760415417,,,http://rhsbjv7k.tvclub.xyz/iptv/X3SB52VH9P584RLVQNY5ARNB/6219/index.m3u8,85
1760415421,,,http://rhsbjv7k.tvclub.xyz/iptv/X3SB52VH9P584RLVQNY5ARNB/6220/index.m3u8,85
1760415424,,,http://rhsbjv7k.tvclub.xyz/iptv/X3SB52VH9P584RLVQNY5ARNB/6221/index.m3u8,85
1760415431,,,http://rhsbjv7k.tvclub.xyz/iptv/X3SB52VH9P584RLVQNY5ARNB/6222/index.m3u8,85
1760415439,,,http://rhsbjv7k.tvclub.xyz/iptv/X3SB52VH9P584RLVQNY5ARNB/6223/index.m3u8,85
1760415453,,,http://rhsbjv7k.tvclub.xyz/iptv/X3SB52VH9P584RLVQNY5ARNB/6224/index.m3u8,85
1760415457,,,http://rhsbjv7k.tvclub.xyz/iptv/X3SB52VH9P584RLVQNY5ARNB/6225/index.m3u8,85
1760415460,,,http://rhsbjv7k.tvclub.xyz/iptv/X3SB52VH9P584RLVQNY5ARNB/6226/index.m3u8,85
1760415463,,,http://rhsbjv7k.tvclub.xyz/iptv/X3SB52VH9P584RLVQNY5ARNB/6227/index.m3u8,85
1760415468,,,http://rhsbjv7k.tvclub.xyz/iptv/X3SB52VH9P584RLVQNY5ARNB/6228/index.m3u8,85
1760415472,,,http://rhsbjv7k.tvclub.xyz/iptv/X3SB52VH9P584RLVQNY5ARNB/6229/index.m3u8,85
1760434884,15,Lethal Hardcore,http://rhsbjv7k.tvclub.xyz/iptv/X3SB52VH9P584RLVQNY5ARNB/6229/index.m3u8,102
1760435008,16,Little Asians HD,http://rhsbjv7k.tvclub.xyz/iptv/X3SB52VH9P584RLVQNY5ARNB/6230/index.m3u8,103
1760435010,16,Red TV Live Cams,http://rhsbjv7k.tvclub.xyz/iptv/X3SB52VH9P584RLVQNY5ARNB/6231/index.m3u8,103
1760435030,16,Red TV Live Cams,http://rhsbjv7k.tvclub.xyz/iptv/X3SB52VH9P584RLVQNY5ARNB/6231/index.m3u8,103
1760435278,16,Red TV Live Cams,http://rhsbjv7k.tvclub.xyz/iptv/X3SB52VH9P584RLVQNY5ARNB/6231/index.m3u8,103
1760435281,11,Lust Cinema,http://rhsbjv7k.tvclub.xyz/iptv/X3SB52VH9P584RLVQNY5ARNB/6232/index.m3u8,98
1760435287,9,MetArt HD,http://rhsbjv7k.tvclub.xyz/iptv/X3SB52VH9P584RLVQNY5ARNB/6233/index.m3u8,95
1760435293,11,Red TV Milf,http://rhsbjv7k.tvclub.xyz/iptv/X3SB52VH9P584RLVQNY5ARNB/6234/index.m3u8,98
1760435304,16,Monsters of Cock,http://rhsbjv7k.tvclub.xyz/iptv/X3SB52VH9P584RLVQNY5ARNB/6235/index.m3u8,103
1760435310,10,MYLF TV HD,http://rhsbjv7k.tvclub.xyz/iptv/X3SB52VH9P584RLVQNY5ARNB/6236/index.m3u8,97
1760435316,15,Naughty America,http://rhsbjv7k.tvclub.xyz/iptv/X3SB52VH9P584RLVQNY5ARNB/6237/index.m3u8,102
1760435336,13,Nubiles TV HD,http://rhsbjv7k.tvclub.xyz/iptv/X3SB52VH9P584RLVQNY5ARNB/6238/index.m3u8,100
1760435444,13,Pink Erotic 3,http://rhsbjv7k.tvclub.xyz/iptv/X3SB52VH9P584RLVQNY5ARNB/6240/index.m3u8,100
1760435447,13,Pink Erotic 4,http://rhsbjv7k.tvclub.xyz/iptv/X3SB52VH9P584RLVQNY5ARNB/6241/index.m3u8,100
1760435459,12,Playboy Plus,http://rhsbjv7k.tvclub.xyz/iptv/X3SB52VH9P584RLVQNY5ARNB/6242/index.m3u8,99
1760435462,15,Red TV Pornstar,http://rhsbjv7k.tvclub.xyz/iptv/X3SB52VH9P584RLVQNY5ARNB/6243/index.m3u8,102
1760435465,10,Red TV POV,http://rhsbjv7k.tvclub.xyz/iptv/X3SB52VH9P584RLVQNY5ARNB/6244/index.m3u8,97
1760435471,14,Private.com HD,http://rhsbjv7k.tvclub.xyz/iptv/X3SB52VH9P584RLVQNY5ARNB/6245/index.m3u8,101
1760435474,12,Public Agent,http://rhsbjv7k.tvclub.xyz/iptv/X3SB52VH9P584RLVQNY5ARNB/6246/index.m3u8,99
1760435477,16,Reality Kings HD,http://rhsbjv7k.tvclub.xyz/iptv/X3SB52VH9P584RLVQNY5ARNB/6247/index.m3u8,103
1760435480,8,RK Prime,http://rhsbjv7k.tvclub.xyz/iptv/X3SB52VH9P584RLVQNY5ARNB/6248/index.m3u8,94
1760435485,5,RK TV,http://rhsbjv7k.tvclub.xyz/iptv/X3SB52VH9P584RLVQNY5ARNB/6249/index.m3u8,91
1760435494,12,Red TV Rough,http://rhsbjv7k.tvclub.xyz/iptv/X3SB52VH9P584RLVQNY5ARNB/6250/index.m3u8,99
1760435518,14,Red TV Russian,http://rhsbjv7k.tvclub.xyz/iptv/X3SB52VH9P584RLVQNY5ARNB/6251/index.m3u8,101
1760435521,16,Sex With Muslims,http://rhsbjv7k.tvclub.xyz/iptv/X3SB52VH9P584RLVQNY5ARNB/6252/index.m3u8,103
1760435529,6,SexArt,http://rhsbjv7k.tvclub.xyz/iptv/X3SB52VH9P584RLVQNY5ARNB/6253/index.m3u8,92
1760435535,10,SINematica,http://rhsbjv7k.tvclub.xyz/iptv/X3SB52VH9P584RLVQNY5ARNB/6255/index.m3u8,97
1760435548,11,Red TV Teen,http://rhsbjv7k.tvclub.xyz/iptv/X3SB52VH9P584RLVQNY5ARNB/6256/index.m3u8,98
1760435551,16,Red TV Threesome,http://rhsbjv7k.tvclub.xyz/iptv/X3SB52VH9P584RLVQNY5ARNB/6257/index.m3u8,103
1760435572,6,Tiny4K,http://rhsbjv7k.tvclub.xyz/iptv/X3SB52VH9P584RLVQNY5ARNB/6258/index.m3u8,92
1760435843,12,Trans Angels,http://rhsbjv7k.tvclub.xyz/iptv/X3SB52VH9P584RLVQNY5ARNB/6259/index.m3u8,99
1760435849,13,True Amateurs,http://rhsbjv7k.tvclub.xyz/iptv/X3SB52VH9P584RLVQNY5ARNB/6260/index.m3u8,100
1760435854,8,Tushy HD,http://rhsbjv7k.tvclub.xyz/iptv/X3SB52VH9P584RLVQNY5ARNB/6261/index.m3u8,94
1760435903,8,Tushy HD,http://rhsbjv7k.tvclub.xyz/iptv/X3SB52VH9P584RLVQNY5ARNB/6261/index.m3u8,94
1760435963,,,http://rhsbjv7k.tvclub.xyz/iptv/X3SB52VH9P584RLVQNY5ARNB/20219/index.m3u8,86
1760435974,23,VF Граиндхаус,http://rhsbjv7k.tvclub.xyz/iptv/X3SB52VH9P584RLVQNY5ARNB/14158/index.m3u8,111
1760435977,7,Playboy,http://rhsbjv7k.tvclub.xyz/iptv/X3SB52VH9P584RLVQNY5ARNB/527/index.m3u8,92
1760435981,11,Eromania 4K,http://rhsbjv7k.tvclub.xyz/iptv/X3SB52VH9P584RLVQNY5ARNB/10049/index.m3u8,99
1760435987,23,Русская Ночь,http://rhsbjv7k.tvclub.xyz/iptv/X3SB52VH9P584RLVQNY5ARNB/147/index.m3u8,109
1760435990,31,Brazzers TV Europe Россия,http://rhsbjv7k.tvclub.xyz/iptv/X3SB52VH9P584RLVQNY5ARNB/910/index.m3u8,117
1760435995,12,Blue Hustler,http://rhsbjv7k.tvclub.xyz/iptv/X3SB52VH9P584RLVQNY5ARNB/1064/index.m3u8,99
1760436000,11,Redlight HD,http://rhsbjv7k.tvclub.xyz/iptv/X3SB52VH9P584RLVQNY5ARNB/242/index.m3u8,97
1760436005,10,Private TV,http://rhsbjv7k.tvclub.xyz/iptv/X3SB52VH9P584RLVQNY5ARNB/243/index.m3u8,96
1760436013,10,Hustler HD,http://rhsbjv7k.tvclub.xyz/iptv/X3SB52VH9P584RLVQNY5ARNB/244/index.m3u8,96
1760436016,12,Dorcel TV HD,http://rhsbjv7k.tvclub.xyz/iptv/X3SB52VH9P584RLVQNY5ARNB/245/index.m3u8,98
1760436047,8,Babes TV,http://rhsbjv7k.tvclub.xyz/iptv/X3SB52VH9P584RLVQNY5ARNB/2161/index.m3u8,94
1760436052,12,Vivid Red HD,http://rhsbjv7k.tvclub.xyz/iptv/X3SB52VH9P584RLVQNY5ARNB/2162/index.m3u8,99
1760436055,12,Exxxotica HD,http://rhsbjv7k.tvclub.xyz/iptv/X3SB52VH9P584RLVQNY5ARNB/2397/index.m3u8,99
1760436064,3,XXL,http://rhsbjv7k.tvclub.xyz/iptv/X3SB52VH9P584RLVQNY5ARNB/5009/index.m3u8,89
1760436066,20,Penthouse Passion HD,http://rhsbjv7k.tvclub.xyz/iptv/X3SB52VH9P584RLVQNY5ARNB/5010/index.m3u8,107
1760436071,17,Penthouse Gold HD,http://rhsbjv7k.tvclub.xyz/iptv/X3SB52VH9P584RLVQNY5ARNB/5011/index.m3u8,104
1760436075,23,Penthouse Reality TV HD,http://rhsbjv7k.tvclub.xyz/iptv/X3SB52VH9P584RLVQNY5ARNB/5012/index.m3u8,110
1760436078,24,Penthouse Reality TV FHD,http://rhsbjv7k.tvclub.xyz/iptv/X3SB52VH9P584RLVQNY5ARNB/5013/index.m3u8,111
1760436084,18,Extasy Platinum 4K,http://rhsbjv7k.tvclub.xyz/iptv/X3SB52VH9P584RLVQNY5ARNB/5014/index.m3u8,105
1760436179,9,Eroxxx HD,http://rhsbjv7k.tvclub.xyz/iptv/X3SB52VH9P584RLVQNY5ARNB/5015/index.m3u8,95
1760436185,9,SexArt HD,http://rhsbjv7k.tvclub.xyz/iptv/X3SB52VH9P584RLVQNY5ARNB/6165/index.m3u8,95
1760436210,10,Adult Time,http://rhsbjv7k.tvclub.xyz/iptv/X3SB52VH9P584RLVQNY5ARNB/6166/index.m3u8,97
1760436213,11,Red TV Anal,http://rhsbjv7k.tvclub.xyz/iptv/X3SB52VH9P584RLVQNY5ARNB/6167/index.m3u8,98
1760436218,11,Analized HD,http://rhsbjv7k.tvclub.xyz/iptv/X3SB52VH9P584RLVQNY5ARNB/6168/index.m3u8,98
1760436235,12,Babes.com HD,http://rhsbjv7k.tvclub.xyz/iptv/X3SB52VH9P584RLVQNY5ARNB/6171/index.m3u8,99
1760436290,5,Babes,http://rhsbjv7k.tvclub.xyz/iptv/X3SB52VH9P584RLVQNY5ARNB/6172/index.m3u8,91
1760673662,5,Babes,http://rhsbjv7k.tvclub.xyz/iptv/X3SB52VH9P584RLVQNY5ARNB/6172/index.m3u8,91
1760673673,12,Bang Bros HD,http://rhsbjv7k.tvclub.xyz/iptv/X3SB52VH9P584RLVQNY5ARNB/6173/index.m3u8,99
1760673737,17,Шрек 2 (2004),https://vod.plvideo.ru/FbZEopwh/cXyXEGJ0A4/zE2SWKS6fKdKbyrGfPe/ZX,97
1760673757,12,Bang Bros HD,http://rhsbjv7k.tvclub.xyz/iptv/X3SB52VH9P584RLVQNY5ARNB/6173/index.m3u8,99
1760673761,5,Bang!,http://rhsbjv7k.tvclub.xyz/iptv/X3SB52VH9P584RLVQNY5ARNB/6174/index.m3u8,91
1760673843,5,Bang!,http://rhsbjv7k.tvclub.xyz/iptv/X3SB52VH9P584RLVQNY5ARNB/6174/index.m3u8,91
1760673855,15,Red TV Big Dick,http://rhsbjv7k.tvclub.xyz/iptv/X3SB52VH9P584RLVQNY5ARNB/6176/index.m3u8,102
1760674116,15,Red TV Big Dick,http://rhsbjv7k.tvclub.xyz/iptv/X3SB52VH9P584RLVQNY5ARNB/6176/index.m3u8,102
1760674130,15,Red TV Big Tits,http://rhsbjv7k.tvclub.xyz/iptv/X3SB52VH9P584RLVQNY5ARNB/6177/index.m3u8,102
1760674154,10,Blacked HD,http://rhsbjv7k.tvclub.xyz/iptv/X3SB52VH9P584RLVQNY5ARNB/6178/index.m3u8,97
1760674399,10,Blacked HD,http://rhsbjv7k.tvclub.xyz/iptv/X3SB52VH9P584RLVQNY5ARNB/6178/index.m3u8,97
1760674409,14,Red TV Blowjob,http://rhsbjv7k.tvclub.xyz/iptv/X3SB52VH9P584RLVQNY5ARNB/6180/index.m3u8,101
1760674412,15,Brazzers eXXtra,http://rhsbjv7k.tvclub.xyz/iptv/X3SB52VH9P584RLVQNY5ARNB/6181/index.m3u8,102
1760674419,11,Brazzers HD,http://rhsbjv7k.tvclub.xyz/iptv/X3SB52VH9P584RLVQNY5ARNB/6182/index.m3u8,98
1760674425,15,Red TV Brunette,http://rhsbjv7k.tvclub.xyz/iptv/X3SB52VH9P584RLVQNY5ARNB/6183/index.m3u8,102
1760674429,12,Cherry Pimps,http://rhsbjv7k.tvclub.xyz/iptv/X3SB52VH9P584RLVQNY5ARNB/6185/index.m3u8,99
1760674432,19,Club Sweethearts HD,http://rhsbjv7k.tvclub.xyz/iptv/X3SB52VH9P584RLVQNY5ARNB/6186/index.m3u8,106
1760674435,18,Red TV Compilation,http://rhsbjv7k.tvclub.xyz/iptv/X3SB52VH9P584RLVQNY5ARNB/6187/index.m3u8,105
1760674438,14,Red TV Cuckold,http://rhsbjv7k.tvclub.xyz/iptv/X3SB52VH9P584RLVQNY5ARNB/6188/index.m3u8,101
1760674443,10,Cum Louder,http://rhsbjv7k.tvclub.xyz/iptv/X3SB52VH9P584RLVQNY5ARNB/6189/index.m3u8,97
1760674446,13,Daughter Swap,http://rhsbjv7k.tvclub.xyz/iptv/X3SB52VH9P584RLVQNY5ARNB/6191/index.m3u8,100
1760674450,19,Day with a Pornstar,http://rhsbjv7k.tvclub.xyz/iptv/X3SB52VH9P584RLVQNY5ARNB/6192/index.m3u8,106
1760674458,9,DDF Busty,http://rhsbjv7k.tvclub.xyz/iptv/X3SB52VH9P584RLVQNY5ARNB/6193/index.m3u8,95
1760674520,11,DDF Network,http://rhsbjv7k.tvclub.xyz/iptv/X3SB52VH9P584RLVQNY5ARNB/6194/index.m3u8,98
1760674535,17,Digital Desire HD,http://rhsbjv7k.tvclub.xyz/iptv/X3SB52VH9P584RLVQNY5ARNB/6195/index.m3u8,104
1760674559,21,Digital Playground HD,http://rhsbjv7k.tvclub.xyz/iptv/X3SB52VH9P584RLVQNY5ARNB/6196/index.m3u8,108
1760674566,11,Dorcel Club,http://rhsbjv7k.tvclub.xyz/iptv/X3SB52VH9P584RLVQNY5ARNB/6197/index.m3u8,98
1760674569,11,Porn Angels,http://rhsbjv7k.tvclub.xyz/iptv/X3SB52VH9P584RLVQNY5ARNB/6198/index.m3u8,98
1760674579,13,Evil Angel HD,http://rhsbjv7k.tvclub.xyz/iptv/X3SB52VH9P584RLVQNY5ARNB/6199/index.m3u8,100
1760674583,14,Evolved Fights,http://rhsbjv7k.tvclub.xyz/iptv/X3SB52VH9P584RLVQNY5ARNB/6200/index.m3u8,101
1760674631,12,Fake Taxi HD,http://rhsbjv7k.tvclub.xyz/iptv/X3SB52VH9P584RLVQNY5ARNB/6202/index.m3u8,99
1760674929,18,Fap TV Compilation,http://rhsbjv7k.tvclub.xyz/iptv/X3SB52VH9P584RLVQNY5ARNB/6208/index.m3u8,105
1760674932,6,FemJoy,http://rhsbjv7k.tvclub.xyz/iptv/X3SB52VH9P584RLVQNY5ARNB/6212/index.m3u8,92
1760674935,13,Red TV Fetish,http://rhsbjv7k.tvclub.xyz/iptv/X3SB52VH9P584RLVQNY5ARNB/6213/index.m3u8,100
1760674937,15,Red TV Gangbang,http://rhsbjv7k.tvclub.xyz/iptv/X3SB52VH9P584RLVQNY5ARNB/6214/index.m3u8,102
1760674940,10,Red TV Gay,http://rhsbjv7k.tvclub.xyz/iptv/X3SB52VH9P584RLVQNY5ARNB/6215/index.m3u8,97
1760674943,8,Got MYLF,http://rhsbjv7k.tvclub.xyz/iptv/X3SB52VH9P584RLVQNY5ARNB/6216/index.m3u8,94
1760674946,21,DDF Hands on Hardcore,http://rhsbjv7k.tvclub.xyz/iptv/X3SB52VH9P584RLVQNY5ARNB/6217/index.m3u8,108
1760674952,6,Hard X,http://rhsbjv7k.tvclub.xyz/iptv/X3SB52VH9P584RLVQNY5ARNB/6218/index.m3u8,92
1760674954,15,Red TV Hardcore,http://rhsbjv7k.tvclub.xyz/iptv/X3SB52VH9P584RLVQNY5ARNB/6219/index.m3u8,102
1760674957,12,Hitzefrei HD,http://rhsbjv7k.tvclub.xyz/iptv/X3SB52VH9P584RLVQNY5ARNB/6220/index.m3u8,99
1760674959,5,Holed,http://rhsbjv7k.tvclub.xyz/iptv/X3SB52VH9P584RLVQNY5ARNB/6221/index.m3u8,91
1760674961,12,Hot and Mean,http://rhsbjv7k.tvclub.xyz/iptv/X3SB52VH9P584RLVQNY5ARNB/6222/index.m3u8,99
1760674964,13,Hot Guys Fuck,http://rhsbjv7k.tvclub.xyz/iptv/X3SB52VH9P584RLVQNY5ARNB/6223/index.m3u8,100
1760674974,18,Red TV Interracial,http://rhsbjv7k.tvclub.xyz/iptv/X3SB52VH9P584RLVQNY5ARNB/6224/index.m3u8,105
1760674975,9,Japan HDV,http://rhsbjv7k.tvclub.xyz/iptv/X3SB52VH9P584RLVQNY5ARNB/6225/index.m3u8,95
1760674979,13,Red TV Latina,http://rhsbjv7k.tvclub.xyz/iptv/X3SB52VH9P584RLVQNY5ARNB/6226/index.m3u8,100
1760674981,6,Lesbea,http://rhsbjv7k.tvclub.xyz/iptv/X3SB52VH9P584RLVQNY5ARNB/6227/index.m3u8,92
1760674995,14,Red TV Lesbian,http://rhsbjv7k.tvclub.xyz/iptv/X3SB52VH9P584RLVQNY5ARNB/6228/index.m3u8,101
1760674997,15,Lethal Hardcore,http://rhsbjv7k.tvclub.xyz/iptv/X3SB52VH9P584RLVQNY5ARNB/6229/index.m3u8,102
1760674999,16,Little Asians HD,http://rhsbjv7k.tvclub.xyz/iptv/X3SB52VH9P584RLVQNY5ARNB/6230/index.m3u8,103
1760675034,16,Red TV Live Cams,http://rhsbjv7k.tvclub.xyz/iptv/X3SB52VH9P584RLVQNY5ARNB/6231/index.m3u8,103
1760675037,11,Lust Cinema,http://rhsbjv7k.tvclub.xyz/iptv/X3SB52VH9P584RLVQNY5ARNB/6232/index.m3u8,98
1760675049,9,MetArt HD,http://rhsbjv7k.tvclub.xyz/iptv/X3SB52VH9P584RLVQNY5ARNB/6233/index.m3u8,95
1760675053,11,Red TV Milf,http://rhsbjv7k.tvclub.xyz/iptv/X3SB52VH9P584RLVQNY5ARNB/6234/index.m3u8,98
1760675056,16,Monsters of Cock,http://rhsbjv7k.tvclub.xyz/iptv/X3SB52VH9P584RLVQNY5ARNB/6235/index.m3u8,103
1760675059,10,MYLF TV HD,http://rhsbjv7k.tvclub.xyz/iptv/X3SB52VH9P584RLVQNY5ARNB/6236/index.m3u8,97
1760675063,15,Naughty America,http://rhsbjv7k.tvclub.xyz/iptv/X3SB52VH9P584RLVQNY5ARNB/6237/index.m3u8,102
1760675069,13,Nubiles TV HD,http://rhsbjv7k.tvclub.xyz/iptv/X3SB52VH9P584RLVQNY5ARNB/6238/index.m3u8,100
1761021214,13,Nubiles TV HD,http://rhsbjv7k.tvclub.xyz/iptv/X3SB52VH9P584RLVQNY5ARNB/6238/index.m3u8,100
1761021256,13,Pink Erotic 3,http://rhsbjv7k.tvclub.xyz/iptv/X3SB52VH9P584RLVQNY5ARNB/6240/index.m3u8,100
1761021259,13,Pink Erotic 4,http://rhsbjv7k.tvclub.xyz/iptv/X3SB52VH9P584RLVQNY5ARNB/6241/index.m3u8,100
1761021262,12,Playboy Plus,http://rhsbjv7k.tvclub.xyz/iptv/X3SB52VH9P584RLVQNY5ARNB/6242/index.m3u8,99
1761021302,15,Red TV Pornstar,http://rhsbjv7k.tvclub.xyz/iptv/X3SB52VH9P584RLVQNY5ARNB/6243/index.m3u8,102
1761021305,10,Red TV POV,http://rhsbjv7k.tvclub.xyz/iptv/X3SB52VH9P584RLVQNY5ARNB/6244/index.m3u8,97
1761021307,14,Private.com HD,http://rhsbjv7k.tvclub.xyz/iptv/X3SB52VH9P584RLVQNY5ARNB/6245/index.m3u8,101
1761021311,12,Public Agent,http://rhsbjv7k.tvclub.xyz/iptv/X3SB52VH9P584RLVQNY5ARNB/6246/index.m3u8,99
1761021327,16,Reality Kings HD,http://rhsbjv7k.tvclub.xyz/iptv/X3SB52VH9P584RLVQNY5ARNB/6247/index.m3u8,103
1761021329,8,RK Prime,http://rhsbjv7k.tvclub.xyz/iptv/X3SB52VH9P584RLVQNY5ARNB/6248/index.m3u8,94
1761021332,5,RK TV,http://rhsbjv7k.tvclub.xyz/iptv/X3SB52VH9P584RLVQNY5ARNB/6249/index.m3u8,91
1761021345,12,Red TV Rough,http://rhsbjv7k.tvclub.xyz/iptv/X3SB52VH9P584RLVQNY5ARNB/6250/index.m3u8,99
1761021350,14,Red TV Russian,http://rhsbjv7k.tvclub.xyz/iptv/X3SB52VH9P584RLVQNY5ARNB/6251/index.m3u8,101
1761021353,16,Sex With Muslims,http://rhsbjv7k.tvclub.xyz/iptv/X3SB52VH9P584RLVQNY5ARNB/6252/index.m3u8,103
1761021357,6,SexArt,http://rhsbjv7k.tvclub.xyz/iptv/X3SB52VH9P584RLVQNY5ARNB/6253/index.m3u8,92
1761021371,10,SINematica,http://rhsbjv7k.tvclub.xyz/iptv/X3SB52VH9P584RLVQNY5ARNB/6255/index.m3u8,97
1761585292,,,/home/safe/Загрузки/Hollow-Knight-AtopGames.com/Hollow Knight v1.5.78.11833/Hollow Knight.png,114
1762487730,,,/mnt/windows/Users/Safe/Downloads/Евгений Коновалов, Любовь Попова - Снова встреча.mp4,139
1762487763,,,/mnt/windows/Users/Safe/Downloads/Сергей Одинцов - Вишневый сад.mp4,104
1762487922,,,/mnt/windows/Users/Safe/Downloads/Сергей Одинцов - Милая Моя, Любимая.mp4,114
1762488074,,,/mnt/windows/Users/Safe/Downloads/1Сергей Одинцов - Белые лебеди.mp4,105
1762488235,,,/mnt/windows/Users/Safe/Downloads/Сергей Одинцов - А помнишь.mp4,98
1762488402,,,/mnt/windows/Users/Safe/Downloads/1Аркадиас - Художник.mp4,87
1762488560,,,/mnt/windows/Users/Safe/Downloads/1Сергей Пискун - Моя невеста.mp4,101
1762488713,,,/mnt/windows/Users/Safe/Downloads/Сергей Пискун - Твои глаза.mp4,98
1762488841,,,/mnt/windows/Users/Safe/Downloads/Вячеслав Сидоренко - Болит душа твоя.mp4,117
1762489024,,,/mnt/windows/Users/Safe/Downloads/1Могилатов В. - Волчица.mp4,91
1762489167,,,/mnt/windows/Users/Safe/Downloads/1Виктор МОГИЛАТОВ (проект SEVENROSE) - МАМА.mp4,119
1762489371,,,/mnt/windows/Users/Safe/Downloads/Sevenrose - Чёрная Смородина.mp4,94
1762489524,,,/mnt/windows/Users/Safe/Downloads/1Азамат Исенгазин - Женщина мечта.mp4,111
1762489665,,,/mnt/windows/Users/Safe/Downloads/1Сергей Пискун - Когда нибудь.mp4,103
1762489848,,,/mnt/game/Recording/Converter/Караоке/01/Один/Авраам Руссо - Обручальная.mkv,122
1762489975,,,/mnt/game/Recording/Converter/Караоке/01/Один/Стас Михайлов - Оставь.mkv,114
1762490113,,,/mnt/game/Recording/Converter/Караоке/01/Один/Стас Михайлов - Ну вот и всё.mkv,123
1762490260,,,/mnt/game/Recording/Converter/Караоке/01/Один/Пламя - Детства последний звонок.mkv,133
1762490362,,,/mnt/game/Recording/Converter/Караоке/01/Один/Нэнси - Зачем.mkv,97
1762490469,,,/mnt/game/Recording/Converter/Караоке/01/Один/Маленький принц - Прощай.mkv,118
1762490750,,,/mnt/game/Recording/Converter/Караоке/01/Один/Ласковый Май - Гудбай Бэби.mkv,121
1762490871,,,/mnt/game/Recording/Converter/Караоке/01/Один/Вадим Усланов - Ты сделана из огня.mkv,135
1762491051,,,/mnt/game/Recording/Converter/Караоке/01/Один/140 ударов в минуту - Выпускной.mp4,127
1762491060,,,/mnt/game/Recording/Converter/Караоке/01/Один/Николай Басков - Шарманка.mp4,120
1762491233,,,/mnt/game/Recording/Converter/Караоке/01/Один/Андрей Бандера и Рада Рай - Пой моя гитара.mkv,149
1762491405,,,/mnt/game/Recording/Converter/Караоке/01/Один/Рефлекс - Танцы.mp4,101
1762491528,,,/mnt/game/Recording/Converter/Караоке/01/Один/Шанхай - АлиБаба.mp4,103
1762491684,,,/mnt/game/Recording/Converter/Караоке/01/Один/Сергеи Чумаков - Под луной.mp4,121
1762491797,,,/mnt/game/Recording/Converter/Караоке/01/Один/Ласковый май - Тающий снег.mp4,121
1762492014,,,/mnt/game/Recording/Converter/Караоке/01/Один/Ласковый май - Я не хочу.mp4,116
1762492183,,,/mnt/game/Recording/Converter/Караоке/01/Один/Алексей Чумаков - Необыкновенная.mp4,134
1762492258,,,/mnt/game/Recording/Converter/Караоке/01/Один/Юрий Шатунов - Письмо.mp4,112
1762492458,,,/mnt/game/Recording/Converter/Караоке/01/Один/Юрий Шатунов - Жизнь моя.mp4,117
1762492670,,,/mnt/game/Recording/Converter/Караоке/01/Один/Ирина Аллегрова - Цветы без повода.mp4,136
1762492809,,,/mnt/game/Recording/Converter/Караоке/01/Один/Руки Вверх - Так тебе и надо.mp4,123
1762492944,,,/mnt/game/Recording/Converter/Караоке/01/Один/Виктор Королёв - Увези меня туда.mp4,132
1762493072,,,/mnt/game/Recording/Converter/Караоке/01/Один/140 ударов в минуту - Тополя.mp4,121
1762493242,,,/mnt/game/Recording/Converter/Караоке/01/Один/Юрий Шатунов - А помнишь.mp4,117
1762493471,,,/mnt/game/Recording/Converter/Караоке/01/Один/Илона Броневицкая - Танцуют все.mp4,131
1762493597,,,/mnt/game/Recording/Converter/Караоке/01/Один/Ласковый май - Я так жду.mp4,116
1762493833,,,/mnt/game/Recording/Converter/Караоке/01/Один/Юрий Шатунов - Забудь.mp4,112
1762493954,,,/mnt/game/Recording/Converter/Караоке/01/Один/Шаман (Shaman) - Ты моя.mp4,107
1762494164,,,/mnt/game/Recording/Converter/Караоке/01/Один/Jazzdauren - Первая любовь.mp4,112
1762494338,,,/mnt/game/Recording/Converter/Караоке/01/Один/Маленький принц - Мы встретимся снова.mp4,142
1762717771,,,http://kuh5nj4q.rostelekom.xyz/iptv/V3BYBR9CA33TA6R7VFNLKV87/6112/index.m3u8,89
1762717829,,,http://kuh5nj4q.rostelekom.xyz/iptv/V3BYBR9CA33TA6R7VFNLKV87/6238/index.m3u8,89
1762717955,,,http://kuh5nj4q.rostelekom.xyz/iptv/UHV96TYYWXKAZY/6238/index.m3u8,79
1762718037,,,http://kuh5nj4q.rostelekom.xyz/iptv/QNKP368YM8HMHKUU6G9EDBSL/6238/index.m3u8,89
1762718138,,,http://kuh5nj4q.rostelekom.xyz/iptv/7D4RLFDF5DDPLG/6238/index.m3u8,79
1762718891,,,http://kuh5nj4q.rostelekom.xyz/iptv/UHV96TYYWXKAZY/6238/index.m3u8,79
1762719006,,,http://kuh5nj4q.rostelekom.xyz/iptv/UHV96TYYWXKAZY/14158/index.m3u8,80
1762719107,,,http://kuh5nj4q.rostelekom.xyz/iptv/UHV96TYYWXKAZY/14158/index.m3u8,80
1762719395,,,/home/safe/Загрузки/jinx-league-of-legends-ai-art-5k-x1-3840x2160.jpg,90
1762719464,23,VF Граиндхаус,http://kuh5nj4q.rostelekom.xyz/iptv/UHV96TYYWXKAZY/14158/index.m3u8,105
1762719474,,,/home/safe/Загрузки/jinx-league-of-legends-ai-art-5k-x1-3840x2160.jpg,90
1762719485,6,FemJoy,http://kuh5nj4q.rostelekom.xyz/iptv/UHV96TYYWXKAZY/6212/index.m3u8,86
1762719489,13,Red TV Fetish,http://kuh5nj4q.rostelekom.xyz/iptv/UHV96TYYWXKAZY/6213/index.m3u8,94
1762719497,6,Tiny4K,http://kuh5nj4q.rostelekom.xyz/iptv/UHV96TYYWXKAZY/6258/index.m3u8,86
1762719501,12,Trans Angels,http://kuh5nj4q.rostelekom.xyz/iptv/UHV96TYYWXKAZY/6259/index.m3u8,93
1762719509,11,Eromania 4K,http://kuh5nj4q.rostelekom.xyz/iptv/UHV96TYYWXKAZY/10049/index.m3u8,93
1762719515,18,Extasy Platinum 4K,http://kuh5nj4q.rostelekom.xyz/iptv/UHV96TYYWXKAZY/5014/index.m3u8,99
1762720190,,,http://kuh5nj4q.rostelekom.xyz/iptv/UHV96TYYWXKAZY/9314/index.m3u8,79
1762720232,,,http://kuh5nj4q.rostelekom.xyz/iptv/UHV96TYYWXKAZY/15452/index.m3u8,80
1762723368,18,Extasy Platinum 4K,http://kuh5nj4q.rostelekom.xyz/iptv/UHV96TYYWXKAZY/5014/index.m3u8,99
1762723371,9,Eroxxx HD,http://kuh5nj4q.rostelekom.xyz/iptv/UHV96TYYWXKAZY/5015/index.m3u8,89
1762723375,9,SexArt HD,http://kuh5nj4q.rostelekom.xyz/iptv/UHV96TYYWXKAZY/6165/index.m3u8,89
1762723378,10,Adult Time,http://kuh5nj4q.rostelekom.xyz/iptv/UHV96TYYWXKAZY/6166/index.m3u8,91
1762723381,11,Red TV Anal,http://kuh5nj4q.rostelekom.xyz/iptv/UHV96TYYWXKAZY/6167/index.m3u8,92
1762723489,24,Sky Sports News HD 50 UK,http://kuh5nj4q.rostelekom.xyz/iptv/UHV96TYYWXKAZY/9314/index.m3u8,105
1762723498,22,Кинокомедия,http://kuh5nj4q.rostelekom.xyz/iptv/UHV96TYYWXKAZY/145/index.m3u8,102
1762723859,24,Sky Sports News HD 50 UK,http://kuh5nj4q.rostelekom.xyz/iptv/UHV96TYYWXKAZY/9314/index.m3u8,105
1762723875,11,О!Кино,http://kuh5nj4q.rostelekom.xyz/iptv/UHV96TYYWXKAZY/20023/index.m3u8,93
1762723883,13,NOW Series HD,http://kuh5nj4q.rostelekom.xyz/iptv/UHV96TYYWXKAZY/15102/index.m3u8,95
1762723892,15,VF Disney Movie,http://kuh5nj4q.rostelekom.xyz/iptv/UHV96TYYWXKAZY/15010/index.m3u8,97
1762723902,16,Киномикс,http://kuh5nj4q.rostelekom.xyz/iptv/UHV96TYYWXKAZY/509/index.m3u8,96
1762723916,12,Дорама,http://kuh5nj4q.rostelekom.xyz/iptv/UHV96TYYWXKAZY/1066/index.m3u8,93
1762723924,9,Зал 12,http://kuh5nj4q.rostelekom.xyz/iptv/UHV96TYYWXKAZY/2579/index.m3u8,89
1762723931,17,Кинохит HD,http://kuh5nj4q.rostelekom.xyz/iptv/UHV96TYYWXKAZY/7250/index.m3u8,98
1762723945,19,MM Tom and Jerry HD,http://kuh5nj4q.rostelekom.xyz/iptv/UHV96TYYWXKAZY/13016/index.m3u8,101
1762723959,11,Red TV Anal,http://kuh5nj4q.rostelekom.xyz/iptv/UHV96TYYWXKAZY/6167/index.m3u8,92
1762723962,11,Analized HD,http://kuh5nj4q.rostelekom.xyz/iptv/UHV96TYYWXKAZY/6168/index.m3u8,92
1762723967,12,Bang Bros HD,http://kuh5nj4q.rostelekom.xyz/iptv/UHV96TYYWXKAZY/6173/index.m3u8,93
1762723972,11,Brazzers HD,http://kuh5nj4q.rostelekom.xyz/iptv/UHV96TYYWXKAZY/6182/index.m3u8,92
1762723983,19,Club Sweethearts HD,http://kuh5nj4q.rostelekom.xyz/iptv/UHV96TYYWXKAZY/6186/index.m3u8,100
1762779030,19,Club Sweethearts HD,http://kuh5nj4q.rostelekom.xyz/iptv/UHV96TYYWXKAZY/6186/index.m3u8,100
1762779035,18,Red TV Compilation,http://kuh5nj4q.rostelekom.xyz/iptv/UHV96TYYWXKAZY/6187/index.m3u8,99
1762779039,14,Red TV Cuckold,http://kuh5nj4q.rostelekom.xyz/iptv/UHV96TYYWXKAZY/6188/index.m3u8,95
1762779041,10,Cum Louder,http://kuh5nj4q.rostelekom.xyz/iptv/UHV96TYYWXKAZY/6189/index.m3u8,91
1762779043,13,Daughter Swap,http://kuh5nj4q.rostelekom.xyz/iptv/UHV96TYYWXKAZY/6191/index.m3u8,94
1762779046,19,Day with a Pornstar,http://kuh5nj4q.rostelekom.xyz/iptv/UHV96TYYWXKAZY/6192/index.m3u8,100
1762779048,9,DDF Busty,http://kuh5nj4q.rostelekom.xyz/iptv/UHV96TYYWXKAZY/6193/index.m3u8,89
1762779050,11,DDF Network,http://kuh5nj4q.rostelekom.xyz/iptv/UHV96TYYWXKAZY/6194/index.m3u8,92
1762779053,17,Digital Desire HD,http://kuh5nj4q.rostelekom.xyz/iptv/UHV96TYYWXKAZY/6195/index.m3u8,98
1762779059,21,Digital Playground HD,http://kuh5nj4q.rostelekom.xyz/iptv/UHV96TYYWXKAZY/6196/index.m3u8,102
1762779067,11,Dorcel Club,http://kuh5nj4q.rostelekom.xyz/iptv/UHV96TYYWXKAZY/6197/index.m3u8,92
1762779079,11,Porn Angels,http://kuh5nj4q.rostelekom.xyz/iptv/UHV96TYYWXKAZY/6198/index.m3u8,92
1762779084,13,Evil Angel HD,http://kuh5nj4q.rostelekom.xyz/iptv/UHV96TYYWXKAZY/6199/index.m3u8,94
1762779087,14,Evolved Fights,http://kuh5nj4q.rostelekom.xyz/iptv/UHV96TYYWXKAZY/6200/index.m3u8,95
1762779090,12,Fake Taxi HD,http://kuh5nj4q.rostelekom.xyz/iptv/UHV96TYYWXKAZY/6202/index.m3u8,93
1762779155,,,/mnt/windows/Users/Safe/Downloads/Евгений Коновалов - Фиалка алая.mp4,108
1762779276,,,/mnt/windows/Users/Safe/Downloads/Сергей Одинцов - Вишневый сад.mp4,104
1762779301,,,/mnt/windows/Users/Safe/Downloads/Сергей Одинцов - Вишневый сад.mp4,104
1762779522,,,/mnt/windows/Users/Safe/Downloads/1Могилатов В. - Волчица.mp4,91
1762779621,,,/mnt/windows/Users/Safe/Downloads/7212757682861.mp4,64
1762779753,,,/mnt/windows/Users/Safe/Downloads/6131026758161.mp4,64
1762779809,,,/mnt/windows/Users/Safe/Downloads/886178646561.mp4,63
1762779816,,,/mnt/windows/Users/Safe/Downloads/6818964179646.mp4,64
1762779825,,,/mnt/windows/Users/Safe/Downloads/7144714668773.mp4,64
1762779830,,,/mnt/windows/Users/Safe/Downloads/816099035885.mp4,63
1762779927,,,/mnt/windows/Users/Safe/Downloads/6311781796522.mp4,64
1762786816,,,/mnt/game/Recording/Converter/Караоке/01/Один/Мурат Тхагалегов - Я с ней кайфую.mkv,133
1762786951,,,/mnt/game/Recording/Converter/Караоке/01/Один/Сергей Крылов - Девочка моя.mp4,123
1762787251,,,/mnt/game/Recording/Converter/Караоке/01/Один/Сергеи Чумаков - Под луной.mp4,121
1762787332,,,/mnt/game/Recording/Converter/Караоке/01/Один/Ласковый май - Тающий снег.mp4,121
1762787534,,,/mnt/game/Recording/Converter/Караоке/01/Один/Александр Айвазов - Бабочка луна.mp4,133
1762787653,,,/mnt/game/Recording/Converter/Караоке/01/Один/Владимир Кузьмин - Сказка в моей жизни.mp4,143
1762787810,,,/mnt/game/Recording/Converter/Караоке/С днем рождения/Юлия Альбах - С Днём рождения.mkv,143
1762787977,,,/mnt/game/Recording/Converter/Караоке/С днем рождения/Алексин - День рождения.mp4,133
1762788101,,,/mnt/game/Recording/Converter/Караоке/С днем рождения/Детская - День Рождения.mp4,133
1762788105,,,/mnt/game/Recording/Converter/Караоке/С днем рождения/Юрий Шатунов - Детство.mp4,131
1762788108,,,/mnt/game/Recording/Converter/Караоке/С днем рождения/Николай Басков - День рождения.mp4,146
1762788244,,,/mnt/game/Recording/Converter/Караоке/С днем рождения/Чай вдвоем - День рожденья.mkv,138
1762788352,,,/mnt/game/Recording/Converter/Караоке/С днем рождения/Афина - День рождения.mkv,129
1762803726,12,Fake Taxi HD,http://kuh5nj4q.rostelekom.xyz/iptv/UHV96TYYWXKAZY/6202/index.m3u8,93
1762803731,18,Fap TV Compilation,http://kuh5nj4q.rostelekom.xyz/iptv/UHV96TYYWXKAZY/6208/index.m3u8,99
1762803733,6,FemJoy,http://kuh5nj4q.rostelekom.xyz/iptv/UHV96TYYWXKAZY/6212/index.m3u8,86
1762831776,6,FemJoy,http://kuh5nj4q.rostelekom.xyz/iptv/UHV96TYYWXKAZY/6212/index.m3u8,86
1762831874,13,Red TV Fetish,http://kuh5nj4q.rostelekom.xyz/iptv/UHV96TYYWXKAZY/6213/index.m3u8,94
1762831883,15,Red TV Gangbang,http://kuh5nj4q.rostelekom.xyz/iptv/UHV96TYYWXKAZY/6214/index.m3u8,96
1762831887,10,Red TV Gay,http://kuh5nj4q.rostelekom.xyz/iptv/UHV96TYYWXKAZY/6215/index.m3u8,91
1762831909,8,Got MYLF,http://kuh5nj4q.rostelekom.xyz/iptv/UHV96TYYWXKAZY/6216/index.m3u8,88
1762831914,21,DDF Hands on Hardcore,http://kuh5nj4q.rostelekom.xyz/iptv/UHV96TYYWXKAZY/6217/index.m3u8,102
1762831926,6,Hard X,http://kuh5nj4q.rostelekom.xyz/iptv/UHV96TYYWXKAZY/6218/index.m3u8,86
1762831941,15,Red TV Hardcore,http://kuh5nj4q.rostelekom.xyz/iptv/UHV96TYYWXKAZY/6219/index.m3u8,96
1762831944,12,Hitzefrei HD,http://kuh5nj4q.rostelekom.xyz/iptv/UHV96TYYWXKAZY/6220/index.m3u8,93
1762831951,5,Holed,http://kuh5nj4q.rostelekom.xyz/iptv/UHV96TYYWXKAZY/6221/index.m3u8,85
1762831955,12,Hot and Mean,http://kuh5nj4q.rostelekom.xyz/iptv/UHV96TYYWXKAZY/6222/index.m3u8,93
1762831960,13,Hot Guys Fuck,http://kuh5nj4q.rostelekom.xyz/iptv/UHV96TYYWXKAZY/6223/index.m3u8,94
1762831975,18,Red TV Interracial,http://kuh5nj4q.rostelekom.xyz/iptv/UHV96TYYWXKAZY/6224/index.m3u8,99
1762831978,9,Japan HDV,http://kuh5nj4q.rostelekom.xyz/iptv/UHV96TYYWXKAZY/6225/index.m3u8,89
1762831981,13,Red TV Latina,http://kuh5nj4q.rostelekom.xyz/iptv/UHV96TYYWXKAZY/6226/index.m3u8,94
1762831983,6,Lesbea,http://kuh5nj4q.rostelekom.xyz/iptv/UHV96TYYWXKAZY/6227/index.m3u8,86
1762831994,14,Red TV Lesbian,http://kuh5nj4q.rostelekom.xyz/iptv/UHV96TYYWXKAZY/6228/index.m3u8,95
1762831997,15,Lethal Hardcore,http://kuh5nj4q.rostelekom.xyz/iptv/UHV96TYYWXKAZY/6229/index.m3u8,96
1762831999,16,Little Asians HD,http://kuh5nj4q.rostelekom.xyz/iptv/UHV96TYYWXKAZY/6230/index.m3u8,97
1762832002,16,Red TV Live Cams,http://kuh5nj4q.rostelekom.xyz/iptv/UHV96TYYWXKAZY/6231/index.m3u8,97
1762832011,11,Lust Cinema,http://kuh5nj4q.rostelekom.xyz/iptv/UHV96TYYWXKAZY/6232/index.m3u8,92
1762832022,16,Monsters of Cock,http://kuh5nj4q.rostelekom.xyz/iptv/UHV96TYYWXKAZY/6235/index.m3u8,97
1762832025,10,MYLF TV HD,http://kuh5nj4q.rostelekom.xyz/iptv/UHV96TYYWXKAZY/6236/index.m3u8,91
1762832028,15,Naughty America,http://kuh5nj4q.rostelekom.xyz/iptv/UHV96TYYWXKAZY/6237/index.m3u8,96
1762832070,13,Nubiles TV HD,http://kuh5nj4q.rostelekom.xyz/iptv/UHV96TYYWXKAZY/6238/index.m3u8,94
1762832083,13,Pink Erotic 3,http://kuh5nj4q.rostelekom.xyz/iptv/UHV96TYYWXKAZY/6240/index.m3u8,94
1762832085,13,Pink Erotic 4,http://kuh5nj4q.rostelekom.xyz/iptv/UHV96TYYWXKAZY/6241/index.m3u8,94
1762832087,12,Playboy Plus,http://kuh5nj4q.rostelekom.xyz/iptv/UHV96TYYWXKAZY/6242/index.m3u8,93
1762832089,15,Red TV Pornstar,http://kuh5nj4q.rostelekom.xyz/iptv/UHV96TYYWXKAZY/6243/index.m3u8,96
1762832090,10,Red TV POV,http://kuh5nj4q.rostelekom.xyz/iptv/UHV96TYYWXKAZY/6244/index.m3u8,91
1762832092,14,Private.com HD,http://kuh5nj4q.rostelekom.xyz/iptv/UHV96TYYWXKAZY/6245/index.m3u8,95
1762832095,12,Public Agent,http://kuh5nj4q.rostelekom.xyz/iptv/UHV96TYYWXKAZY/6246/index.m3u8,93
1762832097,16,Reality Kings HD,http://kuh5nj4q.rostelekom.xyz/iptv/UHV96TYYWXKAZY/6247/index.m3u8,97
1762832241,8,RK Prime,http://kuh5nj4q.rostelekom.xyz/iptv/UHV96TYYWXKAZY/6248/index.m3u8,88
1762832246,5,RK TV,http://kuh5nj4q.rostelekom.xyz/iptv/UHV96TYYWXKAZY/6249/index.m3u8,85
1762832254,12,Red TV Rough,http://kuh5nj4q.rostelekom.xyz/iptv/UHV96TYYWXKAZY/6250/index.m3u8,93
1762832257,14,Red TV Russian,http://kuh5nj4q.rostelekom.xyz/iptv/UHV96TYYWXKAZY/6251/index.m3u8,95
1762832261,16,Sex With Muslims,http://kuh5nj4q.rostelekom.xyz/iptv/UHV96TYYWXKAZY/6252/index.m3u8,97
1762832265,6,SexArt,http://kuh5nj4q.rostelekom.xyz/iptv/UHV96TYYWXKAZY/6253/index.m3u8,86
1762832267,10,SINematica,http://kuh5nj4q.rostelekom.xyz/iptv/UHV96TYYWXKAZY/6255/index.m3u8,91
1762832372,11,Red TV Teen,http://kuh5nj4q.rostelekom.xyz/iptv/UHV96TYYWXKAZY/6256/index.m3u8,92
1762832375,16,Red TV Threesome,http://kuh5nj4q.rostelekom.xyz/iptv/UHV96TYYWXKAZY/6257/index.m3u8,97
1762832382,6,Tiny4K,http://kuh5nj4q.rostelekom.xyz/iptv/UHV96TYYWXKAZY/6258/index.m3u8,86
1762832389,12,Trans Angels,http://kuh5nj4q.rostelekom.xyz/iptv/UHV96TYYWXKAZY/6259/index.m3u8,93
1762832391,13,True Amateurs,http://kuh5nj4q.rostelekom.xyz/iptv/UHV96TYYWXKAZY/6260/index.m3u8,94
1762832394,8,Tushy HD,http://kuh5nj4q.rostelekom.xyz/iptv/UHV96TYYWXKAZY/6261/index.m3u8,88
1762832397,12,Tushy RAW HD,http://kuh5nj4q.rostelekom.xyz/iptv/UHV96TYYWXKAZY/6262/index.m3u8,93
1762832399,10,Visit-X TV,http://kuh5nj4q.rostelekom.xyz/iptv/UHV96TYYWXKAZY/6263/index.m3u8,91
1762832401,15,Vivid TV Europe,http://kuh5nj4q.rostelekom.xyz/iptv/UHV96TYYWXKAZY/6264/index.m3u8,96
1762832403,8,Vixen HD,http://kuh5nj4q.rostelekom.xyz/iptv/UHV96TYYWXKAZY/6265/index.m3u8,88
1762832414,16,We Live Together,http://kuh5nj4q.rostelekom.xyz/iptv/UHV96TYYWXKAZY/6266/index.m3u8,97
1762832477,11,White Boxxx,http://kuh5nj4q.rostelekom.xyz/iptv/UHV96TYYWXKAZY/6267/index.m3u8,92
1762832630,6,Wicked,http://kuh5nj4q.rostelekom.xyz/iptv/UHV96TYYWXKAZY/6268/index.m3u8,86
1762832640,10,Xpanded TV,http://kuh5nj4q.rostelekom.xyz/iptv/UHV96TYYWXKAZY/6269/index.m3u8,91
1762832642,13,Balkan Erotic,http://kuh5nj4q.rostelekom.xyz/iptv/UHV96TYYWXKAZY/6270/index.m3u8,94
1762832649,8,Red Lips,http://kuh5nj4q.rostelekom.xyz/iptv/UHV96TYYWXKAZY/6271/index.m3u8,88
1762832653,9,Leo TV HD,http://kuh5nj4q.rostelekom.xyz/iptv/UHV96TYYWXKAZY/6272/index.m3u8,89
1762832657,3,HOT,http://kuh5nj4q.rostelekom.xyz/iptv/UHV96TYYWXKAZY/6275/index.m3u8,83
1762832663,12,Hot Pleasure,http://kuh5nj4q.rostelekom.xyz/iptv/UHV96TYYWXKAZY/6277/index.m3u8,93
1762832676,7,Red XXX,http://kuh5nj4q.rostelekom.xyz/iptv/UHV96TYYWXKAZY/6281/index.m3u8,87
1762832678,8,Sexy Hot,http://kuh5nj4q.rostelekom.xyz/iptv/UHV96TYYWXKAZY/6282/index.m3u8,88
1762832682,5,Venus,http://kuh5nj4q.rostelekom.xyz/iptv/UHV96TYYWXKAZY/6284/index.m3u8,85
1762832711,4,X-MO,http://kuh5nj4q.rostelekom.xyz/iptv/UHV96TYYWXKAZY/6285/index.m3u8,84
1762832718,9,XY Max HD,http://kuh5nj4q.rostelekom.xyz/iptv/UHV96TYYWXKAZY/6286/index.m3u8,89
1762832721,9,XY Mix HD,http://kuh5nj4q.rostelekom.xyz/iptv/UHV96TYYWXKAZY/6287/index.m3u8,89
1762832724,10,XY Plus HD,http://kuh5nj4q.rostelekom.xyz/iptv/UHV96TYYWXKAZY/6288/index.m3u8,91
1762832731,13,Pink Erotic 1,http://kuh5nj4q.rostelekom.xyz/iptv/UHV96TYYWXKAZY/6289/index.m3u8,94
1762832733,13,Pink Erotic 2,http://kuh5nj4q.rostelekom.xyz/iptv/UHV96TYYWXKAZY/6290/index.m3u8,94
1762832739,13,Pink Erotic 3,http://kuh5nj4q.rostelekom.xyz/iptv/UHV96TYYWXKAZY/6291/index.m3u8,94
1762832741,13,Pink Erotic 4,http://kuh5nj4q.rostelekom.xyz/iptv/UHV96TYYWXKAZY/6292/index.m3u8,94
1762832743,13,Pink Erotic 6,http://kuh5nj4q.rostelekom.xyz/iptv/UHV96TYYWXKAZY/6293/index.m3u8,94
1762832745,13,Pink Erotic 7,http://kuh5nj4q.rostelekom.xyz/iptv/UHV96TYYWXKAZY/6294/index.m3u8,94
1762832747,13,Pink Erotic 8,http://kuh5nj4q.rostelekom.xyz/iptv/UHV96TYYWXKAZY/6295/index.m3u8,94
1762832750,7,Erox HD,http://kuh5nj4q.rostelekom.xyz/iptv/UHV96TYYWXKAZY/6296/index.m3u8,87
1762832752,11,SuperOne HD,http://kuh5nj4q.rostelekom.xyz/iptv/UHV96TYYWXKAZY/6298/index.m3u8,92
1762832754,17,Dorcel TV HD orig,http://kuh5nj4q.rostelekom.xyz/iptv/UHV96TYYWXKAZY/9064/index.m3u8,98
1762832756,15,Hustler HD orig,http://kuh5nj4q.rostelekom.xyz/iptv/UHV96TYYWXKAZY/9065/index.m3u8,96
1762832759,16,Redlight HD orig,http://kuh5nj4q.rostelekom.xyz/iptv/UHV96TYYWXKAZY/9066/index.m3u8,97
1762832761,28,Русская Ночь orig,http://kuh5nj4q.rostelekom.xyz/iptv/UHV96TYYWXKAZY/9344/index.m3u8,109
1762832762,17,Exxxotica HD orig,http://kuh5nj4q.rostelekom.xyz/iptv/UHV96TYYWXKAZY/9346/index.m3u8,98
1762832765,12,Shot TV orig,http://kuh5nj4q.rostelekom.xyz/iptv/UHV96TYYWXKAZY/9347/index.m3u8,93
1762832767,17,StrahTV Extasy HD,http://kuh5nj4q.rostelekom.xyz/iptv/UHV96TYYWXKAZY/11051/index.m3u8,99
1762832770,15,StrahTV KinoXXX,http://kuh5nj4q.rostelekom.xyz/iptv/UHV96TYYWXKAZY/11052/index.m3u8,97
1762832772,20,StrahTV Ох-Ах HD,http://kuh5nj4q.rostelekom.xyz/iptv/UHV96TYYWXKAZY/11068/index.m3u8,102
1762832774,14,VF Cartoon 18+,http://kuh5nj4q.rostelekom.xyz/iptv/UHV96TYYWXKAZY/11117/index.m3u8,96
1762832776,10,Alba XXX 1,http://kuh5nj4q.rostelekom.xyz/iptv/UHV96TYYWXKAZY/12106/index.m3u8,92
1762832778,9,Exotic 4k,http://kuh5nj4q.rostelekom.xyz/iptv/UHV96TYYWXKAZY/12107/index.m3u8,90
1762832780,19,Euro Girls On Girls,http://kuh5nj4q.rostelekom.xyz/iptv/UHV96TYYWXKAZY/12108/index.m3u8,101
1762832845,9,Erotica X,http://kuh5nj4q.rostelekom.xyz/iptv/UHV96TYYWXKAZY/12109/index.m3u8,90
1762832849,12,Erotic Spice,http://kuh5nj4q.rostelekom.xyz/iptv/UHV96TYYWXKAZY/12110/index.m3u8,94
1762832869,21,Brazzers TV Europe HD,http://kuh5nj4q.rostelekom.xyz/iptv/UHV96TYYWXKAZY/12113/index.m3u8,103
1762832873,8,SuperOne,http://kuh5nj4q.rostelekom.xyz/iptv/UHV96TYYWXKAZY/12121/index.m3u8,89
1762832901,16,Dirty Wives Club,http://kuh5nj4q.rostelekom.xyz/iptv/UHV96TYYWXKAZY/12122/index.m3u8,98
1762832905,12,French Lover,http://kuh5nj4q.rostelekom.xyz/iptv/UHV96TYYWXKAZY/12124/index.m3u8,94
1762832909,18,Meiden Van Holland,http://kuh5nj4q.rostelekom.xyz/iptv/UHV96TYYWXKAZY/12125/index.m3u8,100
1762832916,13,Dirty Masseur,http://kuh5nj4q.rostelekom.xyz/iptv/UHV96TYYWXKAZY/12128/index.m3u8,95
1762832918,10,Dirty Flix,http://kuh5nj4q.rostelekom.xyz/iptv/UHV96TYYWXKAZY/12130/index.m3u8,92
1762832920,9,Dorcel TV,http://kuh5nj4q.rostelekom.xyz/iptv/UHV96TYYWXKAZY/12131/index.m3u8,90
1762832922,15,Kinky Family HD,http://kuh5nj4q.rostelekom.xyz/iptv/UHV96TYYWXKAZY/12133/index.m3u8,97
1762832924,10,Playboy LA,http://kuh5nj4q.rostelekom.xyz/iptv/UHV96TYYWXKAZY/12135/index.m3u8,92
1762832927,13,Passie XXX TV,http://kuh5nj4q.rostelekom.xyz/iptv/UHV96TYYWXKAZY/12136/index.m3u8,95
1762832957,14,Devils Film HD,http://kuh5nj4q.rostelekom.xyz/iptv/UHV96TYYWXKAZY/12137/index.m3u8,96
1762833155,18,Deep Throat Sirens,http://kuh5nj4q.rostelekom.xyz/iptv/UHV96TYYWXKAZY/12138/index.m3u8,100
1762833158,9,Deep Lush,http://kuh5nj4q.rostelekom.xyz/iptv/UHV96TYYWXKAZY/12139/index.m3u8,90
1762833160,6,Dark X,http://kuh5nj4q.rostelekom.xyz/iptv/UHV96TYYWXKAZY/12140/index.m3u8,87
1762833163,18,Veraporn Group Sex,http://kuh5nj4q.rostelekom.xyz/iptv/UHV96TYYWXKAZY/12141/index.m3u8,100
1762833165,20,Veraporn Group Sex 2,http://kuh5nj4q.rostelekom.xyz/iptv/UHV96TYYWXKAZY/12142/index.m3u8,102
1762833167,10,Dane Jones,http://kuh5nj4q.rostelekom.xyz/iptv/UHV96TYYWXKAZY/12143/index.m3u8,92
1762833169,12,Dancing Bear,http://kuh5nj4q.rostelekom.xyz/iptv/UHV96TYYWXKAZY/12144/index.m3u8,94
1762833171,16,Pink Erotic 1 HD,http://kuh5nj4q.rostelekom.xyz/iptv/UHV96TYYWXKAZY/12146/index.m3u8,98
1762833173,16,Pink Erotic 2 HD,http://kuh5nj4q.rostelekom.xyz/iptv/UHV96TYYWXKAZY/12147/index.m3u8,98
1762833175,16,Pink Erotic 3 HD,http://kuh5nj4q.rostelekom.xyz/iptv/UHV96TYYWXKAZY/12148/index.m3u8,98
1762833177,16,Pink Erotic 4 HD,http://kuh5nj4q.rostelekom.xyz/iptv/UHV96TYYWXKAZY/12149/index.m3u8,98
1762833180,16,Pink Erotic 5 HD,http://kuh5nj4q.rostelekom.xyz/iptv/UHV96TYYWXKAZY/12150/index.m3u8,98
1762833181,16,Pink Erotic 6 HD,http://kuh5nj4q.rostelekom.xyz/iptv/UHV96TYYWXKAZY/12151/index.m3u8,98
1762833183,16,Pink Erotic 7 HD,http://kuh5nj4q.rostelekom.xyz/iptv/UHV96TYYWXKAZY/12152/index.m3u8,98
1762833185,16,Pink Erotic 8 HD,http://kuh5nj4q.rostelekom.xyz/iptv/UHV96TYYWXKAZY/12153/index.m3u8,98
1762833186,9,Dad Crush,http://kuh5nj4q.rostelekom.xyz/iptv/UHV96TYYWXKAZY/12154/index.m3u8,90
1762833188,11,Family Swap,http://kuh5nj4q.rostelekom.xyz/iptv/UHV96TYYWXKAZY/12155/index.m3u8,93
1762833189,14,Family Strokes,http://kuh5nj4q.rostelekom.xyz/iptv/UHV96TYYWXKAZY/12156/index.m3u8,96
1762833191,9,Cum4k UHD,http://kuh5nj4q.rostelekom.xyz/iptv/UHV96TYYWXKAZY/12157/index.m3u8,90
1762833193,14,Cum Perfection,http://kuh5nj4q.rostelekom.xyz/iptv/UHV96TYYWXKAZY/12158/index.m3u8,96
1762833195,10,MetArt FHD,http://kuh5nj4q.rostelekom.xyz/iptv/UHV96TYYWXKAZY/12160/index.m3u8,92
1762833458,,,/mnt/game/Recording/Converter/Караоке/С днем рождения/AI/Анастасия с днем рождения Именная.mkv,156
1762833839,,,/mnt/game/Recording/Converter/Караоке/С днем рождения/AI/Песня День рождения Насти1.mkv,142
1762835323,,,/mnt/game/Recording/Converter/Караоке/С днем рождения/AI/С днем рождения Анастасия для Никиты со словами.mkv,181
1762836089,,,/mnt/windows/Users/Safe/Downloads/Сергей Одинцов - Милая Моя, Любимая.mp4,114
1762836209,,,/mnt/windows/Users/Safe/Downloads/1Сергей Одинцов - Белые лебеди.mp4,105
1762836524,,,/mnt/windows/Users/Safe/Downloads/1Аркадиас - Художник.mp4,87
1762836690,,,/mnt/windows/Users/Safe/Downloads/1Сергей Пискун - Моя невеста.mp4,101
1762837046,,,/mnt/game/Recording/Converter/Караоке/С днем рождения/AI/Песня День рождения Насти1.mkv,142
1762837215,,,/mnt/game/Recording/Converter/Караоке/С днем рождения/AI/Анастасия с днем рождения Именная.mkv,156
1762837359,,,/mnt/game/Recording/Converter/Караоке/С днем рождения/AI/С днем рождения Анастасия для Никиты со словами.mkv,181
1762837477,,,/mnt/windows/Users/Safe/Downloads/1Сергей Пискун - Когда нибудь.mp4,103
1762837661,,,/mnt/windows/Users/Safe/Downloads/1Азамат Исенгазин - Женщина мечта.mp4,111
1762837828,,,/mnt/windows/Users/Safe/Downloads/1Могилатов В. - Волчица.mp4,91
1762838050,,,/mnt/game/Recording/Converter/Караоке/Арамис - Школьница.mkv,95
1762838316,,,/mnt/game/Recording/Converter/Караоке/Эдуард Хуснутдинов - Таю.mkv,106
1762838316,,,/mnt/game/Recording/Converter/Караоке/Эдуард Хуснутдинов - Таю.mkv,106
1762838520,,,/mnt/game/Recording/Converter/Караоке/Milen - Прочитай в глазах.mkv,102
1762838731,,,/mnt/game/Recording/Converter/Караоке/Milen - Прочитай в глазах.mkv,102
1762838734,,,/mnt/game/Recording/Converter/Караоке/Milen - Любовники.mp4,88
1762838916,,,/mnt/game/Recording/Converter/Караоке/Стелла - слёзы любви.mp4,98
1762839076,,,/mnt/game/Recording/Converter/Караоке/Eng on Rus/Modern Talking - Мое ты сердце и моя душа на русском.mp4,153
1762839081,,,/mnt/game/Recording/Converter/Караоке/Eng on Rus/Modern Talking - You're My Heart, You're My Soul на русском.mp4,141
1762839252,,,/mnt/game/Recording/Converter/Караоке/Eng on Rus/Joy - Touch by Touch -караоке на русском.mp4,129
1762839408,,,/mnt/game/Recording/Converter/Караоке/С днем рождения/Юлия Альбах - С Днём рождения.mkv,143
1762839652,,,/mnt/game/Recording/Converter/Караоке/С днем рождения/Шулаков Нурман - С Днем Рождения.mp4,149
1762886196,10,MetArt FHD,http://kuh5nj4q.rostelekom.xyz/iptv/UHV96TYYWXKAZY/12160/index.m3u8,92
1762886222,10,Bratty Sis,http://kuh5nj4q.rostelekom.xyz/iptv/UHV96TYYWXKAZY/12161/index.m3u8,92
1762886226,18,Brand New Amateurs,http://kuh5nj4q.rostelekom.xyz/iptv/UHV96TYYWXKAZY/12162/index.m3u8,100
1762886265,10,Beate Uhse,http://kuh5nj4q.rostelekom.xyz/iptv/UHV96TYYWXKAZY/12163/index.m3u8,92
1762886269,7,BBC Pie,http://kuh5nj4q.rostelekom.xyz/iptv/UHV96TYYWXKAZY/12164/index.m3u8,88
1762886273,15,Barely Legal TV,http://kuh5nj4q.rostelekom.xyz/iptv/UHV96TYYWXKAZY/12165/index.m3u8,97
1762886275,8,Bang POV,http://kuh5nj4q.rostelekom.xyz/iptv/UHV96TYYWXKAZY/12166/index.m3u8,89
1762886279,8,Bang Bus,http://kuh5nj4q.rostelekom.xyz/iptv/UHV96TYYWXKAZY/12167/index.m3u8,89
1762886290,12,Banana Fever,http://kuh5nj4q.rostelekom.xyz/iptv/UHV96TYYWXKAZY/12168/index.m3u8,94
1762886293,13,Asshole Fever,http://kuh5nj4q.rostelekom.xyz/iptv/UHV96TYYWXKAZY/12169/index.m3u8,95
1762886297,10,Ass Parade,http://kuh5nj4q.rostelekom.xyz/iptv/UHV96TYYWXKAZY/12178/index.m3u8,92
1762886300,9,Anal Time,http://kuh5nj4q.rostelekom.xyz/iptv/UHV96TYYWXKAZY/12181/index.m3u8,90
1762886308,9,Anal Only,http://kuh5nj4q.rostelekom.xyz/iptv/UHV96TYYWXKAZY/12184/index.m3u8,90
1762886310,16,Anal Teen Angels,http://kuh5nj4q.rostelekom.xyz/iptv/UHV96TYYWXKAZY/12183/index.m3u8,98
1762886317,10,MetArt FHD,http://kuh5nj4q.rostelekom.xyz/iptv/UHV96TYYWXKAZY/12160/index.m3u8,92
1762886481,8,Bang Bus,http://kuh5nj4q.rostelekom.xyz/iptv/UHV96TYYWXKAZY/12167/index.m3u8,89
1762886487,12,Hot Wife XXX,http://kuh5nj4q.rostelekom.xyz/iptv/UHV96TYYWXKAZY/12187/index.m3u8,94
1762886546,5,Tushy,http://kuh5nj4q.rostelekom.xyz/iptv/UHV96TYYWXKAZY/12188/index.m3u8,86
1762886549,8,Anal Mom,http://kuh5nj4q.rostelekom.xyz/iptv/UHV96TYYWXKAZY/12189/index.m3u8,89
1762886551,7,Anal 4K,http://kuh5nj4q.rostelekom.xyz/iptv/UHV96TYYWXKAZY/12190/index.m3u8,88
1762886592,,,http://kuh5nj4q.rostelekom.xyz/iptv/UHV96TYYWXKAZY/12190/index.m3u8,80
1762886633,,,http://kuh5nj4q.rostelekom.xyz/iptv/UHV96TYYWXKAZY/12190/index.m3u8,80
1762886675,,,http://kuh5nj4q.rostelekom.xyz/iptv/UHV96TYYWXKAZY/12190/index.m3u8,80
1762886683,,,http://kuh5nj4q.rostelekom.xyz/iptv/UHV96TYYWXKAZY/12191/index.m3u8,80
1762886687,,,http://kuh5nj4q.rostelekom.xyz/iptv/UHV96TYYWXKAZY/12192/index.m3u8,80
1762886689,,,http://kuh5nj4q.rostelekom.xyz/iptv/UHV96TYYWXKAZY/12193/index.m3u8,80
1762886691,,,http://kuh5nj4q.rostelekom.xyz/iptv/UHV96TYYWXKAZY/12194/index.m3u8,80
1762886885,,,http://kuh5nj4q.rostelekom.xyz/iptv/UHV96TYYWXKAZY/12204/index.m3u8,80
1762886894,,,http://kuh5nj4q.rostelekom.xyz/iptv/UHV96TYYWXKAZY/12205/index.m3u8,80
1762886897,,,http://kuh5nj4q.rostelekom.xyz/iptv/UHV96TYYWXKAZY/14140/index.m3u8,80
1762886938,,,http://kuh5nj4q.rostelekom.xyz/iptv/UHV96TYYWXKAZY/14140/index.m3u8,80
1762886961,,,http://kuh5nj4q.rostelekom.xyz/iptv/UHV96TYYWXKAZY/14176/index.m3u8,80
1762886964,,,http://kuh5nj4q.rostelekom.xyz/iptv/UHV96TYYWXKAZY/16069/index.m3u8,80
1762886971,,,http://kuh5nj4q.rostelekom.xyz/iptv/UHV96TYYWXKAZY/18060/index.m3u8,80
1762886973,,,http://kuh5nj4q.rostelekom.xyz/iptv/UHV96TYYWXKAZY/16069/index.m3u8,80
1762886983,,,http://kuh5nj4q.rostelekom.xyz/iptv/UHV96TYYWXKAZY/18075/index.m3u8,80
1762886987,,,http://kuh5nj4q.rostelekom.xyz/iptv/UHV96TYYWXKAZY/18076/index.m3u8,80
1762886990,,,http://kuh5nj4q.rostelekom.xyz/iptv/UHV96TYYWXKAZY/18053/index.m3u8,80
1762886997,,,http://kuh5nj4q.rostelekom.xyz/iptv/UHV96TYYWXKAZY/20089/index.m3u8,80
1762887015,,,http://kuh5nj4q.rostelekom.xyz/iptv/UHV96TYYWXKAZY/20090/index.m3u8,80
1762887039,,,http://kuh5nj4q.rostelekom.xyz/iptv/UHV96TYYWXKAZY/31707/index.m3u8,80
1762887114,,,http://kuh5nj4q.rostelekom.xyz/iptv/UHV96TYYWXKAZY/31709/index.m3u8,80
1762887117,,,http://kuh5nj4q.rostelekom.xyz/iptv/UHV96TYYWXKAZY/31716/index.m3u8,80
1762887138,,,http://kuh5nj4q.rostelekom.xyz/iptv/UHV96TYYWXKAZY/14158/index.m3u8,80
1762887140,,,http://kuh5nj4q.rostelekom.xyz/iptv/UHV96TYYWXKAZY/527/index.m3u8,78
1762887143,,,http://kuh5nj4q.rostelekom.xyz/iptv/UHV96TYYWXKAZY/10049/index.m3u8,80
1762887145,,,http://kuh5nj4q.rostelekom.xyz/iptv/UHV96TYYWXKAZY/147/index.m3u8,78
1762887147,,,http://kuh5nj4q.rostelekom.xyz/iptv/UHV96TYYWXKAZY/910/index.m3u8,78
1762887148,,,http://kuh5nj4q.rostelekom.xyz/iptv/UHV96TYYWXKAZY/1064/index.m3u8,79
1762887151,,,http://kuh5nj4q.rostelekom.xyz/iptv/UHV96TYYWXKAZY/242/index.m3u8,78
1762887306,,,http://kuh5nj4q.rostelekom.xyz/iptv/UHV96TYYWXKAZY/243/index.m3u8,78
1762887309,,,http://kuh5nj4q.rostelekom.xyz/iptv/UHV96TYYWXKAZY/244/index.m3u8,78
1762887423,,,http://kuh5nj4q.rostelekom.xyz/iptv/UHV96TYYWXKAZY/245/index.m3u8,78
1762887427,,,http://kuh5nj4q.rostelekom.xyz/iptv/UHV96TYYWXKAZY/2161/index.m3u8,79
1762887432,,,http://kuh5nj4q.rostelekom.xyz/iptv/UHV96TYYWXKAZY/2162/index.m3u8,79
1762887436,,,http://kuh5nj4q.rostelekom.xyz/iptv/UHV96TYYWXKAZY/2397/index.m3u8,79
1762887442,,,http://kuh5nj4q.rostelekom.xyz/iptv/UHV96TYYWXKAZY/5009/index.m3u8,79
1762887450,,,http://kuh5nj4q.rostelekom.xyz/iptv/UHV96TYYWXKAZY/5010/index.m3u8,79
1762887567,,,http://kuh5nj4q.rostelekom.xyz/iptv/UHV96TYYWXKAZY/5011/index.m3u8,79
1762887573,,,http://kuh5nj4q.rostelekom.xyz/iptv/UHV96TYYWXKAZY/5012/index.m3u8,79
1762887579,,,http://kuh5nj4q.rostelekom.xyz/iptv/UHV96TYYWXKAZY/5013/index.m3u8,79
1762887586,,,http://kuh5nj4q.rostelekom.xyz/iptv/UHV96TYYWXKAZY/5014/index.m3u8,79
1762887590,,,http://kuh5nj4q.rostelekom.xyz/iptv/UHV96TYYWXKAZY/5015/index.m3u8,79
1762887602,,,http://kuh5nj4q.rostelekom.xyz/iptv/UHV96TYYWXKAZY/6165/index.m3u8,79
1762887607,,,http://kuh5nj4q.rostelekom.xyz/iptv/UHV96TYYWXKAZY/6166/index.m3u8,79
1762887619,,,http://kuh5nj4q.rostelekom.xyz/iptv/UHV96TYYWXKAZY/6167/index.m3u8,79
1762887624,,,http://kuh5nj4q.rostelekom.xyz/iptv/UHV96TYYWXKAZY/6168/index.m3u8,79
1762887635,,,http://kuh5nj4q.rostelekom.xyz/iptv/UHV96TYYWXKAZY/6171/index.m3u8,79
1762887676,,,http://kuh5nj4q.rostelekom.xyz/iptv/UHV96TYYWXKAZY/6171/index.m3u8,79
1762887717,,,http://kuh5nj4q.rostelekom.xyz/iptv/UHV96TYYWXKAZY/6171/index.m3u8,79
1762887758,,,http://kuh5nj4q.rostelekom.xyz/iptv/UHV96TYYWXKAZY/6171/index.m3u8,79
1762887800,,,http://kuh5nj4q.rostelekom.xyz/iptv/UHV96TYYWXKAZY/6171/index.m3u8,79
1762887841,,,http://kuh5nj4q.rostelekom.xyz/iptv/UHV96TYYWXKAZY/6171/index.m3u8,79
1762887882,,,http://kuh5nj4q.rostelekom.xyz/iptv/UHV96TYYWXKAZY/6171/index.m3u8,79
1762887888,,,http://kuh5nj4q.rostelekom.xyz/iptv/UHV96TYYWXKAZY/6172/index.m3u8,79
1762887891,,,http://kuh5nj4q.rostelekom.xyz/iptv/UHV96TYYWXKAZY/6173/index.m3u8,79
1762887895,,,http://kuh5nj4q.rostelekom.xyz/iptv/UHV96TYYWXKAZY/6174/index.m3u8,79
1762887897,,,http://kuh5nj4q.rostelekom.xyz/iptv/UHV96TYYWXKAZY/6175/index.m3u8,79
1762887899,,,http://kuh5nj4q.rostelekom.xyz/iptv/UHV96TYYWXKAZY/6176/index.m3u8,79
1762887904,,,http://kuh5nj4q.rostelekom.xyz/iptv/UHV96TYYWXKAZY/6177/index.m3u8,79
1762887908,,,http://kuh5nj4q.rostelekom.xyz/iptv/UHV96TYYWXKAZY/6178/index.m3u8,79
1762887911,,,http://kuh5nj4q.rostelekom.xyz/iptv/UHV96TYYWXKAZY/6180/index.m3u8,79
1762887915,,,http://kuh5nj4q.rostelekom.xyz/iptv/UHV96TYYWXKAZY/6181/index.m3u8,79
1762887919,,,http://kuh5nj4q.rostelekom.xyz/iptv/UHV96TYYWXKAZY/6182/index.m3u8,79
1762887921,,,http://kuh5nj4q.rostelekom.xyz/iptv/UHV96TYYWXKAZY/6183/index.m3u8,79
1762887923,,,http://kuh5nj4q.rostelekom.xyz/iptv/UHV96TYYWXKAZY/6185/index.m3u8,79
1762887925,,,http://kuh5nj4q.rostelekom.xyz/iptv/UHV96TYYWXKAZY/6186/index.m3u8,79
1762887986,,,http://kuh5nj4q.rostelekom.xyz/iptv/UHV96TYYWXKAZY/6186/index.m3u8,79
1762888047,,,http://kuh5nj4q.rostelekom.xyz/iptv/UHV96TYYWXKAZY/6186/index.m3u8,79
1762888108,,,http://kuh5nj4q.rostelekom.xyz/iptv/UHV96TYYWXKAZY/6186/index.m3u8,79
1762888160,,,http://kuh5nj4q.rostelekom.xyz/iptv/UHV96TYYWXKAZY/6187/index.m3u8,79
1762888286,,,http://kuh5nj4q.rostelekom.xyz/iptv/UHV96TYYWXKAZY/6188/index.m3u8,79
1762888297,,,http://kuh5nj4q.rostelekom.xyz/iptv/UHV96TYYWXKAZY/6189/index.m3u8,79
1762888300,,,http://kuh5nj4q.rostelekom.xyz/iptv/UHV96TYYWXKAZY/6191/index.m3u8,79
1762888320,,,http://kuh5nj4q.rostelekom.xyz/iptv/UHV96TYYWXKAZY/6192/index.m3u8,79
1762888329,,,http://kuh5nj4q.rostelekom.xyz/iptv/UHV96TYYWXKAZY/6193/index.m3u8,79
1762888355,,,http://kuh5nj4q.rostelekom.xyz/iptv/UHV96TYYWXKAZY/6194/index.m3u8,79
1762888403,,,http://kuh5nj4q.rostelekom.xyz/iptv/UHV96TYYWXKAZY/6194/index.m3u8,79
1762888450,,,http://kuh5nj4q.rostelekom.xyz/iptv/UHV96TYYWXKAZY/6194/index.m3u8,79
1762888506,,,http://kuh5nj4q.rostelekom.xyz/iptv/UHV96TYYWXKAZY/6194/index.m3u8,79
1762888513,,,http://kuh5nj4q.rostelekom.xyz/iptv/UHV96TYYWXKAZY/6195/index.m3u8,79
1762888525,,,http://kuh5nj4q.rostelekom.xyz/iptv/UHV96TYYWXKAZY/6197/index.m3u8,79
1762888528,,,http://kuh5nj4q.rostelekom.xyz/iptv/UHV96TYYWXKAZY/6198/index.m3u8,79
1762888530,,,http://kuh5nj4q.rostelekom.xyz/iptv/UHV96TYYWXKAZY/6199/index.m3u8,79
1762888533,,,http://kuh5nj4q.rostelekom.xyz/iptv/UHV96TYYWXKAZY/6200/index.m3u8,79
1762888536,,,http://kuh5nj4q.rostelekom.xyz/iptv/UHV96TYYWXKAZY/6202/index.m3u8,79
1762888575,,,http://kuh5nj4q.rostelekom.xyz/iptv/UHV96TYYWXKAZY/6208/index.m3u8,79
1762888578,,,http://kuh5nj4q.rostelekom.xyz/iptv/UHV96TYYWXKAZY/6212/index.m3u8,79
1762888834,,,http://kuh5nj4q.rostelekom.xyz/iptv/UHV96TYYWXKAZY/6213/index.m3u8,79
1762888839,,,http://kuh5nj4q.rostelekom.xyz/iptv/UHV96TYYWXKAZY/6214/index.m3u8,79
1762888843,,,http://kuh5nj4q.rostelekom.xyz/iptv/UHV96TYYWXKAZY/6215/index.m3u8,79
1762888846,,,http://kuh5nj4q.rostelekom.xyz/iptv/UHV96TYYWXKAZY/6216/index.m3u8,79
1762888849,,,http://kuh5nj4q.rostelekom.xyz/iptv/UHV96TYYWXKAZY/6217/index.m3u8,79
1762888854,,,http://kuh5nj4q.rostelekom.xyz/iptv/UHV96TYYWXKAZY/6218/index.m3u8,79
1762888864,,,http://kuh5nj4q.rostelekom.xyz/iptv/UHV96TYYWXKAZY/6219/index.m3u8,79
1762888867,,,http://kuh5nj4q.rostelekom.xyz/iptv/UHV96TYYWXKAZY/6220/index.m3u8,79
1762888918,,,http://kuh5nj4q.rostelekom.xyz/iptv/UHV96TYYWXKAZY/6220/index.m3u8,79
1762888969,,,http://kuh5nj4q.rostelekom.xyz/iptv/UHV96TYYWXKAZY/6220/index.m3u8,79
1762889021,,,http://kuh5nj4q.rostelekom.xyz/iptv/UHV96TYYWXKAZY/6220/index.m3u8,79
1762889072,,,http://kuh5nj4q.rostelekom.xyz/iptv/UHV96TYYWXKAZY/6220/index.m3u8,79
1762889123,,,http://kuh5nj4q.rostelekom.xyz/iptv/UHV96TYYWXKAZY/6220/index.m3u8,79
1762889174,,,http://kuh5nj4q.rostelekom.xyz/iptv/UHV96TYYWXKAZY/6220/index.m3u8,79
1762889225,,,http://kuh5nj4q.rostelekom.xyz/iptv/UHV96TYYWXKAZY/6220/index.m3u8,79
1762889277,,,http://kuh5nj4q.rostelekom.xyz/iptv/UHV96TYYWXKAZY/6220/index.m3u8,79
1762889325,,,http://kuh5nj4q.rostelekom.xyz/iptv/UHV96TYYWXKAZY/6221/index.m3u8,79
1762889336,,,http://kuh5nj4q.rostelekom.xyz/iptv/UHV96TYYWXKAZY/6222/index.m3u8,79
1762889409,,,http://kuh5nj4q.rostelekom.xyz/iptv/UHV96TYYWXKAZY/6223/index.m3u8,79
1762889461,,,http://kuh5nj4q.rostelekom.xyz/iptv/UHV96TYYWXKAZY/6223/index.m3u8,79
1762889512,,,http://kuh5nj4q.rostelekom.xyz/iptv/UHV96TYYWXKAZY/6223/index.m3u8,79
1762889563,,,http://kuh5nj4q.rostelekom.xyz/iptv/UHV96TYYWXKAZY/6223/index.m3u8,79
1762889608,,,http://kuh5nj4q.rostelekom.xyz/iptv/UHV96TYYWXKAZY/6224/index.m3u8,79
1762889621,,,http://kuh5nj4q.rostelekom.xyz/iptv/UHV96TYYWXKAZY/6225/index.m3u8,79
1762889648,,,http://kuh5nj4q.rostelekom.xyz/iptv/UHV96TYYWXKAZY/6226/index.m3u8,79
1762889652,,,http://kuh5nj4q.rostelekom.xyz/iptv/UHV96TYYWXKAZY/6227/index.m3u8,79
1762889937,,,http://kuh5nj4q.rostelekom.xyz/iptv/UHV96TYYWXKAZY/6228/index.m3u8,79
1762889940,,,http://kuh5nj4q.rostelekom.xyz/iptv/UHV96TYYWXKAZY/6229/index.m3u8,79
1762889947,,,http://kuh5nj4q.rostelekom.xyz/iptv/UHV96TYYWXKAZY/6230/index.m3u8,79
1762890128,,,http://kuh5nj4q.rostelekom.xyz/iptv/UHV96TYYWXKAZY/6231/index.m3u8,79
1762890144,,,http://kuh5nj4q.rostelekom.xyz/iptv/UHV96TYYWXKAZY/6232/index.m3u8,79
1762890156,,,http://kuh5nj4q.rostelekom.xyz/iptv/UHV96TYYWXKAZY/6233/index.m3u8,79
1762890227,,,http://kuh5nj4q.rostelekom.xyz/iptv/UHV96TYYWXKAZY/6234/index.m3u8,79
1762890230,,,http://kuh5nj4q.rostelekom.xyz/iptv/UHV96TYYWXKAZY/6235/index.m3u8,79
1762890237,,,http://kuh5nj4q.rostelekom.xyz/iptv/UHV96TYYWXKAZY/6236/index.m3u8,79
1762890286,,,http://kuh5nj4q.rostelekom.xyz/iptv/UHV96TYYWXKAZY/6236/index.m3u8,79
1762890335,,,http://kuh5nj4q.rostelekom.xyz/iptv/UHV96TYYWXKAZY/6236/index.m3u8,79
1762890384,,,http://kuh5nj4q.rostelekom.xyz/iptv/UHV96TYYWXKAZY/6236/index.m3u8,79
1762890388,,,http://kuh5nj4q.rostelekom.xyz/iptv/UHV96TYYWXKAZY/6237/index.m3u8,79
1762890439,,,http://kuh5nj4q.rostelekom.xyz/iptv/UHV96TYYWXKAZY/6237/index.m3u8,79
1762890490,,,http://kuh5nj4q.rostelekom.xyz/iptv/UHV96TYYWXKAZY/6237/index.m3u8,79
1762890500,,,http://kuh5nj4q.rostelekom.xyz/iptv/UHV96TYYWXKAZY/6238/index.m3u8,79
1762890513,,,http://kuh5nj4q.rostelekom.xyz/iptv/UHV96TYYWXKAZY/6240/index.m3u8,79
1762890516,,,http://kuh5nj4q.rostelekom.xyz/iptv/UHV96TYYWXKAZY/6241/index.m3u8,79
1762890519,,,http://kuh5nj4q.rostelekom.xyz/iptv/UHV96TYYWXKAZY/6242/index.m3u8,79
1762890522,,,http://kuh5nj4q.rostelekom.xyz/iptv/UHV96TYYWXKAZY/6243/index.m3u8,79
1762890528,,,http://kuh5nj4q.rostelekom.xyz/iptv/UHV96TYYWXKAZY/6244/index.m3u8,79
1762890531,,,http://kuh5nj4q.rostelekom.xyz/iptv/UHV96TYYWXKAZY/6245/index.m3u8,79
1762890541,,,http://kuh5nj4q.rostelekom.xyz/iptv/UHV96TYYWXKAZY/6246/index.m3u8,79
1762890543,,,http://kuh5nj4q.rostelekom.xyz/iptv/UHV96TYYWXKAZY/6247/index.m3u8,79
1762890594,,,http://kuh5nj4q.rostelekom.xyz/iptv/UHV96TYYWXKAZY/6247/index.m3u8,79
1762890641,,,http://kuh5nj4q.rostelekom.xyz/iptv/UHV96TYYWXKAZY/6248/index.m3u8,79
1762890692,,,http://kuh5nj4q.rostelekom.xyz/iptv/UHV96TYYWXKAZY/6248/index.m3u8,79
1762890743,,,http://kuh5nj4q.rostelekom.xyz/iptv/UHV96TYYWXKAZY/6248/index.m3u8,79
1762890794,,,http://kuh5nj4q.rostelekom.xyz/iptv/UHV96TYYWXKAZY/6248/index.m3u8,79
1762890845,,,http://kuh5nj4q.rostelekom.xyz/iptv/UHV96TYYWXKAZY/6248/index.m3u8,79
1762890896,,,http://kuh5nj4q.rostelekom.xyz/iptv/UHV96TYYWXKAZY/6248/index.m3u8,79
1762890948,,,http://kuh5nj4q.rostelekom.xyz/iptv/UHV96TYYWXKAZY/6248/index.m3u8,79
1762890969,,,http://kuh5nj4q.rostelekom.xyz/iptv/UHV96TYYWXKAZY/6249/index.m3u8,79
1762891047,,,http://kuh5nj4q.rostelekom.xyz/iptv/UHV96TYYWXKAZY/6250/index.m3u8,79
1762891052,,,http://kuh5nj4q.rostelekom.xyz/iptv/UHV96TYYWXKAZY/6251/index.m3u8,79
1762891059,,,http://kuh5nj4q.rostelekom.xyz/iptv/UHV96TYYWXKAZY/6252/index.m3u8,79
1762891068,,,http://kuh5nj4q.rostelekom.xyz/iptv/UHV96TYYWXKAZY/6253/index.m3u8,79
1762891109,,,http://kuh5nj4q.rostelekom.xyz/iptv/UHV96TYYWXKAZY/6255/index.m3u8,79
1762891113,,,http://kuh5nj4q.rostelekom.xyz/iptv/UHV96TYYWXKAZY/6256/index.m3u8,79
1762891133,,,http://kuh5nj4q.rostelekom.xyz/iptv/UHV96TYYWXKAZY/6257/index.m3u8,79
1762891139,,,http://kuh5nj4q.rostelekom.xyz/iptv/UHV96TYYWXKAZY/6258/index.m3u8,79
1762891148,,,http://kuh5nj4q.rostelekom.xyz/iptv/UHV96TYYWXKAZY/6259/index.m3u8,79
1762891170,,,http://kuh5nj4q.rostelekom.xyz/iptv/UHV96TYYWXKAZY/6260/index.m3u8,79
1762891193,,,http://kuh5nj4q.rostelekom.xyz/iptv/UHV96TYYWXKAZY/6261/index.m3u8,79
1762891196,,,http://kuh5nj4q.rostelekom.xyz/iptv/UHV96TYYWXKAZY/6262/index.m3u8,79
1762891360,,,http://kuh5nj4q.rostelekom.xyz/iptv/UHV96TYYWXKAZY/6263/index.m3u8,79
1762891452,,,http://kuh5nj4q.rostelekom.xyz/iptv/UHV96TYYWXKAZY/6264/index.m3u8,79
1762891460,,,http://kuh5nj4q.rostelekom.xyz/iptv/UHV96TYYWXKAZY/6265/index.m3u8,79
1762891463,,,http://kuh5nj4q.rostelekom.xyz/iptv/UHV96TYYWXKAZY/6266/index.m3u8,79
1762891471,,,http://kuh5nj4q.rostelekom.xyz/iptv/UHV96TYYWXKAZY/6267/index.m3u8,79
1762891479,,,http://kuh5nj4q.rostelekom.xyz/iptv/UHV96TYYWXKAZY/6268/index.m3u8,79
1762891489,,,http://kuh5nj4q.rostelekom.xyz/iptv/UHV96TYYWXKAZY/6269/index.m3u8,79
1762891491,,,http://kuh5nj4q.rostelekom.xyz/iptv/UHV96TYYWXKAZY/6270/index.m3u8,79
1762891506,,,http://kuh5nj4q.rostelekom.xyz/iptv/UHV96TYYWXKAZY/6271/index.m3u8,79
1762891511,,,http://kuh5nj4q.rostelekom.xyz/iptv/UHV96TYYWXKAZY/6272/index.m3u8,79
1762891518,,,http://kuh5nj4q.rostelekom.xyz/iptv/UHV96TYYWXKAZY/6275/index.m3u8,79
1762891521,,,http://kuh5nj4q.rostelekom.xyz/iptv/UHV96TYYWXKAZY/6277/index.m3u8,79
1762891536,,,http://kuh5nj4q.rostelekom.xyz/iptv/UHV96TYYWXKAZY/6282/index.m3u8,79
1762891541,,,http://kuh5nj4q.rostelekom.xyz/iptv/UHV96TYYWXKAZY/6284/index.m3u8,79
1762891546,,,http://kuh5nj4q.rostelekom.xyz/iptv/UHV96TYYWXKAZY/6285/index.m3u8,79
1762891550,,,http://kuh5nj4q.rostelekom.xyz/iptv/UHV96TYYWXKAZY/6286/index.m3u8,79
1762891553,,,http://kuh5nj4q.rostelekom.xyz/iptv/UHV96TYYWXKAZY/6287/index.m3u8,79
1762891569,,,http://kuh5nj4q.rostelekom.xyz/iptv/UHV96TYYWXKAZY/6288/index.m3u8,79
1762891572,,,http://kuh5nj4q.rostelekom.xyz/iptv/UHV96TYYWXKAZY/6289/index.m3u8,79
1762891576,,,http://kuh5nj4q.rostelekom.xyz/iptv/UHV96TYYWXKAZY/6290/index.m3u8,79
1762891578,,,http://kuh5nj4q.rostelekom.xyz/iptv/UHV96TYYWXKAZY/6291/index.m3u8,79
1762891579,,,http://kuh5nj4q.rostelekom.xyz/iptv/UHV96TYYWXKAZY/6292/index.m3u8,79
1762891581,,,http://kuh5nj4q.rostelekom.xyz/iptv/UHV96TYYWXKAZY/6293/index.m3u8,79
1762891583,,,http://kuh5nj4q.rostelekom.xyz/iptv/UHV96TYYWXKAZY/6294/index.m3u8,79
1762891585,,,http://kuh5nj4q.rostelekom.xyz/iptv/UHV96TYYWXKAZY/6295/index.m3u8,79
1762891591,,,http://kuh5nj4q.rostelekom.xyz/iptv/UHV96TYYWXKAZY/6296/index.m3u8,79
1762891593,,,http://kuh5nj4q.rostelekom.xyz/iptv/UHV96TYYWXKAZY/6298/index.m3u8,79
1762891598,,,http://kuh5nj4q.rostelekom.xyz/iptv/UHV96TYYWXKAZY/9064/index.m3u8,79
1762891601,,,http://kuh5nj4q.rostelekom.xyz/iptv/UHV96TYYWXKAZY/9065/index.m3u8,79
1762891603,,,http://kuh5nj4q.rostelekom.xyz/iptv/UHV96TYYWXKAZY/9066/index.m3u8,79
1762891610,,,http://kuh5nj4q.rostelekom.xyz/iptv/UHV96TYYWXKAZY/9344/index.m3u8,79
1762891642,,,http://kuh5nj4q.rostelekom.xyz/iptv/UHV96TYYWXKAZY/9346/index.m3u8,79
1762891648,,,http://kuh5nj4q.rostelekom.xyz/iptv/UHV96TYYWXKAZY/9347/index.m3u8,79
1762891651,,,http://kuh5nj4q.rostelekom.xyz/iptv/UHV96TYYWXKAZY/11051/index.m3u8,80
1762891747,,,http://kuh5nj4q.rostelekom.xyz/iptv/UHV96TYYWXKAZY/11052/index.m3u8,80
1762891751,,,http://kuh5nj4q.rostelekom.xyz/iptv/UHV96TYYWXKAZY/11068/index.m3u8,80
1762891812,,,http://kuh5nj4q.rostelekom.xyz/iptv/UHV96TYYWXKAZY/11117/index.m3u8,80
1762891814,,,http://kuh5nj4q.rostelekom.xyz/iptv/UHV96TYYWXKAZY/12106/index.m3u8,80
1762891854,,,http://kuh5nj4q.rostelekom.xyz/iptv/UHV96TYYWXKAZY/12107/index.m3u8,80
1762891866,,,http://kuh5nj4q.rostelekom.xyz/iptv/UHV96TYYWXKAZY/12108/index.m3u8,80
1762891929,,,http://kuh5nj4q.rostelekom.xyz/iptv/UHV96TYYWXKAZY/12109/index.m3u8,80
1762891976,,,http://kuh5nj4q.rostelekom.xyz/iptv/UHV96TYYWXKAZY/12110/index.m3u8,80
1762891979,,,http://kuh5nj4q.rostelekom.xyz/iptv/UHV96TYYWXKAZY/12111/index.m3u8,80
1762891982,,,http://kuh5nj4q.rostelekom.xyz/iptv/UHV96TYYWXKAZY/12113/index.m3u8,80
1762891986,,,http://kuh5nj4q.rostelekom.xyz/iptv/UHV96TYYWXKAZY/12121/index.m3u8,80
1762891989,,,http://kuh5nj4q.rostelekom.xyz/iptv/UHV96TYYWXKAZY/12122/index.m3u8,80
1762892473,,,http://kuh5nj4q.rostelekom.xyz/iptv/UHV96TYYWXKAZY/12122/index.m3u8,80
1762892599,,,http://kuh5nj4q.rostelekom.xyz/iptv/UHV96TYYWXKAZY/12124/index.m3u8,80
1762892606,,,http://kuh5nj4q.rostelekom.xyz/iptv/UHV96TYYWXKAZY/12125/index.m3u8,80
1762892609,,,http://kuh5nj4q.rostelekom.xyz/iptv/UHV96TYYWXKAZY/12128/index.m3u8,80
1762892616,,,http://kuh5nj4q.rostelekom.xyz/iptv/UHV96TYYWXKAZY/12130/index.m3u8,80
1762892621,,,http://kuh5nj4q.rostelekom.xyz/iptv/UHV96TYYWXKAZY/12131/index.m3u8,80
1762892624,,,http://kuh5nj4q.rostelekom.xyz/iptv/UHV96TYYWXKAZY/12133/index.m3u8,80
1762892692,,,http://kuh5nj4q.rostelekom.xyz/iptv/UHV96TYYWXKAZY/12135/index.m3u8,80
1762892696,,,http://kuh5nj4q.rostelekom.xyz/iptv/UHV96TYYWXKAZY/12136/index.m3u8,80
1762892699,,,http://kuh5nj4q.rostelekom.xyz/iptv/UHV96TYYWXKAZY/12137/index.m3u8,80
1762892723,,,http://kuh5nj4q.rostelekom.xyz/iptv/UHV96TYYWXKAZY/12139/index.m3u8,80
1762893371,,,http://kuh5nj4q.rostelekom.xyz/iptv/UHV96TYYWXKAZY/12140/index.m3u8,80
1762893374,,,http://kuh5nj4q.rostelekom.xyz/iptv/UHV96TYYWXKAZY/12141/index.m3u8,80
1762893390,,,http://kuh5nj4q.rostelekom.xyz/iptv/UHV96TYYWXKAZY/12142/index.m3u8,80
1762893404,,,http://kuh5nj4q.rostelekom.xyz/iptv/UHV96TYYWXKAZY/12143/index.m3u8,80
1762893528,,,http://kuh5nj4q.rostelekom.xyz/iptv/UHV96TYYWXKAZY/12144/index.m3u8,80
1762893533,,,http://kuh5nj4q.rostelekom.xyz/iptv/UHV96TYYWXKAZY/12146/index.m3u8,80
1762893537,,,http://kuh5nj4q.rostelekom.xyz/iptv/UHV96TYYWXKAZY/12147/index.m3u8,80
1762893543,,,http://kuh5nj4q.rostelekom.xyz/iptv/UHV96TYYWXKAZY/12148/index.m3u8,80
1762893546,,,http://kuh5nj4q.rostelekom.xyz/iptv/UHV96TYYWXKAZY/12149/index.m3u8,80
1762893554,,,http://kuh5nj4q.rostelekom.xyz/iptv/UHV96TYYWXKAZY/12151/index.m3u8,80
1762893557,,,http://kuh5nj4q.rostelekom.xyz/iptv/UHV96TYYWXKAZY/12152/index.m3u8,80
1762893559,,,http://kuh5nj4q.rostelekom.xyz/iptv/UHV96TYYWXKAZY/12153/index.m3u8,80
1762893562,,,http://kuh5nj4q.rostelekom.xyz/iptv/UHV96TYYWXKAZY/12154/index.m3u8,80
1762893599,,,http://kuh5nj4q.rostelekom.xyz/iptv/UHV96TYYWXKAZY/12155/index.m3u8,80
1762893752,,,http://kuh5nj4q.rostelekom.xyz/iptv/UHV96TYYWXKAZY/12156/index.m3u8,80
1763090748,,,/mnt/game/Recording/Converter/Караоке/С днем рождения/Юлия Альбах - С Днём рождения.mkv,143
1763090938,,,/mnt/game/Recording/Converter/Караоке/01/Один/Андрей Бандера и Рада Рай - Пой моя гитара.mkv,149
1763091003,,,/mnt/game/Recording/Converter/Караоке/01/Один/Арсен Петросов - Кайфуем.mp4,118
1763091066,,,/mnt/game/Recording/Converter/Караоке/01/Один/0Кабриолет - Цепи.mp4,104
1763091249,,,/mnt/game/Recording/Converter/Караоке/01/Один/Виктор Салтыков - Кони в яблоках.mp4,132
1763091438,,,/mnt/game/Recording/Converter/Караоке/01/Один/Чай вдвоём - Желанная.mkv,112
1763091603,,,/mnt/game/Recording/Converter/Караоке/01/Один/Казан Казиев - Скрипач.mp4,114
1763091832,,,/mnt/game/Recording/Converter/Караоке/01/Один/Юрий Шатунов - Не бойся.mp4,115
1763091938,,,/mnt/game/Recording/Converter/Караоке/01/Один/Юрий Шатунов - Седая ночь.mp4,119
1763092132,,,/mnt/game/Recording/Converter/Караоке/Рома Жуков - Первыи снег.mp4,105
1763092295,,,/mnt/game/Recording/Converter/Караоке/Эдуард Хуснутдинов - Попрошу У Бога.mkv,126
1763092327,,,/mnt/game/Recording/Converter/Караоке/Эдуард Хуснутдинов - Попрошу У Бога.mkv,126
1763092534,,,/mnt/game/Recording/Converter/Караоке/Аршавин Максим - Туман туманище.mkv,119
1763092767,,,/mnt/game/Recording/Converter/Караоке/Cенатор – Эй, диск-жокей.mp4,105
1763092949,,,/mnt/game/Recording/Converter/Караоке/Дети Фристайла - Украду Тебя.mkv,113
1763093067,,,/mnt/game/Recording/Converter/Караоке/Milen - Тонкий лед.mp4,89
1763093224,,,/mnt/game/Recording/Converter/Караоке/Milen - Прочитай в глазах.mkv,102
1763093393,,,/mnt/game/Recording/Converter/Караоке/С днем рождения/AI/Анастасия с днем рождения Именная.mkv,156
1763093558,,,/mnt/game/Recording/Converter/Караоке/С днем рождения/AI/Песня День рождения Насти1.mkv,142
1763093719,,,/mnt/game/Recording/Converter/Караоке/С днем рождения/AI/С днем рождения Анастасия для Никиты со словами.mkv,181
1763094115,,,/mnt/windows/Users/Safe/Downloads/1Могилатов В. - Волчица.mp4,91
1763094286,,,/mnt/windows/Users/Safe/Downloads/1Азамат Исенгазин - Женщина мечта.mp4,111
1763098303,14,Family Strokes,http://kuh5nj4q.rostelekom.xyz/iptv/UHV96TYYWXKAZY/12156/index.m3u8,96
1763098337,9,Cum4k UHD,http://kuh5nj4q.rostelekom.xyz/iptv/UHV96TYYWXKAZY/12157/index.m3u8,90
1763098376,14,Cum Perfection,http://kuh5nj4q.rostelekom.xyz/iptv/UHV96TYYWXKAZY/12158/index.m3u8,96
1763098379,10,MetArt FHD,http://kuh5nj4q.rostelekom.xyz/iptv/UHV96TYYWXKAZY/12160/index.m3u8,92
1763098399,10,Bratty Sis,http://kuh5nj4q.rostelekom.xyz/iptv/UHV96TYYWXKAZY/12161/index.m3u8,92
1763098405,18,Brand New Amateurs,http://kuh5nj4q.rostelekom.xyz/iptv/UHV96TYYWXKAZY/12162/index.m3u8,100
1763098407,10,Beate Uhse,http://kuh5nj4q.rostelekom.xyz/iptv/UHV96TYYWXKAZY/12163/index.m3u8,92
1763098409,7,BBC Pie,http://kuh5nj4q.rostelekom.xyz/iptv/UHV96TYYWXKAZY/12164/index.m3u8,88
1763098499,15,Barely Legal TV,http://kuh5nj4q.rostelekom.xyz/iptv/UHV96TYYWXKAZY/12165/index.m3u8,97
1763098526,8,Bang POV,http://kuh5nj4q.rostelekom.xyz/iptv/UHV96TYYWXKAZY/12166/index.m3u8,89
1763098544,8,Bang Bus,http://kuh5nj4q.rostelekom.xyz/iptv/UHV96TYYWXKAZY/12167/index.m3u8,89
1763098548,12,Banana Fever,http://kuh5nj4q.rostelekom.xyz/iptv/UHV96TYYWXKAZY/12168/index.m3u8,94
1763098553,13,Asshole Fever,http://kuh5nj4q.rostelekom.xyz/iptv/UHV96TYYWXKAZY/12169/index.m3u8,95
1763098562,10,Ass Parade,http://kuh5nj4q.rostelekom.xyz/iptv/UHV96TYYWXKAZY/12178/index.m3u8,92
1763098565,9,Anal Time,http://kuh5nj4q.rostelekom.xyz/iptv/UHV96TYYWXKAZY/12181/index.m3u8,90
1763098567,16,Anal Teen Angels,http://kuh5nj4q.rostelekom.xyz/iptv/UHV96TYYWXKAZY/12183/index.m3u8,98
1763098569,9,Anal Only,http://kuh5nj4q.rostelekom.xyz/iptv/UHV96TYYWXKAZY/12184/index.m3u8,90
1763098571,12,Hot Wife XXX,http://kuh5nj4q.rostelekom.xyz/iptv/UHV96TYYWXKAZY/12187/index.m3u8,94
1763098576,5,Tushy,http://kuh5nj4q.rostelekom.xyz/iptv/UHV96TYYWXKAZY/12188/index.m3u8,86
1763098578,8,Anal Mom,http://kuh5nj4q.rostelekom.xyz/iptv/UHV96TYYWXKAZY/12189/index.m3u8,89
1763098580,7,Anal 4K,http://kuh5nj4q.rostelekom.xyz/iptv/UHV96TYYWXKAZY/12190/index.m3u8,88
1763098587,13,Amateur Boxxx,http://kuh5nj4q.rostelekom.xyz/iptv/UHV96TYYWXKAZY/12191/index.m3u8,95
1763098589,8,All Anal,http://kuh5nj4q.rostelekom.xyz/iptv/UHV96TYYWXKAZY/12192/index.m3u8,89
1763098591,11,Alex Legend,http://kuh5nj4q.rostelekom.xyz/iptv/UHV96TYYWXKAZY/12193/index.m3u8,93
1763098593,13,Alba XXX 2 HD,http://kuh5nj4q.rostelekom.xyz/iptv/UHV96TYYWXKAZY/12194/index.m3u8,95
1763098595,13,Alba XXX 1 HD,http://kuh5nj4q.rostelekom.xyz/iptv/UHV96TYYWXKAZY/12204/index.m3u8,95
1763098599,10,21 Sextury,http://kuh5nj4q.rostelekom.xyz/iptv/UHV96TYYWXKAZY/12205/index.m3u8,92
1763098601,19,XXX Love's Berry HD,http://kuh5nj4q.rostelekom.xyz/iptv/UHV96TYYWXKAZY/14140/index.m3u8,101
1763098623,13,Yosso TV Sexy,http://kuh5nj4q.rostelekom.xyz/iptv/UHV96TYYWXKAZY/14176/index.m3u8,95
1763098627,26,Liberty Эротика FHD,http://kuh5nj4q.rostelekom.xyz/iptv/UHV96TYYWXKAZY/16069/index.m3u8,108
1763098631,17,Kinoshka Adult HD,http://kuh5nj4q.rostelekom.xyz/iptv/UHV96TYYWXKAZY/18060/index.m3u8,99
1763098632,23,Tviksel Кино 18+ HD,http://kuh5nj4q.rostelekom.xyz/iptv/UHV96TYYWXKAZY/18075/index.m3u8,105
1763098636,34,Tviksel Кино 18+ International,http://kuh5nj4q.rostelekom.xyz/iptv/UHV96TYYWXKAZY/18076/index.m3u8,116
1763098639,12,BCU Charm HD,http://kuh5nj4q.rostelekom.xyz/iptv/UHV96TYYWXKAZY/18053/index.m3u8,94
1763098652,14,CineMan ExExEx,http://kuh5nj4q.rostelekom.xyz/iptv/UHV96TYYWXKAZY/20089/index.m3u8,96
1763098668,18,CineMan ExExEx TWO,http://kuh5nj4q.rostelekom.xyz/iptv/UHV96TYYWXKAZY/20090/index.m3u8,100
1763098670,19,StrahTV Adult TV HD,http://kuh5nj4q.rostelekom.xyz/iptv/UHV96TYYWXKAZY/31707/index.m3u8,101
1763098672,22,StrahTV PlayBoyz TV HD,http://kuh5nj4q.rostelekom.xyz/iptv/UHV96TYYWXKAZY/31709/index.m3u8,104
1763098678,22,StrahTV Ню Арт HD,http://kuh5nj4q.rostelekom.xyz/iptv/UHV96TYYWXKAZY/31716/index.m3u8,104
1763098702,10,Beate Uhse,http://kuh5nj4q.rostelekom.xyz/iptv/UHV96TYYWXKAZY/12163/index.m3u8,92
1763098713,10,Bratty Sis,http://kuh5nj4q.rostelekom.xyz/iptv/UHV96TYYWXKAZY/12161/index.m3u8,92
1763098718,10,MetArt FHD,http://kuh5nj4q.rostelekom.xyz/iptv/UHV96TYYWXKAZY/12160/index.m3u8,92
1763098720,14,Cum Perfection,http://kuh5nj4q.rostelekom.xyz/iptv/UHV96TYYWXKAZY/12158/index.m3u8,96
1763098724,9,Cum4k UHD,http://kuh5nj4q.rostelekom.xyz/iptv/UHV96TYYWXKAZY/12157/index.m3u8,90
1763098730,14,Family Strokes,http://kuh5nj4q.rostelekom.xyz/iptv/UHV96TYYWXKAZY/12156/index.m3u8,96
1763098735,11,Family Swap,http://kuh5nj4q.rostelekom.xyz/iptv/UHV96TYYWXKAZY/12155/index.m3u8,93
1763098739,9,Dad Crush,http://kuh5nj4q.rostelekom.xyz/iptv/UHV96TYYWXKAZY/12154/index.m3u8,90
1763098742,16,Pink Erotic 8 HD,http://kuh5nj4q.rostelekom.xyz/iptv/UHV96TYYWXKAZY/12153/index.m3u8,98
1763098744,16,Pink Erotic 7 HD,http://kuh5nj4q.rostelekom.xyz/iptv/UHV96TYYWXKAZY/12152/index.m3u8,98
1763098748,16,Pink Erotic 6 HD,http://kuh5nj4q.rostelekom.xyz/iptv/UHV96TYYWXKAZY/12151/index.m3u8,98
1763098750,16,Pink Erotic 5 HD,http://kuh5nj4q.rostelekom.xyz/iptv/UHV96TYYWXKAZY/12150/index.m3u8,98
1763098752,16,Pink Erotic 4 HD,http://kuh5nj4q.rostelekom.xyz/iptv/UHV96TYYWXKAZY/12149/index.m3u8,98
1763098755,16,Pink Erotic 3 HD,http://kuh5nj4q.rostelekom.xyz/iptv/UHV96TYYWXKAZY/12148/index.m3u8,98
1763098756,16,Pink Erotic 2 HD,http://kuh5nj4q.rostelekom.xyz/iptv/UHV96TYYWXKAZY/12147/index.m3u8,98
1763098759,16,Pink Erotic 1 HD,http://kuh5nj4q.rostelekom.xyz/iptv/UHV96TYYWXKAZY/12146/index.m3u8,98
1763098760,12,Dancing Bear,http://kuh5nj4q.rostelekom.xyz/iptv/UHV96TYYWXKAZY/12144/index.m3u8,94
1763098778,10,Dane Jones,http://kuh5nj4q.rostelekom.xyz/iptv/UHV96TYYWXKAZY/12143/index.m3u8,92
1763098783,20,Veraporn Group Sex 2,http://kuh5nj4q.rostelekom.xyz/iptv/UHV96TYYWXKAZY/12142/index.m3u8,102
1763098785,18,Veraporn Group Sex,http://kuh5nj4q.rostelekom.xyz/iptv/UHV96TYYWXKAZY/12141/index.m3u8,100
1763098788,6,Dark X,http://kuh5nj4q.rostelekom.xyz/iptv/UHV96TYYWXKAZY/12140/index.m3u8,87
1763098792,9,Deep Lush,http://kuh5nj4q.rostelekom.xyz/iptv/UHV96TYYWXKAZY/12139/index.m3u8,90
1763098794,18,Deep Throat Sirens,http://kuh5nj4q.rostelekom.xyz/iptv/UHV96TYYWXKAZY/12138/index.m3u8,100
1763098799,14,Devils Film HD,http://kuh5nj4q.rostelekom.xyz/iptv/UHV96TYYWXKAZY/12137/index.m3u8,96
1763098804,13,Passie XXX TV,http://kuh5nj4q.rostelekom.xyz/iptv/UHV96TYYWXKAZY/12136/index.m3u8,95
1763098806,10,Playboy LA,http://kuh5nj4q.rostelekom.xyz/iptv/UHV96TYYWXKAZY/12135/index.m3u8,92
1763098819,23,VF Граиндхаус,http://kuh5nj4q.rostelekom.xyz/iptv/UHV96TYYWXKAZY/14158/index.m3u8,105
1763098836,,,http://kuh5nj4q.rostelekom.xyz/iptv/UHV96TYYWXKAZY/12135/index.m3u8,80
1763098856,7,Playboy,http://kuh5nj4q.rostelekom.xyz/iptv/UHV96TYYWXKAZY/527/index.m3u8,86
1763098859,11,Eromania 4K,http://kuh5nj4q.rostelekom.xyz/iptv/UHV96TYYWXKAZY/10049/index.m3u8,93
1763098864,23,Русская Ночь,http://kuh5nj4q.rostelekom.xyz/iptv/UHV96TYYWXKAZY/147/index.m3u8,103
1763098866,,,http://kuh5nj4q.rostelekom.xyz/iptv/UHV96TYYWXKAZY/12135/index.m3u8,80
1763098866,31,Brazzers TV Europe Россия,http://kuh5nj4q.rostelekom.xyz/iptv/UHV96TYYWXKAZY/910/index.m3u8,111
1763098874,11,Redlight HD,http://kuh5nj4q.rostelekom.xyz/iptv/UHV96TYYWXKAZY/242/index.m3u8,91
1763098877,10,Private TV,http://kuh5nj4q.rostelekom.xyz/iptv/UHV96TYYWXKAZY/243/index.m3u8,90
1763098879,10,Hustler HD,http://kuh5nj4q.rostelekom.xyz/iptv/UHV96TYYWXKAZY/244/index.m3u8,90
1763098885,12,Dorcel TV HD,http://kuh5nj4q.rostelekom.xyz/iptv/UHV96TYYWXKAZY/245/index.m3u8,92
1763098889,8,Babes TV,http://kuh5nj4q.rostelekom.xyz/iptv/UHV96TYYWXKAZY/2161/index.m3u8,88
1763098896,,,http://kuh5nj4q.rostelekom.xyz/iptv/UHV96TYYWXKAZY/12135/index.m3u8,80
1763098913,12,Vivid Red HD,http://kuh5nj4q.rostelekom.xyz/iptv/UHV96TYYWXKAZY/2162/index.m3u8,93
1763098916,12,Exxxotica HD,http://kuh5nj4q.rostelekom.xyz/iptv/UHV96TYYWXKAZY/2397/index.m3u8,93
1763098918,3,XXL,http://kuh5nj4q.rostelekom.xyz/iptv/UHV96TYYWXKAZY/5009/index.m3u8,83
1763098920,20,Penthouse Passion HD,http://kuh5nj4q.rostelekom.xyz/iptv/UHV96TYYWXKAZY/5010/index.m3u8,101
1763098924,17,Penthouse Gold HD,http://kuh5nj4q.rostelekom.xyz/iptv/UHV96TYYWXKAZY/5011/index.m3u8,98
1763098926,,,http://kuh5nj4q.rostelekom.xyz/iptv/UHV96TYYWXKAZY/12135/index.m3u8,80
1763098928,23,Penthouse Reality TV HD,http://kuh5nj4q.rostelekom.xyz/iptv/UHV96TYYWXKAZY/5012/index.m3u8,104
1763098931,24,Penthouse Reality TV FHD,http://kuh5nj4q.rostelekom.xyz/iptv/UHV96TYYWXKAZY/5013/index.m3u8,105
1763098933,18,Extasy Platinum 4K,http://kuh5nj4q.rostelekom.xyz/iptv/UHV96TYYWXKAZY/5014/index.m3u8,99
1763098936,9,Eroxxx HD,http://kuh5nj4q.rostelekom.xyz/iptv/UHV96TYYWXKAZY/5015/index.m3u8,89
1763098938,9,SexArt HD,http://kuh5nj4q.rostelekom.xyz/iptv/UHV96TYYWXKAZY/6165/index.m3u8,89
1763098940,10,Adult Time,http://kuh5nj4q.rostelekom.xyz/iptv/UHV96TYYWXKAZY/6166/index.m3u8,91
1763098956,,,http://kuh5nj4q.rostelekom.xyz/iptv/UHV96TYYWXKAZY/12135/index.m3u8,80
1763098985,,,http://kuh5nj4q.rostelekom.xyz/iptv/UHV96TYYWXKAZY/12135/index.m3u8,80
1763099014,11,Red TV Anal,http://kuh5nj4q.rostelekom.xyz/iptv/UHV96TYYWXKAZY/6167/index.m3u8,92
1763099015,,,http://kuh5nj4q.rostelekom.xyz/iptv/UHV96TYYWXKAZY/12135/index.m3u8,80
1763099016,11,Analized HD,http://kuh5nj4q.rostelekom.xyz/iptv/UHV96TYYWXKAZY/6168/index.m3u8,92
1763099018,12,Babes.com HD,http://kuh5nj4q.rostelekom.xyz/iptv/UHV96TYYWXKAZY/6171/index.m3u8,93
1763099020,5,Babes,http://kuh5nj4q.rostelekom.xyz/iptv/UHV96TYYWXKAZY/6172/index.m3u8,85
1763099022,12,Bang Bros HD,http://kuh5nj4q.rostelekom.xyz/iptv/UHV96TYYWXKAZY/6173/index.m3u8,93
1763099031,5,Bang!,http://kuh5nj4q.rostelekom.xyz/iptv/UHV96TYYWXKAZY/6174/index.m3u8,85
1763099035,14,Red TV Big Ass,http://kuh5nj4q.rostelekom.xyz/iptv/UHV96TYYWXKAZY/6175/index.m3u8,95
1763099037,15,Red TV Big Dick,http://kuh5nj4q.rostelekom.xyz/iptv/UHV96TYYWXKAZY/6176/index.m3u8,96
1763099040,15,Red TV Big Tits,http://kuh5nj4q.rostelekom.xyz/iptv/UHV96TYYWXKAZY/6177/index.m3u8,96
1763099042,10,Blacked HD,http://kuh5nj4q.rostelekom.xyz/iptv/UHV96TYYWXKAZY/6178/index.m3u8,91
1763099045,14,Red TV Blowjob,http://kuh5nj4q.rostelekom.xyz/iptv/UHV96TYYWXKAZY/6180/index.m3u8,95
1763099045,,,http://kuh5nj4q.rostelekom.xyz/iptv/UHV96TYYWXKAZY/12135/index.m3u8,80
1763099047,15,Brazzers eXXtra,http://kuh5nj4q.rostelekom.xyz/iptv/UHV96TYYWXKAZY/6181/index.m3u8,96
1763099049,11,Brazzers HD,http://kuh5nj4q.rostelekom.xyz/iptv/UHV96TYYWXKAZY/6182/index.m3u8,92
1763099054,15,Red TV Brunette,http://kuh5nj4q.rostelekom.xyz/iptv/UHV96TYYWXKAZY/6183/index.m3u8,96
1763099055,12,Cherry Pimps,http://kuh5nj4q.rostelekom.xyz/iptv/UHV96TYYWXKAZY/6185/index.m3u8,93
1763099057,19,Club Sweethearts HD,http://kuh5nj4q.rostelekom.xyz/iptv/UHV96TYYWXKAZY/6186/index.m3u8,100
1763099059,18,Red TV Compilation,http://kuh5nj4q.rostelekom.xyz/iptv/UHV96TYYWXKAZY/6187/index.m3u8,99
1763099061,14,Red TV Cuckold,http://kuh5nj4q.rostelekom.xyz/iptv/UHV96TYYWXKAZY/6188/index.m3u8,95
1763099063,10,Cum Louder,http://kuh5nj4q.rostelekom.xyz/iptv/UHV96TYYWXKAZY/6189/index.m3u8,91
1763099075,,,http://kuh5nj4q.rostelekom.xyz/iptv/UHV96TYYWXKAZY/12135/index.m3u8,80
1763099105,,,http://kuh5nj4q.rostelekom.xyz/iptv/UHV96TYYWXKAZY/12135/index.m3u8,80
1763099135,,,http://kuh5nj4q.rostelekom.xyz/iptv/UHV96TYYWXKAZY/12135/index.m3u8,80
1763099153,13,Daughter Swap,http://kuh5nj4q.rostelekom.xyz/iptv/UHV96TYYWXKAZY/6191/index.m3u8,94
1763099155,19,Day with a Pornstar,http://kuh5nj4q.rostelekom.xyz/iptv/UHV96TYYWXKAZY/6192/index.m3u8,100
1763099160,9,DDF Busty,http://kuh5nj4q.rostelekom.xyz/iptv/UHV96TYYWXKAZY/6193/index.m3u8,89
1763099163,11,DDF Network,http://kuh5nj4q.rostelekom.xyz/iptv/UHV96TYYWXKAZY/6194/index.m3u8,92
1763099165,17,Digital Desire HD,http://kuh5nj4q.rostelekom.xyz/iptv/UHV96TYYWXKAZY/6195/index.m3u8,98
1763099165,,,http://kuh5nj4q.rostelekom.xyz/iptv/UHV96TYYWXKAZY/12135/index.m3u8,80
1763099167,21,Digital Playground HD,http://kuh5nj4q.rostelekom.xyz/iptv/UHV96TYYWXKAZY/6196/index.m3u8,102
1763099169,11,Dorcel Club,http://kuh5nj4q.rostelekom.xyz/iptv/UHV96TYYWXKAZY/6197/index.m3u8,92
1763099172,11,Porn Angels,http://kuh5nj4q.rostelekom.xyz/iptv/UHV96TYYWXKAZY/6198/index.m3u8,92
1763099175,13,Evil Angel HD,http://kuh5nj4q.rostelekom.xyz/iptv/UHV96TYYWXKAZY/6199/index.m3u8,94
1763099177,14,Evolved Fights,http://kuh5nj4q.rostelekom.xyz/iptv/UHV96TYYWXKAZY/6200/index.m3u8,95
1763099179,12,Fake Taxi HD,http://kuh5nj4q.rostelekom.xyz/iptv/UHV96TYYWXKAZY/6202/index.m3u8,93
1763099181,18,Fap TV Compilation,http://kuh5nj4q.rostelekom.xyz/iptv/UHV96TYYWXKAZY/6208/index.m3u8,99
1763103321,22,index 2025-11-14 09:55,http://kuh5nj4q.rostelekom.xyz/iptv/UHV96TYYWXKAZY/12138/index.m3u8,104
1763147625,18,Fap TV Compilation,http://kuh5nj4q.rostelekom.xyz/iptv/UHV96TYYWXKAZY/6208/index.m3u8,99
1763147633,12,Fake Taxi HD,http://kuh5nj4q.rostelekom.xyz/iptv/UHV96TYYWXKAZY/6202/index.m3u8,93
1763147636,14,Evolved Fights,http://kuh5nj4q.rostelekom.xyz/iptv/UHV96TYYWXKAZY/6200/index.m3u8,95
1763148114,13,Evil Angel HD,http://kuh5nj4q.rostelekom.xyz/iptv/UHV96TYYWXKAZY/6199/index.m3u8,94
1763148118,11,Porn Angels,http://kuh5nj4q.rostelekom.xyz/iptv/UHV96TYYWXKAZY/6198/index.m3u8,92
1763148120,13,Evil Angel HD,http://kuh5nj4q.rostelekom.xyz/iptv/UHV96TYYWXKAZY/6199/index.m3u8,94
1763148127,11,Porn Angels,http://kuh5nj4q.rostelekom.xyz/iptv/UHV96TYYWXKAZY/6198/index.m3u8,92
1763148159,11,Dorcel Club,http://kuh5nj4q.rostelekom.xyz/iptv/UHV96TYYWXKAZY/6197/index.m3u8,92
1763148163,21,Digital Playground HD,http://kuh5nj4q.rostelekom.xyz/iptv/UHV96TYYWXKAZY/6196/index.m3u8,102
1763148165,17,Digital Desire HD,http://kuh5nj4q.rostelekom.xyz/iptv/UHV96TYYWXKAZY/6195/index.m3u8,98
1763148170,11,DDF Network,http://kuh5nj4q.rostelekom.xyz/iptv/UHV96TYYWXKAZY/6194/index.m3u8,92
1763148175,9,DDF Busty,http://kuh5nj4q.rostelekom.xyz/iptv/UHV96TYYWXKAZY/6193/index.m3u8,89
1763148223,,,http://kuh5nj4q.rostelekom.xyz/iptv/UHV96TYYWXKAZY/6193/index.m3u8,79
1763182930,9,DDF Busty,http://kuh5nj4q.rostelekom.xyz/iptv/UHV96TYYWXKAZY/6193/index.m3u8,89
1763182947,9,DDF Busty,http://kuh5nj4q.rostelekom.xyz/iptv/UHV96TYYWXKAZY/6193/index.m3u8,89
1763182951,19,Day with a Pornstar,http://kuh5nj4q.rostelekom.xyz/iptv/UHV96TYYWXKAZY/6192/index.m3u8,100
1763182973,13,Daughter Swap,http://kuh5nj4q.rostelekom.xyz/iptv/UHV96TYYWXKAZY/6191/index.m3u8,94
1763182976,10,Cum Louder,http://kuh5nj4q.rostelekom.xyz/iptv/UHV96TYYWXKAZY/6189/index.m3u8,91
1763182978,14,Red TV Cuckold,http://kuh5nj4q.rostelekom.xyz/iptv/UHV96TYYWXKAZY/6188/index.m3u8,95
1763182980,18,Red TV Compilation,http://kuh5nj4q.rostelekom.xyz/iptv/UHV96TYYWXKAZY/6187/index.m3u8,99
1763182983,19,Club Sweethearts HD,http://kuh5nj4q.rostelekom.xyz/iptv/UHV96TYYWXKAZY/6186/index.m3u8,100
1763183000,12,Cherry Pimps,http://kuh5nj4q.rostelekom.xyz/iptv/UHV96TYYWXKAZY/6185/index.m3u8,93
1763183021,15,Red TV Brunette,http://kuh5nj4q.rostelekom.xyz/iptv/UHV96TYYWXKAZY/6183/index.m3u8,96
1763183022,11,Brazzers HD,http://kuh5nj4q.rostelekom.xyz/iptv/UHV96TYYWXKAZY/6182/index.m3u8,92
1763183025,15,Brazzers eXXtra,http://kuh5nj4q.rostelekom.xyz/iptv/UHV96TYYWXKAZY/6181/index.m3u8,96
1763183028,14,Red TV Blowjob,http://kuh5nj4q.rostelekom.xyz/iptv/UHV96TYYWXKAZY/6180/index.m3u8,95
1763183030,10,Blacked HD,http://kuh5nj4q.rostelekom.xyz/iptv/UHV96TYYWXKAZY/6178/index.m3u8,91
1763183047,15,Red TV Big Tits,http://kuh5nj4q.rostelekom.xyz/iptv/UHV96TYYWXKAZY/6177/index.m3u8,96
1763183050,15,Red TV Big Dick,http://kuh5nj4q.rostelekom.xyz/iptv/UHV96TYYWXKAZY/6176/index.m3u8,96
1763183052,14,Red TV Big Ass,http://kuh5nj4q.rostelekom.xyz/iptv/UHV96TYYWXKAZY/6175/index.m3u8,95
1763183054,5,Bang!,http://kuh5nj4q.rostelekom.xyz/iptv/UHV96TYYWXKAZY/6174/index.m3u8,85
1763183063,12,Bang Bros HD,http://kuh5nj4q.rostelekom.xyz/iptv/UHV96TYYWXKAZY/6173/index.m3u8,93
1763183078,5,Babes,http://kuh5nj4q.rostelekom.xyz/iptv/UHV96TYYWXKAZY/6172/index.m3u8,85
1763183080,12,Babes.com HD,http://kuh5nj4q.rostelekom.xyz/iptv/UHV96TYYWXKAZY/6171/index.m3u8,93
1763183082,11,Analized HD,http://kuh5nj4q.rostelekom.xyz/iptv/UHV96TYYWXKAZY/6168/index.m3u8,92
1763183085,11,Red TV Anal,http://kuh5nj4q.rostelekom.xyz/iptv/UHV96TYYWXKAZY/6167/index.m3u8,92
1763183087,10,Adult Time,http://kuh5nj4q.rostelekom.xyz/iptv/UHV96TYYWXKAZY/6166/index.m3u8,91
1763183089,9,SexArt HD,http://kuh5nj4q.rostelekom.xyz/iptv/UHV96TYYWXKAZY/6165/index.m3u8,89
1763183091,9,Eroxxx HD,http://kuh5nj4q.rostelekom.xyz/iptv/UHV96TYYWXKAZY/5015/index.m3u8,89
1763183093,18,Extasy Platinum 4K,http://kuh5nj4q.rostelekom.xyz/iptv/UHV96TYYWXKAZY/5014/index.m3u8,99
1763183095,24,Penthouse Reality TV FHD,http://kuh5nj4q.rostelekom.xyz/iptv/UHV96TYYWXKAZY/5013/index.m3u8,105
1763183096,23,Penthouse Reality TV HD,http://kuh5nj4q.rostelekom.xyz/iptv/UHV96TYYWXKAZY/5012/index.m3u8,104
1763183098,17,Penthouse Gold HD,http://kuh5nj4q.rostelekom.xyz/iptv/UHV96TYYWXKAZY/5011/index.m3u8,98
1763183100,20,Penthouse Passion HD,http://kuh5nj4q.rostelekom.xyz/iptv/UHV96TYYWXKAZY/5010/index.m3u8,101
1763183103,3,XXL,http://kuh5nj4q.rostelekom.xyz/iptv/UHV96TYYWXKAZY/5009/index.m3u8,83
1763183105,12,Exxxotica HD,http://kuh5nj4q.rostelekom.xyz/iptv/UHV96TYYWXKAZY/2397/index.m3u8,93
1763183109,12,Vivid Red HD,http://kuh5nj4q.rostelekom.xyz/iptv/UHV96TYYWXKAZY/2162/index.m3u8,93
1763183111,8,Babes TV,http://kuh5nj4q.rostelekom.xyz/iptv/UHV96TYYWXKAZY/2161/index.m3u8,88
1763183113,12,Dorcel TV HD,http://kuh5nj4q.rostelekom.xyz/iptv/UHV96TYYWXKAZY/245/index.m3u8,92
1763183117,10,Hustler HD,http://kuh5nj4q.rostelekom.xyz/iptv/UHV96TYYWXKAZY/244/index.m3u8,90
1763183118,10,Private TV,http://kuh5nj4q.rostelekom.xyz/iptv/UHV96TYYWXKAZY/243/index.m3u8,90
1763183120,11,Redlight HD,http://kuh5nj4q.rostelekom.xyz/iptv/UHV96TYYWXKAZY/242/index.m3u8,91
1763183124,12,Blue Hustler,http://kuh5nj4q.rostelekom.xyz/iptv/UHV96TYYWXKAZY/1064/index.m3u8,93
1763183129,31,Brazzers TV Europe Россия,http://kuh5nj4q.rostelekom.xyz/iptv/UHV96TYYWXKAZY/910/index.m3u8,111
1763183131,23,Русская Ночь,http://kuh5nj4q.rostelekom.xyz/iptv/UHV96TYYWXKAZY/147/index.m3u8,103
1763183133,11,Eromania 4K,http://kuh5nj4q.rostelekom.xyz/iptv/UHV96TYYWXKAZY/10049/index.m3u8,93
1763183136,7,Playboy,http://kuh5nj4q.rostelekom.xyz/iptv/UHV96TYYWXKAZY/527/index.m3u8,86
1763183138,23,VF Граиндхаус,http://kuh5nj4q.rostelekom.xyz/iptv/UHV96TYYWXKAZY/14158/index.m3u8,105
1763183172,9,DDF Busty,http://kuh5nj4q.rostelekom.xyz/iptv/UHV96TYYWXKAZY/6193/index.m3u8,89
1763183175,11,DDF Network,http://kuh5nj4q.rostelekom.xyz/iptv/UHV96TYYWXKAZY/6194/index.m3u8,92
1763183179,17,Digital Desire HD,http://kuh5nj4q.rostelekom.xyz/iptv/UHV96TYYWXKAZY/6195/index.m3u8,98
1763183181,21,Digital Playground HD,http://kuh5nj4q.rostelekom.xyz/iptv/UHV96TYYWXKAZY/6196/index.m3u8,102
1763183184,11,Dorcel Club,http://kuh5nj4q.rostelekom.xyz/iptv/UHV96TYYWXKAZY/6197/index.m3u8,92
1763183188,11,Porn Angels,http://kuh5nj4q.rostelekom.xyz/iptv/UHV96TYYWXKAZY/6198/index.m3u8,92
1763183190,13,Evil Angel HD,http://kuh5nj4q.rostelekom.xyz/iptv/UHV96TYYWXKAZY/6199/index.m3u8,94
1763183192,14,Evolved Fights,http://kuh5nj4q.rostelekom.xyz/iptv/UHV96TYYWXKAZY/6200/index.m3u8,95
1763183203,12,Fake Taxi HD,http://kuh5nj4q.rostelekom.xyz/iptv/UHV96TYYWXKAZY/6202/index.m3u8,93
1763183207,18,Fap TV Compilation,http://kuh5nj4q.rostelekom.xyz/iptv/UHV96TYYWXKAZY/6208/index.m3u8,99
1763183209,6,FemJoy,http://kuh5nj4q.rostelekom.xyz/iptv/UHV96TYYWXKAZY/6212/index.m3u8,86
1763183211,13,Red TV Fetish,http://kuh5nj4q.rostelekom.xyz/iptv/UHV96TYYWXKAZY/6213/index.m3u8,94
1763183213,15,Red TV Gangbang,http://kuh5nj4q.rostelekom.xyz/iptv/UHV96TYYWXKAZY/6214/index.m3u8,96
1763183215,10,Red TV Gay,http://kuh5nj4q.rostelekom.xyz/iptv/UHV96TYYWXKAZY/6215/index.m3u8,91
1763183216,8,Got MYLF,http://kuh5nj4q.rostelekom.xyz/iptv/UHV96TYYWXKAZY/6216/index.m3u8,88
1763183218,21,DDF Hands on Hardcore,http://kuh5nj4q.rostelekom.xyz/iptv/UHV96TYYWXKAZY/6217/index.m3u8,102
1763183220,6,Hard X,http://kuh5nj4q.rostelekom.xyz/iptv/UHV96TYYWXKAZY/6218/index.m3u8,86
1763183222,15,Red TV Hardcore,http://kuh5nj4q.rostelekom.xyz/iptv/UHV96TYYWXKAZY/6219/index.m3u8,96
1763183224,12,Hitzefrei HD,http://kuh5nj4q.rostelekom.xyz/iptv/UHV96TYYWXKAZY/6220/index.m3u8,93
1763183229,5,Holed,http://kuh5nj4q.rostelekom.xyz/iptv/UHV96TYYWXKAZY/6221/index.m3u8,85
1763183231,12,Hot and Mean,http://kuh5nj4q.rostelekom.xyz/iptv/UHV96TYYWXKAZY/6222/index.m3u8,93
1763183232,13,Hot Guys Fuck,http://kuh5nj4q.rostelekom.xyz/iptv/UHV96TYYWXKAZY/6223/index.m3u8,94
1763183234,18,Red TV Interracial,http://kuh5nj4q.rostelekom.xyz/iptv/UHV96TYYWXKAZY/6224/index.m3u8,99
1763183236,9,Japan HDV,http://kuh5nj4q.rostelekom.xyz/iptv/UHV96TYYWXKAZY/6225/index.m3u8,89
1763183238,13,Red TV Latina,http://kuh5nj4q.rostelekom.xyz/iptv/UHV96TYYWXKAZY/6226/index.m3u8,94
1763183240,6,Lesbea,http://kuh5nj4q.rostelekom.xyz/iptv/UHV96TYYWXKAZY/6227/index.m3u8,86
1763183242,14,Red TV Lesbian,http://kuh5nj4q.rostelekom.xyz/iptv/UHV96TYYWXKAZY/6228/index.m3u8,95
1763183243,15,Lethal Hardcore,http://kuh5nj4q.rostelekom.xyz/iptv/UHV96TYYWXKAZY/6229/index.m3u8,96
1763183245,16,Little Asians HD,http://kuh5nj4q.rostelekom.xyz/iptv/UHV96TYYWXKAZY/6230/index.m3u8,97
1763183286,16,Red TV Live Cams,http://kuh5nj4q.rostelekom.xyz/iptv/UHV96TYYWXKAZY/6231/index.m3u8,97
1763183287,11,Lust Cinema,http://kuh5nj4q.rostelekom.xyz/iptv/UHV96TYYWXKAZY/6232/index.m3u8,92
1763183289,9,MetArt HD,http://kuh5nj4q.rostelekom.xyz/iptv/UHV96TYYWXKAZY/6233/index.m3u8,89
1763183317,11,Red TV Milf,http://kuh5nj4q.rostelekom.xyz/iptv/UHV96TYYWXKAZY/6234/index.m3u8,92
1763183319,16,Monsters of Cock,http://kuh5nj4q.rostelekom.xyz/iptv/UHV96TYYWXKAZY/6235/index.m3u8,97
1763183423,,,http://kuh5nj4q.rostelekom.xyz/iptv/UHV96TYYWXKAZY/6236/index.m3u8,79
1763183427,,,http://kuh5nj4q.rostelekom.xyz/iptv/UHV96TYYWXKAZY/6235/index.m3u8,79
1763183609,,,http://kuh5nj4q.rostelekom.xyz/iptv/UHV96TYYWXKAZY/6236/index.m3u8,79
1763183633,,,http://kuh5nj4q.rostelekom.xyz/iptv/UHV96TYYWXKAZY/6237/index.m3u8,79
1763183635,,,http://kuh5nj4q.rostelekom.xyz/iptv/UHV96TYYWXKAZY/6238/index.m3u8,79
1763183639,,,http://kuh5nj4q.rostelekom.xyz/iptv/UHV96TYYWXKAZY/6240/index.m3u8,79
1763183640,,,http://kuh5nj4q.rostelekom.xyz/iptv/UHV96TYYWXKAZY/6241/index.m3u8,79
1763183642,,,http://kuh5nj4q.rostelekom.xyz/iptv/UHV96TYYWXKAZY/6242/index.m3u8,79
1763183644,,,http://kuh5nj4q.rostelekom.xyz/iptv/UHV96TYYWXKAZY/6243/index.m3u8,79
1763183646,,,http://kuh5nj4q.rostelekom.xyz/iptv/UHV96TYYWXKAZY/6244/index.m3u8,79
1763183648,,,http://kuh5nj4q.rostelekom.xyz/iptv/UHV96TYYWXKAZY/6245/index.m3u8,79
1763183650,,,http://kuh5nj4q.rostelekom.xyz/iptv/UHV96TYYWXKAZY/6246/index.m3u8,79
1763183652,,,http://kuh5nj4q.rostelekom.xyz/iptv/UHV96TYYWXKAZY/6247/index.m3u8,79
1763183654,,,http://kuh5nj4q.rostelekom.xyz/iptv/UHV96TYYWXKAZY/6248/index.m3u8,79
1763183656,,,http://kuh5nj4q.rostelekom.xyz/iptv/UHV96TYYWXKAZY/6249/index.m3u8,79
1763183659,,,http://kuh5nj4q.rostelekom.xyz/iptv/UHV96TYYWXKAZY/6250/index.m3u8,79
1763183660,,,http://kuh5nj4q.rostelekom.xyz/iptv/UHV96TYYWXKAZY/6251/index.m3u8,79
1763183662,,,http://kuh5nj4q.rostelekom.xyz/iptv/UHV96TYYWXKAZY/6252/index.m3u8,79
1763183664,,,http://kuh5nj4q.rostelekom.xyz/iptv/UHV96TYYWXKAZY/6253/index.m3u8,79
1763183666,,,http://kuh5nj4q.rostelekom.xyz/iptv/UHV96TYYWXKAZY/6255/index.m3u8,79
1763183667,,,http://kuh5nj4q.rostelekom.xyz/iptv/UHV96TYYWXKAZY/6256/index.m3u8,79
1763183669,,,http://kuh5nj4q.rostelekom.xyz/iptv/UHV96TYYWXKAZY/6257/index.m3u8,79
1763183670,,,http://kuh5nj4q.rostelekom.xyz/iptv/UHV96TYYWXKAZY/6258/index.m3u8,79
1763183672,,,http://kuh5nj4q.rostelekom.xyz/iptv/UHV96TYYWXKAZY/6259/index.m3u8,79
1763183674,,,http://kuh5nj4q.rostelekom.xyz/iptv/UHV96TYYWXKAZY/6260/index.m3u8,79
1763183675,,,http://kuh5nj4q.rostelekom.xyz/iptv/UHV96TYYWXKAZY/6261/index.m3u8,79
1763183677,,,http://kuh5nj4q.rostelekom.xyz/iptv/UHV96TYYWXKAZY/6262/index.m3u8,79
1763183679,,,http://kuh5nj4q.rostelekom.xyz/iptv/UHV96TYYWXKAZY/6263/index.m3u8,79
1763183681,,,http://kuh5nj4q.rostelekom.xyz/iptv/UHV96TYYWXKAZY/6264/index.m3u8,79
1763183683,,,http://kuh5nj4q.rostelekom.xyz/iptv/UHV96TYYWXKAZY/6265/index.m3u8,79
1763184248,,,/mnt/windows/Users/Safe/Downloads/Евгений Коновалов - Фиалка алая.mp4,108
1763184345,,,/mnt/windows/Users/Safe/Downloads/Сергей Одинцов - Вишневый сад.mp4,104
1763184493,,,/mnt/windows/Users/Safe/Downloads/Сергей Одинцов - Милая Моя, Любимая.mp4,114
1763184633,,,/mnt/windows/Users/Safe/Downloads/1Сергей Одинцов - Белые лебеди.mp4,105
1763184781,,,/mnt/windows/Users/Safe/Downloads/Сергей Одинцов - А помнишь.mp4,98
1763184988,,,/mnt/windows/Users/Safe/Downloads/1Аркадиас - Художник.mp4,87
1763185138,,,/mnt/windows/Users/Safe/Downloads/1Сергей Пискун - Моя невеста.mp4,101
1763185357,,,/mnt/windows/Users/Safe/Downloads/Сергей Пискун - Твои глаза.mp4,98
1763185549,,,/mnt/windows/Users/Safe/Downloads/1Азамат Исенгазин - Женщина мечта.mp4,111
1763185846,,,/mnt/windows/Users/Safe/Downloads/Вячеслав Сидоренко - Болит душа твоя.mp4,117
1763185997,,,/mnt/windows/Users/Safe/Downloads/1Могилатов В. - Волчица.mp4,91
1763186277,,,/mnt/game/Recording/Converter/Караоке/С днем рождения/AI/Песня День рождения Насти1.mkv,142
1763235125,8,Vixen HD,http://kuh5nj4q.rostelekom.xyz/iptv/UHV96TYYWXKAZY/6265/index.m3u8,88
1763235535,16,We Live Together,http://kuh5nj4q.rostelekom.xyz/iptv/UHV96TYYWXKAZY/6266/index.m3u8,97
1763235539,11,White Boxxx,http://kuh5nj4q.rostelekom.xyz/iptv/UHV96TYYWXKAZY/6267/index.m3u8,92
1763235542,6,Wicked,http://kuh5nj4q.rostelekom.xyz/iptv/UHV96TYYWXKAZY/6268/index.m3u8,86
1763235546,11,White Boxxx,http://kuh5nj4q.rostelekom.xyz/iptv/UHV96TYYWXKAZY/6267/index.m3u8,92
1763235620,8,Vixen HD,http://kuh5nj4q.rostelekom.xyz/iptv/UHV96TYYWXKAZY/6265/index.m3u8,88
1763235710,11,White Boxxx,http://kuh5nj4q.rostelekom.xyz/iptv/UHV96TYYWXKAZY/6267/index.m3u8,92
1763235714,6,Wicked,http://kuh5nj4q.rostelekom.xyz/iptv/UHV96TYYWXKAZY/6268/index.m3u8,86
1763235719,10,Xpanded TV,http://kuh5nj4q.rostelekom.xyz/iptv/UHV96TYYWXKAZY/6269/index.m3u8,91
1763235723,13,Balkan Erotic,http://kuh5nj4q.rostelekom.xyz/iptv/UHV96TYYWXKAZY/6270/index.m3u8,94
1763235725,8,Red Lips,http://kuh5nj4q.rostelekom.xyz/iptv/UHV96TYYWXKAZY/6271/index.m3u8,88
1763235739,9,Leo TV HD,http://kuh5nj4q.rostelekom.xyz/iptv/UHV96TYYWXKAZY/6272/index.m3u8,89
1763235743,3,HOT,http://kuh5nj4q.rostelekom.xyz/iptv/UHV96TYYWXKAZY/6275/index.m3u8,83
1763235755,12,Hot Pleasure,http://kuh5nj4q.rostelekom.xyz/iptv/UHV96TYYWXKAZY/6277/index.m3u8,93
1763235766,7,Red XXX,http://kuh5nj4q.rostelekom.xyz/iptv/UHV96TYYWXKAZY/6281/index.m3u8,87
1763235769,8,Sexy Hot,http://kuh5nj4q.rostelekom.xyz/iptv/UHV96TYYWXKAZY/6282/index.m3u8,88
1763235792,5,Venus,http://kuh5nj4q.rostelekom.xyz/iptv/UHV96TYYWXKAZY/6284/index.m3u8,85
1763235795,4,X-MO,http://kuh5nj4q.rostelekom.xyz/iptv/UHV96TYYWXKAZY/6285/index.m3u8,84
1763235798,9,XY Max HD,http://kuh5nj4q.rostelekom.xyz/iptv/UHV96TYYWXKAZY/6286/index.m3u8,89
1763235804,9,XY Mix HD,http://kuh5nj4q.rostelekom.xyz/iptv/UHV96TYYWXKAZY/6287/index.m3u8,89
1763235819,10,XY Plus HD,http://kuh5nj4q.rostelekom.xyz/iptv/UHV96TYYWXKAZY/6288/index.m3u8,91
1763235843,13,Pink Erotic 1,http://kuh5nj4q.rostelekom.xyz/iptv/UHV96TYYWXKAZY/6289/index.m3u8,94
1763235846,13,Pink Erotic 2,http://kuh5nj4q.rostelekom.xyz/iptv/UHV96TYYWXKAZY/6290/index.m3u8,94
1763235854,13,Pink Erotic 3,http://kuh5nj4q.rostelekom.xyz/iptv/UHV96TYYWXKAZY/6291/index.m3u8,94
1763235873,13,Pink Erotic 4,http://kuh5nj4q.rostelekom.xyz/iptv/UHV96TYYWXKAZY/6292/index.m3u8,94
1763235880,13,Pink Erotic 6,http://kuh5nj4q.rostelekom.xyz/iptv/UHV96TYYWXKAZY/6293/index.m3u8,94
1763235888,13,Pink Erotic 7,http://kuh5nj4q.rostelekom.xyz/iptv/UHV96TYYWXKAZY/6294/index.m3u8,94
1763235896,13,Pink Erotic 8,http://kuh5nj4q.rostelekom.xyz/iptv/UHV96TYYWXKAZY/6295/index.m3u8,94
1763235917,7,Erox HD,http://kuh5nj4q.rostelekom.xyz/iptv/UHV96TYYWXKAZY/6296/index.m3u8,87
1763235919,11,SuperOne HD,http://kuh5nj4q.rostelekom.xyz/iptv/UHV96TYYWXKAZY/6298/index.m3u8,92
1763235922,17,Dorcel TV HD orig,http://kuh5nj4q.rostelekom.xyz/iptv/UHV96TYYWXKAZY/9064/index.m3u8,98
1763236072,15,Hustler HD orig,http://kuh5nj4q.rostelekom.xyz/iptv/UHV96TYYWXKAZY/9065/index.m3u8,96
1763236076,16,Redlight HD orig,http://kuh5nj4q.rostelekom.xyz/iptv/UHV96TYYWXKAZY/9066/index.m3u8,97
1763236078,28,Русская Ночь orig,http://kuh5nj4q.rostelekom.xyz/iptv/UHV96TYYWXKAZY/9344/index.m3u8,109
1763236082,17,Exxxotica HD orig,http://kuh5nj4q.rostelekom.xyz/iptv/UHV96TYYWXKAZY/9346/index.m3u8,98
1763236085,12,Shot TV orig,http://kuh5nj4q.rostelekom.xyz/iptv/UHV96TYYWXKAZY/9347/index.m3u8,93
1763236088,17,StrahTV Extasy HD,http://kuh5nj4q.rostelekom.xyz/iptv/UHV96TYYWXKAZY/11051/index.m3u8,99
1763236092,15,StrahTV KinoXXX,http://kuh5nj4q.rostelekom.xyz/iptv/UHV96TYYWXKAZY/11052/index.m3u8,97
1763236102,20,StrahTV Ох-Ах HD,http://kuh5nj4q.rostelekom.xyz/iptv/UHV96TYYWXKAZY/11068/index.m3u8,102
1763236110,11,White Boxxx,http://kuh5nj4q.rostelekom.xyz/iptv/UHV96TYYWXKAZY/6267/index.m3u8,92
1763236119,8,Sexy Hot,http://kuh5nj4q.rostelekom.xyz/iptv/UHV96TYYWXKAZY/6282/index.m3u8,88
1763236127,14,VF Cartoon 18+,http://kuh5nj4q.rostelekom.xyz/iptv/UHV96TYYWXKAZY/11117/index.m3u8,96
1763236134,10,Alba XXX 1,http://kuh5nj4q.rostelekom.xyz/iptv/UHV96TYYWXKAZY/12106/index.m3u8,92
1763236239,9,Exotic 4k,http://kuh5nj4q.rostelekom.xyz/iptv/UHV96TYYWXKAZY/12107/index.m3u8,90
1763236492,19,Euro Girls On Girls,http://kuh5nj4q.rostelekom.xyz/iptv/UHV96TYYWXKAZY/12108/index.m3u8,101
1763236501,9,Erotica X,http://kuh5nj4q.rostelekom.xyz/iptv/UHV96TYYWXKAZY/12109/index.m3u8,90
1763236504,12,Erotic Spice,http://kuh5nj4q.rostelekom.xyz/iptv/UHV96TYYWXKAZY/12110/index.m3u8,94
1763237488,12,Erotic Spice,http://kuh5nj4q.rostelekom.xyz/iptv/UHV96TYYWXKAZY/12110/index.m3u8,94
1763237521,11,DP Fanatics,http://kuh5nj4q.rostelekom.xyz/iptv/UHV96TYYWXKAZY/12111/index.m3u8,93
1763237525,21,Brazzers TV Europe HD,http://kuh5nj4q.rostelekom.xyz/iptv/UHV96TYYWXKAZY/12113/index.m3u8,103
1763237529,8,SuperOne,http://kuh5nj4q.rostelekom.xyz/iptv/UHV96TYYWXKAZY/12121/index.m3u8,89
1763237532,16,Dirty Wives Club,http://kuh5nj4q.rostelekom.xyz/iptv/UHV96TYYWXKAZY/12122/index.m3u8,98
1763237552,12,French Lover,http://kuh5nj4q.rostelekom.xyz/iptv/UHV96TYYWXKAZY/12124/index.m3u8,94
1763237555,18,Meiden Van Holland,http://kuh5nj4q.rostelekom.xyz/iptv/UHV96TYYWXKAZY/12125/index.m3u8,100
1763237559,13,Dirty Masseur,http://kuh5nj4q.rostelekom.xyz/iptv/UHV96TYYWXKAZY/12128/index.m3u8,95
1763237562,10,Dirty Flix,http://kuh5nj4q.rostelekom.xyz/iptv/UHV96TYYWXKAZY/12130/index.m3u8,92
1763695483,,,/mnt/game/Recording/Converter/Караоке/С днем рождения/AI/Утро встало свет зажег Именная.mkv,150
1763695782,,,/mnt/game/Recording/Converter/Караоке/С днем рождения/AI/Торт и свечи.mkv,116
1763696060,,,/mnt/game/Recording/Converter/Караоке/С днем рождения/AI/Торт и свечи со словами.mkv,136
1763696090,,,/mnt/game/Recording/Converter/Караоке/С днем рождения/AI/С днем варенья.mkv,120
1763696258,,,/mnt/game/Recording/Converter/Караоке/С днем рождения/AI/Песня День рождения Насти1.mkv,142
1763696949,,,/mnt/game/Recording/Converter/Караоке/С днем рождения/AI/Дуэт/Яркий вечер, радость в глазах.mkv,156
1763697197,,,/mnt/game/Recording/Converter/Караоке/С днем рождения/AI/Дуэт/Пусть в этот день все краски ярче Анастасия.mkv,182
1763697421,,,/mnt/game/Recording/Converter/Караоке/С днем рождения/AI/Дуэт/1С днем рождения, Анастасия, Счастья, радости, любви без края.mkv,212
1763697626,,,/mnt/game/Recording/Converter/Караоке/С днем рождения/AI/Дуэт/1Анастасия, ты как весна.mkv,146
1763697810,,,/mnt/game/Recording/Converter/Караоке/С днем рождения/AI/Дуэт/Мы зашли к тебе на праздник, Анастасия.mkv,172
1763698033,,,/mnt/game/Recording/Converter/Караоке/С днем рождения/AI/Дуэт/Сегодня твой день, лови момент.mkv,158
1763698244,,,/mnt/game/Recording/Converter/Караоке/С днем рождения/AI/Дуэт/Раз, два, три, четыре, пять.mkv,149
1763698388,,,/mnt/game/Recording/Converter/Караоке/С днем рождения/AI/Дуэт/Ты как дискотечный шар.mkv,144
1763698517,,,/mnt/game/Recording/Converter/Караоке/С днем рождения/AI/Торт и свечи.mkv,116
1763698518,,,/mnt/game/Recording/Converter/Караоке/С днем рождения/AI/Утро встало свет зажег Именная.mkv,150
1763698536,,,/mnt/game/Recording/Converter/Караоке/С днем рождения/AI/Торт и свечи.mkv,116
1763698656,,,/mnt/game/Recording/Converter/Караоке/С днем рождения/AI/Торт и свечи со словами.mkv,136
1763699068,,,/mnt/game/Recording/Converter/Караоке/С днем рождения/AI/С днем варенья.mkv,120
1763699076,,,/mnt/game/Recording/Converter/Караоке/С днем рождения/AI/С днем варенья со словами.mkv,140
1764041801,,,/mnt/game/Recording/Converter/Караоке/С днем рождения/AI/Торт и свечи.mkv,116
1764041990,,,/mnt/game/Recording/Converter/Караоке/С днем рождения/AI/Утро встало свет зажег Именная.mkv,150
1764042134,,,/mnt/game/Recording/Converter/Караоке/С днем рождения/AI/С днем варенья.mkv,120
1764042271,,,/mnt/game/Recording/Converter/Караоке/С днем рождения/AI/Песня День рождения Насти1.mkv,142
1764042512,,,/mnt/game/Recording/Converter/Караоке/С днем рождения/AI/Дуэт/Яркий вечер, радость в глазах.mkv,156
1764042719,,,/mnt/game/Recording/Converter/Караоке/С днем рождения/AI/Дуэт/Пусть в этот день все краски ярче Анастасия.mkv,182
1764042871,,,/mnt/game/Recording/Converter/Караоке/С днем рождения/AI/Дуэт/1С днем рождения, Анастасия, Счастья, радости, любви без края.mkv,212
1764043067,,,/mnt/game/Recording/Converter/Караоке/С днем рождения/AI/Дуэт/1Анастасия, ты как весна.mkv,146
1764043241,,,/mnt/game/Recording/Converter/Караоке/С днем рождения/AI/Дуэт/Мы зашли к тебе на праздник, Анастасия.mkv,172
1764043405,,,/mnt/game/Recording/Converter/Караоке/С днем рождения/AI/Дуэт/Сегодня твой день, лови момент.mkv,158
1764043567,,,/mnt/game/Recording/Converter/Караоке/С днем рождения/AI/Дуэт/Раз, два, три, четыре, пять.mkv,149
1764043704,,,/mnt/game/Recording/Converter/Караоке/С днем рождения/AI/Дуэт/Ты как дискотечный шар.mkv,144
1764044537,,,/mnt/game/Recording/Converter/Караоке/Eng on Rus/Modern Talking - You're My Heart, You're My Soul на русском.mp4,141
1764045678,,,/mnt/game/Recording/Converter/Караоке/Milen - Прочитай в глазах.mkv,102
1764046016,,,/mnt/game/Recording/Converter/Караоке/Юрий Шатунов - От белых роз (remix).mkv,118
1764046301,,,/mnt/game/Recording/Converter/Караоке/Юрий Шатунов - Ромашки.mp4,102
1764046471,,,/mnt/game/Recording/Converter/Караоке/Эдуард Хуснутдинов - Таю.mkv,106
1764046666,,,/mnt/game/Recording/Converter/Караоке/01/Один/Jazzdauren - Первая любовь.mp4,112
1764046945,,,/mnt/game/Recording/Converter/Караоке/01/Один/Филипп Киркоров - Просто подари.mkv,131
1764047294,,,/mnt/game/Recording/Converter/Караоке/01/Один/Ласковыи маи - Лето.mp4,108
1764047443,,,/mnt/game/Recording/Converter/Караоке/01/Один/Маленький принц - Мы встретимся снова.mp4,142
1764047595,,,/mnt/game/Recording/Converter/Караоке/01/Один/Юрий Шатунов - Письмо.mp4,112
1764047925,,,/mnt/windows/Users/Safe/Downloads/1Сергей Одинцов - Белые лебеди.mp4,105
1764048224,,,/mnt/windows/Users/Safe/Downloads/Сергей Одинцов - Милая Моя, Любимая.mp4,114
1764048375,,,/mnt/windows/Users/Safe/Downloads/1Аркадиас - Художник.mp4,87
1764048535,,,/mnt/windows/Users/Safe/Downloads/Евгений Коновалов - Фиалка алая.mp4,108
1764048727,,,/mnt/windows/Users/Safe/Downloads/Сергей Одинцов - Вишневый сад.mp4,104
1764048992,,,/mnt/windows/Users/Safe/Downloads/1Сергей Пискун - Моя невеста.mp4,101
1764049146,,,/mnt/windows/Users/Safe/Downloads/1Азамат Исенгазин - Женщина мечта.mp4,111
1764049303,,,/mnt/windows/Users/Safe/Downloads/Вячеслав Сидоренко - Болит душа твоя.mp4,117
1764049438,,,/mnt/windows/Users/Safe/Downloads/1Могилатов В. - Волчица.mp4,91
1764049592,,,/mnt/windows/Users/Safe/Downloads/Евгений Коновалов - Фиалка алая.mp4,108
1764049752,,,/mnt/game/Recording/Converter/Караоке/Арамис - Школьница.mkv,95
1764049876,,,/mnt/game/Recording/Converter/Караоке/Андрей Губин - Зима Холода.mkv,109
1764050064,,,/mnt/game/Recording/Converter/Караоке/Танцы Минус - Цветут цветы.mp4,109
1764275814,10,Dirty Flix,http://kuh5nj4q.rostelekom.xyz/iptv/UHV96TYYWXKAZY/12130/index.m3u8,92
1764275839,9,Dorcel TV,http://kuh5nj4q.rostelekom.xyz/iptv/UHV96TYYWXKAZY/12131/index.m3u8,90
1764275841,15,Kinky Family HD,http://kuh5nj4q.rostelekom.xyz/iptv/UHV96TYYWXKAZY/12133/index.m3u8,97
1764275843,10,Playboy LA,http://kuh5nj4q.rostelekom.xyz/iptv/UHV96TYYWXKAZY/12135/index.m3u8,92
1764275846,13,Passie XXX TV,http://kuh5nj4q.rostelekom.xyz/iptv/UHV96TYYWXKAZY/12136/index.m3u8,95
1764275849,14,Devils Film HD,http://kuh5nj4q.rostelekom.xyz/iptv/UHV96TYYWXKAZY/12137/index.m3u8,96
1764275851,18,Deep Throat Sirens,http://kuh5nj4q.rostelekom.xyz/iptv/UHV96TYYWXKAZY/12138/index.m3u8,100
1764275853,9,Deep Lush,http://kuh5nj4q.rostelekom.xyz/iptv/UHV96TYYWXKAZY/12139/index.m3u8,90
1764300295,24,Sky Sports News HD 50 UK,http://kuh5nj4q.rostelekom.xyz/iptv/UHV96TYYWXKAZY/9314/index.m3u8,105
1764300299,33,Экоспаскоми (Коми),http://kuh5nj4q.rostelekom.xyz/iptv/UHV96TYYWXKAZY/17018/index.m3u8,115
1764300312,9,Deep Lush,http://kuh5nj4q.rostelekom.xyz/iptv/UHV96TYYWXKAZY/12139/index.m3u8,90
1764300317,6,Dark X,http://kuh5nj4q.rostelekom.xyz/iptv/UHV96TYYWXKAZY/12140/index.m3u8,87
1764300319,18,Veraporn Group Sex,http://kuh5nj4q.rostelekom.xyz/iptv/UHV96TYYWXKAZY/12141/index.m3u8,100
1764300322,20,Veraporn Group Sex 2,http://kuh5nj4q.rostelekom.xyz/iptv/UHV96TYYWXKAZY/12142/index.m3u8,102
1764300326,10,Dane Jones,http://kuh5nj4q.rostelekom.xyz/iptv/UHV96TYYWXKAZY/12143/index.m3u8,92
1764300329,12,Dancing Bear,http://kuh5nj4q.rostelekom.xyz/iptv/UHV96TYYWXKAZY/12144/index.m3u8,94
1764300332,16,Pink Erotic 1 HD,http://kuh5nj4q.rostelekom.xyz/iptv/UHV96TYYWXKAZY/12146/index.m3u8,98
1764300340,16,Pink Erotic 2 HD,http://kuh5nj4q.rostelekom.xyz/iptv/UHV96TYYWXKAZY/12147/index.m3u8,98
1764300342,16,Pink Erotic 3 HD,http://kuh5nj4q.rostelekom.xyz/iptv/UHV96TYYWXKAZY/12148/index.m3u8,98
1764300344,16,Pink Erotic 4 HD,http://kuh5nj4q.rostelekom.xyz/iptv/UHV96TYYWXKAZY/12149/index.m3u8,98
1764300347,16,Pink Erotic 5 HD,http://kuh5nj4q.rostelekom.xyz/iptv/UHV96TYYWXKAZY/12150/index.m3u8,98
1764300350,16,Pink Erotic 6 HD,http://kuh5nj4q.rostelekom.xyz/iptv/UHV96TYYWXKAZY/12151/index.m3u8,98
1764300352,16,Pink Erotic 7 HD,http://kuh5nj4q.rostelekom.xyz/iptv/UHV96TYYWXKAZY/12152/index.m3u8,98
1764300354,16,Pink Erotic 8 HD,http://kuh5nj4q.rostelekom.xyz/iptv/UHV96TYYWXKAZY/12153/index.m3u8,98
1764300356,9,Dad Crush,http://kuh5nj4q.rostelekom.xyz/iptv/UHV96TYYWXKAZY/12154/index.m3u8,90
1764300358,11,Family Swap,http://kuh5nj4q.rostelekom.xyz/iptv/UHV96TYYWXKAZY/12155/index.m3u8,93
1764300473,14,Family Strokes,http://kuh5nj4q.rostelekom.xyz/iptv/UHV96TYYWXKAZY/12156/index.m3u8,96
1764300481,9,Cum4k UHD,http://kuh5nj4q.rostelekom.xyz/iptv/UHV96TYYWXKAZY/12157/index.m3u8,90
1764300484,14,Cum Perfection,http://kuh5nj4q.rostelekom.xyz/iptv/UHV96TYYWXKAZY/12158/index.m3u8,96
1764300487,10,MetArt FHD,http://kuh5nj4q.rostelekom.xyz/iptv/UHV96TYYWXKAZY/12160/index.m3u8,92
1764300489,10,Bratty Sis,http://kuh5nj4q.rostelekom.xyz/iptv/UHV96TYYWXKAZY/12161/index.m3u8,92
1764300493,18,Brand New Amateurs,http://kuh5nj4q.rostelekom.xyz/iptv/UHV96TYYWXKAZY/12162/index.m3u8,100
1764300495,10,Beate Uhse,http://kuh5nj4q.rostelekom.xyz/iptv/UHV96TYYWXKAZY/12163/index.m3u8,92
1764300497,7,BBC Pie,http://kuh5nj4q.rostelekom.xyz/iptv/UHV96TYYWXKAZY/12164/index.m3u8,88
1764300501,15,Barely Legal TV,http://kuh5nj4q.rostelekom.xyz/iptv/UHV96TYYWXKAZY/12165/index.m3u8,97
1764300514,8,Bang POV,http://kuh5nj4q.rostelekom.xyz/iptv/UHV96TYYWXKAZY/12166/index.m3u8,89
1764300515,8,Bang Bus,http://kuh5nj4q.rostelekom.xyz/iptv/UHV96TYYWXKAZY/12167/index.m3u8,89
1764300518,12,Banana Fever,http://kuh5nj4q.rostelekom.xyz/iptv/UHV96TYYWXKAZY/12168/index.m3u8,94
1764300520,13,Asshole Fever,http://kuh5nj4q.rostelekom.xyz/iptv/UHV96TYYWXKAZY/12169/index.m3u8,95
1764300528,10,Ass Parade,http://kuh5nj4q.rostelekom.xyz/iptv/UHV96TYYWXKAZY/12178/index.m3u8,92
1764300530,9,Anal Time,http://kuh5nj4q.rostelekom.xyz/iptv/UHV96TYYWXKAZY/12181/index.m3u8,90
1764300532,16,Anal Teen Angels,http://kuh5nj4q.rostelekom.xyz/iptv/UHV96TYYWXKAZY/12183/index.m3u8,98
1764300539,9,Anal Only,http://kuh5nj4q.rostelekom.xyz/iptv/UHV96TYYWXKAZY/12184/index.m3u8,90
1764300541,12,Hot Wife XXX,http://kuh5nj4q.rostelekom.xyz/iptv/UHV96TYYWXKAZY/12187/index.m3u8,94
1764300544,5,Tushy,http://kuh5nj4q.rostelekom.xyz/iptv/UHV96TYYWXKAZY/12188/index.m3u8,86
1764300546,8,Anal Mom,http://kuh5nj4q.rostelekom.xyz/iptv/UHV96TYYWXKAZY/12189/index.m3u8,89
1764300549,7,Anal 4K,http://kuh5nj4q.rostelekom.xyz/iptv/UHV96TYYWXKAZY/12190/index.m3u8,88
1764300556,13,Amateur Boxxx,http://kuh5nj4q.rostelekom.xyz/iptv/UHV96TYYWXKAZY/12191/index.m3u8,95
1764300558,8,All Anal,http://kuh5nj4q.rostelekom.xyz/iptv/UHV96TYYWXKAZY/12192/index.m3u8,89
1764300560,11,Alex Legend,http://kuh5nj4q.rostelekom.xyz/iptv/UHV96TYYWXKAZY/12193/index.m3u8,93
1764300562,13,Alba XXX 2 HD,http://kuh5nj4q.rostelekom.xyz/iptv/UHV96TYYWXKAZY/12194/index.m3u8,95
1764300564,13,Alba XXX 1 HD,http://kuh5nj4q.rostelekom.xyz/iptv/UHV96TYYWXKAZY/12204/index.m3u8,95
1764300567,10,21 Sextury,http://kuh5nj4q.rostelekom.xyz/iptv/UHV96TYYWXKAZY/12205/index.m3u8,92
1764300570,19,XXX Love's Berry HD,http://kuh5nj4q.rostelekom.xyz/iptv/UHV96TYYWXKAZY/14140/index.m3u8,101
1764300573,13,Yosso TV Sexy,http://kuh5nj4q.rostelekom.xyz/iptv/UHV96TYYWXKAZY/14176/index.m3u8,95
1764300577,26,Liberty Эротика FHD,http://kuh5nj4q.rostelekom.xyz/iptv/UHV96TYYWXKAZY/16069/index.m3u8,108
1764300581,17,Kinoshka Adult HD,http://kuh5nj4q.rostelekom.xyz/iptv/UHV96TYYWXKAZY/18060/index.m3u8,99
1764300583,23,Tviksel Кино 18+ HD,http://kuh5nj4q.rostelekom.xyz/iptv/UHV96TYYWXKAZY/18075/index.m3u8,105
1764300585,34,Tviksel Кино 18+ International,http://kuh5nj4q.rostelekom.xyz/iptv/UHV96TYYWXKAZY/18076/index.m3u8,116
1764300587,12,BCU Charm HD,http://kuh5nj4q.rostelekom.xyz/iptv/UHV96TYYWXKAZY/18053/index.m3u8,94
1764300594,14,CineMan ExExEx,http://kuh5nj4q.rostelekom.xyz/iptv/UHV96TYYWXKAZY/20089/index.m3u8,96
1764300597,18,CineMan ExExEx TWO,http://kuh5nj4q.rostelekom.xyz/iptv/UHV96TYYWXKAZY/20090/index.m3u8,100
1764300598,19,StrahTV Adult TV HD,http://kuh5nj4q.rostelekom.xyz/iptv/UHV96TYYWXKAZY/31707/index.m3u8,101
1764300600,22,StrahTV PlayBoyz TV HD,http://kuh5nj4q.rostelekom.xyz/iptv/UHV96TYYWXKAZY/31709/index.m3u8,104
1764300602,22,StrahTV Ню Арт HD,http://kuh5nj4q.rostelekom.xyz/iptv/UHV96TYYWXKAZY/31716/index.m3u8,104
1764300611,11,Family Swap,http://kuh5nj4q.rostelekom.xyz/iptv/UHV96TYYWXKAZY/12155/index.m3u8,93
1764300614,9,Dad Crush,http://kuh5nj4q.rostelekom.xyz/iptv/UHV96TYYWXKAZY/12154/index.m3u8,90
1764300616,16,Pink Erotic 8 HD,http://kuh5nj4q.rostelekom.xyz/iptv/UHV96TYYWXKAZY/12153/index.m3u8,98
1764300622,12,Dancing Bear,http://kuh5nj4q.rostelekom.xyz/iptv/UHV96TYYWXKAZY/12144/index.m3u8,94
1764300625,10,Dane Jones,http://kuh5nj4q.rostelekom.xyz/iptv/UHV96TYYWXKAZY/12143/index.m3u8,92
1764300627,20,Veraporn Group Sex 2,http://kuh5nj4q.rostelekom.xyz/iptv/UHV96TYYWXKAZY/12142/index.m3u8,102
1764300630,18,Veraporn Group Sex,http://kuh5nj4q.rostelekom.xyz/iptv/UHV96TYYWXKAZY/12141/index.m3u8,100
1764300646,6,Dark X,http://kuh5nj4q.rostelekom.xyz/iptv/UHV96TYYWXKAZY/12140/index.m3u8,87
1764300653,9,Deep Lush,http://kuh5nj4q.rostelekom.xyz/iptv/UHV96TYYWXKAZY/12139/index.m3u8,90
1764300655,18,Deep Throat Sirens,http://kuh5nj4q.rostelekom.xyz/iptv/UHV96TYYWXKAZY/12138/index.m3u8,100
1764300659,14,Devils Film HD,http://kuh5nj4q.rostelekom.xyz/iptv/UHV96TYYWXKAZY/12137/index.m3u8,96
1764300661,13,Passie XXX TV,http://kuh5nj4q.rostelekom.xyz/iptv/UHV96TYYWXKAZY/12136/index.m3u8,95
1764300663,10,Playboy LA,http://kuh5nj4q.rostelekom.xyz/iptv/UHV96TYYWXKAZY/12135/index.m3u8,92
1764300666,15,Kinky Family HD,http://kuh5nj4q.rostelekom.xyz/iptv/UHV96TYYWXKAZY/12133/index.m3u8,97
1764300667,9,Dorcel TV,http://kuh5nj4q.rostelekom.xyz/iptv/UHV96TYYWXKAZY/12131/index.m3u8,90
1764300671,10,Dirty Flix,http://kuh5nj4q.rostelekom.xyz/iptv/UHV96TYYWXKAZY/12130/index.m3u8,92
1764300672,13,Dirty Masseur,http://kuh5nj4q.rostelekom.xyz/iptv/UHV96TYYWXKAZY/12128/index.m3u8,95
1764300675,18,Meiden Van Holland,http://kuh5nj4q.rostelekom.xyz/iptv/UHV96TYYWXKAZY/12125/index.m3u8,100
1764300678,12,French Lover,http://kuh5nj4q.rostelekom.xyz/iptv/UHV96TYYWXKAZY/12124/index.m3u8,94
1764300680,16,Dirty Wives Club,http://kuh5nj4q.rostelekom.xyz/iptv/UHV96TYYWXKAZY/12122/index.m3u8,98
1764300836,8,SuperOne,http://kuh5nj4q.rostelekom.xyz/iptv/UHV96TYYWXKAZY/12121/index.m3u8,89
1764300840,8,SuperOne,http://kuh5nj4q.rostelekom.xyz/iptv/UHV96TYYWXKAZY/12121/index.m3u8,89
1764300842,8,SuperOne,http://kuh5nj4q.rostelekom.xyz/iptv/UHV96TYYWXKAZY/12121/index.m3u8,89
1764300845,8,SuperOne,http://kuh5nj4q.rostelekom.xyz/iptv/UHV96TYYWXKAZY/12121/index.m3u8,89
1764300847,8,SuperOne,http://kuh5nj4q.rostelekom.xyz/iptv/UHV96TYYWXKAZY/12121/index.m3u8,89
1764300850,8,SuperOne,http://kuh5nj4q.rostelekom.xyz/iptv/UHV96TYYWXKAZY/12121/index.m3u8,89
1764300853,8,SuperOne,http://kuh5nj4q.rostelekom.xyz/iptv/UHV96TYYWXKAZY/12121/index.m3u8,89
1764300859,21,Brazzers TV Europe HD,http://kuh5nj4q.rostelekom.xyz/iptv/UHV96TYYWXKAZY/12113/index.m3u8,103
1764300872,21,Brazzers TV Europe HD,http://kuh5nj4q.rostelekom.xyz/iptv/UHV96TYYWXKAZY/12113/index.m3u8,103
1764300875,21,Brazzers TV Europe HD,http://kuh5nj4q.rostelekom.xyz/iptv/UHV96TYYWXKAZY/12113/index.m3u8,103
1764300877,21,Brazzers TV Europe HD,http://kuh5nj4q.rostelekom.xyz/iptv/UHV96TYYWXKAZY/12113/index.m3u8,103
1764300886,11,DP Fanatics,http://kuh5nj4q.rostelekom.xyz/iptv/UHV96TYYWXKAZY/12111/index.m3u8,93
1764300889,12,Erotic Spice,http://kuh5nj4q.rostelekom.xyz/iptv/UHV96TYYWXKAZY/12110/index.m3u8,94
1764300894,9,Erotica X,http://kuh5nj4q.rostelekom.xyz/iptv/UHV96TYYWXKAZY/12109/index.m3u8,90
1764300896,19,Euro Girls On Girls,http://kuh5nj4q.rostelekom.xyz/iptv/UHV96TYYWXKAZY/12108/index.m3u8,101
1764300898,9,Exotic 4k,http://kuh5nj4q.rostelekom.xyz/iptv/UHV96TYYWXKAZY/12107/index.m3u8,90
1764300901,10,Alba XXX 1,http://kuh5nj4q.rostelekom.xyz/iptv/UHV96TYYWXKAZY/12106/index.m3u8,92
1764300903,14,VF Cartoon 18+,http://kuh5nj4q.rostelekom.xyz/iptv/UHV96TYYWXKAZY/11117/index.m3u8,96
1764300905,20,StrahTV Ох-Ах HD,http://kuh5nj4q.rostelekom.xyz/iptv/UHV96TYYWXKAZY/11068/index.m3u8,102
1764300908,15,StrahTV KinoXXX,http://kuh5nj4q.rostelekom.xyz/iptv/UHV96TYYWXKAZY/11052/index.m3u8,97
1764300910,17,StrahTV Extasy HD,http://kuh5nj4q.rostelekom.xyz/iptv/UHV96TYYWXKAZY/11051/index.m3u8,99
1764300914,12,Shot TV orig,http://kuh5nj4q.rostelekom.xyz/iptv/UHV96TYYWXKAZY/9347/index.m3u8,93
1764300916,17,Exxxotica HD orig,http://kuh5nj4q.rostelekom.xyz/iptv/UHV96TYYWXKAZY/9346/index.m3u8,98
1764300919,28,Русская Ночь orig,http://kuh5nj4q.rostelekom.xyz/iptv/UHV96TYYWXKAZY/9344/index.m3u8,109
1764300920,16,Redlight HD orig,http://kuh5nj4q.rostelekom.xyz/iptv/UHV96TYYWXKAZY/9066/index.m3u8,97
1764300922,15,Hustler HD orig,http://kuh5nj4q.rostelekom.xyz/iptv/UHV96TYYWXKAZY/9065/index.m3u8,96
1764300924,17,Dorcel TV HD orig,http://kuh5nj4q.rostelekom.xyz/iptv/UHV96TYYWXKAZY/9064/index.m3u8,98
1764300926,11,SuperOne HD,http://kuh5nj4q.rostelekom.xyz/iptv/UHV96TYYWXKAZY/6298/index.m3u8,92
1764300928,7,Erox HD,http://kuh5nj4q.rostelekom.xyz/iptv/UHV96TYYWXKAZY/6296/index.m3u8,87
1764300930,13,Pink Erotic 8,http://kuh5nj4q.rostelekom.xyz/iptv/UHV96TYYWXKAZY/6295/index.m3u8,94
1764300931,13,Pink Erotic 7,http://kuh5nj4q.rostelekom.xyz/iptv/UHV96TYYWXKAZY/6294/index.m3u8,94
1764300937,10,XY Plus HD,http://kuh5nj4q.rostelekom.xyz/iptv/UHV96TYYWXKAZY/6288/index.m3u8,91
1764300939,9,XY Mix HD,http://kuh5nj4q.rostelekom.xyz/iptv/UHV96TYYWXKAZY/6287/index.m3u8,89
1764300940,9,XY Max HD,http://kuh5nj4q.rostelekom.xyz/iptv/UHV96TYYWXKAZY/6286/index.m3u8,89
1764300943,4,X-MO,http://kuh5nj4q.rostelekom.xyz/iptv/UHV96TYYWXKAZY/6285/index.m3u8,84
1764300944,5,Venus,http://kuh5nj4q.rostelekom.xyz/iptv/UHV96TYYWXKAZY/6284/index.m3u8,85
1764300949,8,Sexy Hot,http://kuh5nj4q.rostelekom.xyz/iptv/UHV96TYYWXKAZY/6282/index.m3u8,88
1764300950,7,Red XXX,http://kuh5nj4q.rostelekom.xyz/iptv/UHV96TYYWXKAZY/6281/index.m3u8,87
1764300952,12,Hot Pleasure,http://kuh5nj4q.rostelekom.xyz/iptv/UHV96TYYWXKAZY/6277/index.m3u8,93
1764300953,3,HOT,http://kuh5nj4q.rostelekom.xyz/iptv/UHV96TYYWXKAZY/6275/index.m3u8,83
1764300956,3,HOT,http://kuh5nj4q.rostelekom.xyz/iptv/UHV96TYYWXKAZY/6275/index.m3u8,83
1764300958,3,HOT,http://kuh5nj4q.rostelekom.xyz/iptv/UHV96TYYWXKAZY/6275/index.m3u8,83
1764300960,9,Leo TV HD,http://kuh5nj4q.rostelekom.xyz/iptv/UHV96TYYWXKAZY/6272/index.m3u8,89
1764300984,8,Red Lips,http://kuh5nj4q.rostelekom.xyz/iptv/UHV96TYYWXKAZY/6271/index.m3u8,88
1764301002,13,Balkan Erotic,http://kuh5nj4q.rostelekom.xyz/iptv/UHV96TYYWXKAZY/6270/index.m3u8,94
1764301011,10,Xpanded TV,http://kuh5nj4q.rostelekom.xyz/iptv/UHV96TYYWXKAZY/6269/index.m3u8,91
1764301013,6,Wicked,http://kuh5nj4q.rostelekom.xyz/iptv/UHV96TYYWXKAZY/6268/index.m3u8,86
1764301016,11,White Boxxx,http://kuh5nj4q.rostelekom.xyz/iptv/UHV96TYYWXKAZY/6267/index.m3u8,92
1764301054,16,We Live Together,http://kuh5nj4q.rostelekom.xyz/iptv/UHV96TYYWXKAZY/6266/index.m3u8,97
1764301116,8,Vixen HD,http://kuh5nj4q.rostelekom.xyz/iptv/UHV96TYYWXKAZY/6265/index.m3u8,88
1764301119,15,Vivid TV Europe,http://kuh5nj4q.rostelekom.xyz/iptv/UHV96TYYWXKAZY/6264/index.m3u8,96
1764301120,10,Visit-X TV,http://kuh5nj4q.rostelekom.xyz/iptv/UHV96TYYWXKAZY/6263/index.m3u8,91
1764301123,12,Tushy RAW HD,http://kuh5nj4q.rostelekom.xyz/iptv/UHV96TYYWXKAZY/6262/index.m3u8,93
1764301163,12,Tushy RAW HD,http://kuh5nj4q.rostelekom.xyz/iptv/UHV96TYYWXKAZY/6262/index.m3u8,93
1764301216,24,Sky Sports News HD 50 UK,http://kuh5nj4q.rostelekom.xyz/iptv/UHV96TYYWXKAZY/9314/index.m3u8,105
1764301232,12,Tushy RAW HD,http://kuh5nj4q.rostelekom.xyz/iptv/UHV96TYYWXKAZY/6262/index.m3u8,93
1764301283,23,VF Граиндхаус,http://kuh5nj4q.rostelekom.xyz/iptv/UHV96TYYWXKAZY/14158/index.m3u8,105
1764301294,7,Playboy,http://kuh5nj4q.rostelekom.xyz/iptv/UHV96TYYWXKAZY/527/index.m3u8,86
1764301300,11,Eromania 4K,http://kuh5nj4q.rostelekom.xyz/iptv/UHV96TYYWXKAZY/10049/index.m3u8,93
1764301302,23,Русская Ночь,http://kuh5nj4q.rostelekom.xyz/iptv/UHV96TYYWXKAZY/147/index.m3u8,103
1764301304,31,Brazzers TV Europe Россия,http://kuh5nj4q.rostelekom.xyz/iptv/UHV96TYYWXKAZY/910/index.m3u8,111
1764301305,12,Blue Hustler,http://kuh5nj4q.rostelekom.xyz/iptv/UHV96TYYWXKAZY/1064/index.m3u8,93
1764301307,11,Redlight HD,http://kuh5nj4q.rostelekom.xyz/iptv/UHV96TYYWXKAZY/242/index.m3u8,91
1764301308,10,Private TV,http://kuh5nj4q.rostelekom.xyz/iptv/UHV96TYYWXKAZY/243/index.m3u8,90
1764301310,10,Hustler HD,http://kuh5nj4q.rostelekom.xyz/iptv/UHV96TYYWXKAZY/244/index.m3u8,90
1764301312,12,Dorcel TV HD,http://kuh5nj4q.rostelekom.xyz/iptv/UHV96TYYWXKAZY/245/index.m3u8,92
1764301314,8,Babes TV,http://kuh5nj4q.rostelekom.xyz/iptv/UHV96TYYWXKAZY/2161/index.m3u8,88
1764301315,12,Vivid Red HD,http://kuh5nj4q.rostelekom.xyz/iptv/UHV96TYYWXKAZY/2162/index.m3u8,93
1764301317,12,Exxxotica HD,http://kuh5nj4q.rostelekom.xyz/iptv/UHV96TYYWXKAZY/2397/index.m3u8,93
1764301319,3,XXL,http://kuh5nj4q.rostelekom.xyz/iptv/UHV96TYYWXKAZY/5009/index.m3u8,83
1764301323,20,Penthouse Passion HD,http://kuh5nj4q.rostelekom.xyz/iptv/UHV96TYYWXKAZY/5010/index.m3u8,101
1764301325,17,Penthouse Gold HD,http://kuh5nj4q.rostelekom.xyz/iptv/UHV96TYYWXKAZY/5011/index.m3u8,98
1764301328,23,Penthouse Reality TV HD,http://kuh5nj4q.rostelekom.xyz/iptv/UHV96TYYWXKAZY/5012/index.m3u8,104
1764301330,24,Penthouse Reality TV FHD,http://kuh5nj4q.rostelekom.xyz/iptv/UHV96TYYWXKAZY/5013/index.m3u8,105
1764301331,18,Extasy Platinum 4K,http://kuh5nj4q.rostelekom.xyz/iptv/UHV96TYYWXKAZY/5014/index.m3u8,99
1764301605,,,/mnt/game/Recording/Converter/Караоке/С днем рождения/AI/Лети, лети, не бойся высот.mkv,140
1764302490,,,/mnt/game/Recording/Converter/Караоке/С днем рождения/AI/С днем варенья.mkv,120
1764302731,,,/mnt/game/Recording/Converter/Караоке/С днем рождения/AI/Песня День рождения Насти1.mkv,142
1764302898,,,/mnt/game/Recording/Converter/Караоке/С днем рождения/AI/Торт и свечи.mkv,116
1764303088,,,/mnt/game/Recording/Converter/Караоке/С днем рождения/AI/Утро встало свет зажег Именная.mkv,150
1764303361,,,/mnt/game/Recording/Converter/Караоке/С днем рождения/AI/Цвети, цвети, как роза в саду.mkv,145
1764303581,,,/mnt/game/Recording/Converter/Караоке/Юрий Шатунов - От белых роз (remix).mkv,118
1764303735,,,/mnt/game/Recording/Converter/Караоке/Юрий Шатунов - Ты Мне Не Веришь.mp4,117
1764303894,,,/mnt/game/Recording/Converter/Караоке/Cенатор – Эй, диск-жокей.mp4,105
1764304130,,,/mnt/game/Recording/Converter/Караоке/Milen - Прочитай в глазах.mkv,102
1764304304,,,/mnt/game/Recording/Converter/Караоке/Аркадий Кобяков - Девчонка у реки.mkv,122
1764304414,,,/mnt/game/Recording/Converter/Караоке/Аркадий Кобяков - Столкнулись Словно Тысячи Планет.mp4,155
1764304565,,,/mnt/game/Recording/Converter/Караоке/Дети фристайла - Будет больно.mkv,115
1764304806,,,/mnt/game/Recording/Converter/Караоке/Кристина corp – Снег на Розах.mp4,112
1764305198,,,/mnt/game/Recording/Converter/Караоке/Аршавин Максим - Туман туманище.mkv,119
1764305418,,,/mnt/game/Recording/Converter/Караоке/Eng on Rus/Modern Talking - Мое ты сердце и моя душа на русском.mp4,153
1764305431,,,/mnt/game/Recording/Converter/Караоке/Eng on Rus/Modern Talking - You're My Heart, You're My Soul на русском.mp4,141
1764305593,,,/mnt/game/Recording/Converter/Караоке/Eng on Rus/Bad Boys Blue - Ты моя женщина ⧸ Youre a woman Русская ве.mp4,153
1764305767,,,/mnt/game/Recording/Converter/Караоке/Eng on Rus/Joy - Touch by Touch -караоке на русском.mp4,129
1764305940,,,/mnt/game/Recording/Converter/Караоке/01/Один/Юрий Шатунов - Седая ночь.mp4,119
1764306136,,,/mnt/game/Recording/Converter/Караоке/01/Один/Юрий Шатунов - Не бойся.mp4,115
1764306393,,,/mnt/game/Recording/Converter/Караоке/01/Один/Ласковый Май - Гудбай Бэби.mkv,121
1764306510,,,/mnt/game/Recording/Converter/Караоке/С днем рождения/AI/Лети, лети, не бойся высот.mkv,140
1764306831,,,/mnt/game/Recording/Converter/Караоке/С днем рождения/AI/Цвети, цвети, как роза в саду.mkv,145
1764307161,,,/mnt/game/Recording/Converter/Караоке/С днем рождения/AI/Торт и свечи.mkv,116
1764307323,,,/mnt/game/Recording/Converter/Караоке/С днем рождения/AI/Утро встало свет зажег Именная.mkv,150
1764307691,,,/mnt/game/Recording/Converter/Караоке/С днем рождения/AI/Цвети, цвети, как роза в саду со словами.mkv,165
1764307884,,,/mnt/game/Recording/Converter/Караоке/С днем рождения/AI/С днем варенья.mkv,120
1764308187,,,/mnt/game/Recording/Converter/Караоке/С днем рождения/AI/Песня День рождения Насти1.mkv,142
1764308653,,,/mnt/game/Recording/Converter/Караоке/С днем рождения/AI/Дуэт/Ты как дискотечный шар.mkv,144
1764308841,,,/mnt/game/Recording/Converter/Караоке/С днем рождения/AI/Дуэт/Яркий вечер, радость в глазах.mkv,156
1764308849,,,/mnt/game/Recording/Converter/Караоке/С днем рождения/AI/Дуэт/Яркий вечер, радость в глазах.mkv,156
1764309064,,,/mnt/game/Recording/Converter/Караоке/С днем рождения/AI/Дуэт/Сегодня твой день, лови момент.mkv,158
1764309235,,,/mnt/game/Recording/Converter/Караоке/С днем рождения/AI/Дуэт/Раз, два, три, четыре, пять.mkv,149
1764309383,,,/mnt/game/Recording/Converter/Караоке/С днем рождения/AI/Дуэт/Пусть в этот день все краски ярче Анастасия.mkv,182
1764353389,,,/mnt/game/Recording/Converter/Караоке/С днем рождения/AI/Дуэт/Сегодня твой день, лови момент со словами.mkv,178
1764621030,18,Extasy Platinum 4K,http://kuh5nj4q.rostelekom.xyz/iptv/UHV96TYYWXKAZY/5014/index.m3u8,99
1764621042,9,Eroxxx HD,http://kuh5nj4q.rostelekom.xyz/iptv/UHV96TYYWXKAZY/5015/index.m3u8,89
1764621045,9,SexArt HD,http://kuh5nj4q.rostelekom.xyz/iptv/UHV96TYYWXKAZY/6165/index.m3u8,89
1764621056,10,Adult Time,http://kuh5nj4q.rostelekom.xyz/iptv/UHV96TYYWXKAZY/6166/index.m3u8,91
1764621060,11,Red TV Anal,http://kuh5nj4q.rostelekom.xyz/iptv/UHV96TYYWXKAZY/6167/index.m3u8,92
1764621064,11,Analized HD,http://kuh5nj4q.rostelekom.xyz/iptv/UHV96TYYWXKAZY/6168/index.m3u8,92
1764621066,12,Babes.com HD,http://kuh5nj4q.rostelekom.xyz/iptv/UHV96TYYWXKAZY/6171/index.m3u8,93
1764621070,5,Babes,http://kuh5nj4q.rostelekom.xyz/iptv/UHV96TYYWXKAZY/6172/index.m3u8,85
1764621074,12,Bang Bros HD,http://kuh5nj4q.rostelekom.xyz/iptv/UHV96TYYWXKAZY/6173/index.m3u8,93
1764621080,5,Bang!,http://kuh5nj4q.rostelekom.xyz/iptv/UHV96TYYWXKAZY/6174/index.m3u8,85
1764621134,14,Red TV Big Ass,http://kuh5nj4q.rostelekom.xyz/iptv/UHV96TYYWXKAZY/6175/index.m3u8,95
1764621215,15,Red TV Big Dick,http://kuh5nj4q.rostelekom.xyz/iptv/UHV96TYYWXKAZY/6176/index.m3u8,96
1764621218,15,Red TV Big Tits,http://kuh5nj4q.rostelekom.xyz/iptv/UHV96TYYWXKAZY/6177/index.m3u8,96
1764621220,10,Blacked HD,http://kuh5nj4q.rostelekom.xyz/iptv/UHV96TYYWXKAZY/6178/index.m3u8,91
1764621295,14,Red TV Blowjob,http://kuh5nj4q.rostelekom.xyz/iptv/UHV96TYYWXKAZY/6180/index.m3u8,95
1764621298,15,Brazzers eXXtra,http://kuh5nj4q.rostelekom.xyz/iptv/UHV96TYYWXKAZY/6181/index.m3u8,96
1764621436,11,Brazzers HD,http://kuh5nj4q.rostelekom.xyz/iptv/UHV96TYYWXKAZY/6182/index.m3u8,92
1764621438,15,Red TV Brunette,http://kuh5nj4q.rostelekom.xyz/iptv/UHV96TYYWXKAZY/6183/index.m3u8,96
1764621440,12,Cherry Pimps,http://kuh5nj4q.rostelekom.xyz/iptv/UHV96TYYWXKAZY/6185/index.m3u8,93
1764621444,19,Club Sweethearts HD,http://kuh5nj4q.rostelekom.xyz/iptv/UHV96TYYWXKAZY/6186/index.m3u8,100
1764648859,19,Club Sweethearts HD,http://kuh5nj4q.rostelekom.xyz/iptv/UHV96TYYWXKAZY/6186/index.m3u8,100
1764648869,18,Red TV Compilation,http://kuh5nj4q.rostelekom.xyz/iptv/UHV96TYYWXKAZY/6187/index.m3u8,99
1764648872,14,Red TV Cuckold,http://kuh5nj4q.rostelekom.xyz/iptv/UHV96TYYWXKAZY/6188/index.m3u8,95
1764648878,10,Cum Louder,http://kuh5nj4q.rostelekom.xyz/iptv/UHV96TYYWXKAZY/6189/index.m3u8,91
1764648882,13,Daughter Swap,http://kuh5nj4q.rostelekom.xyz/iptv/UHV96TYYWXKAZY/6191/index.m3u8,94
1764649160,13,Daughter Swap,http://kuh5nj4q.rostelekom.xyz/iptv/UHV96TYYWXKAZY/6191/index.m3u8,94
1764649164,19,Day with a Pornstar,http://kuh5nj4q.rostelekom.xyz/iptv/UHV96TYYWXKAZY/6192/index.m3u8,100
1764649167,9,DDF Busty,http://kuh5nj4q.rostelekom.xyz/iptv/UHV96TYYWXKAZY/6193/index.m3u8,89
1764649169,11,DDF Network,http://kuh5nj4q.rostelekom.xyz/iptv/UHV96TYYWXKAZY/6194/index.m3u8,92
1764649171,17,Digital Desire HD,http://kuh5nj4q.rostelekom.xyz/iptv/UHV96TYYWXKAZY/6195/index.m3u8,98
1764649176,11,Dorcel Club,http://kuh5nj4q.rostelekom.xyz/iptv/UHV96TYYWXKAZY/6197/index.m3u8,92
1764649178,11,Porn Angels,http://kuh5nj4q.rostelekom.xyz/iptv/UHV96TYYWXKAZY/6198/index.m3u8,92
1764649181,13,Evil Angel HD,http://kuh5nj4q.rostelekom.xyz/iptv/UHV96TYYWXKAZY/6199/index.m3u8,94
1764649184,14,Evolved Fights,http://kuh5nj4q.rostelekom.xyz/iptv/UHV96TYYWXKAZY/6200/index.m3u8,95
1764649185,12,Fake Taxi HD,http://kuh5nj4q.rostelekom.xyz/iptv/UHV96TYYWXKAZY/6202/index.m3u8,93
1764649188,18,Fap TV Compilation,http://kuh5nj4q.rostelekom.xyz/iptv/UHV96TYYWXKAZY/6208/index.m3u8,99
1764649191,6,FemJoy,http://kuh5nj4q.rostelekom.xyz/iptv/UHV96TYYWXKAZY/6212/index.m3u8,86
1764649193,13,Red TV Fetish,http://kuh5nj4q.rostelekom.xyz/iptv/UHV96TYYWXKAZY/6213/index.m3u8,94
1764649196,15,Red TV Gangbang,http://kuh5nj4q.rostelekom.xyz/iptv/UHV96TYYWXKAZY/6214/index.m3u8,96
1764649198,10,Red TV Gay,http://kuh5nj4q.rostelekom.xyz/iptv/UHV96TYYWXKAZY/6215/index.m3u8,91
1764649200,8,Got MYLF,http://kuh5nj4q.rostelekom.xyz/iptv/UHV96TYYWXKAZY/6216/index.m3u8,88
1764649202,21,DDF Hands on Hardcore,http://kuh5nj4q.rostelekom.xyz/iptv/UHV96TYYWXKAZY/6217/index.m3u8,102
1764649326,6,Hard X,http://kuh5nj4q.rostelekom.xyz/iptv/UHV96TYYWXKAZY/6218/index.m3u8,86
1764649328,15,Red TV Hardcore,http://kuh5nj4q.rostelekom.xyz/iptv/UHV96TYYWXKAZY/6219/index.m3u8,96
1764649330,12,Hitzefrei HD,http://kuh5nj4q.rostelekom.xyz/iptv/UHV96TYYWXKAZY/6220/index.m3u8,93
1764649332,5,Holed,http://kuh5nj4q.rostelekom.xyz/iptv/UHV96TYYWXKAZY/6221/index.m3u8,85
1764649359,12,Hot and Mean,http://kuh5nj4q.rostelekom.xyz/iptv/UHV96TYYWXKAZY/6222/index.m3u8,93
1764649360,13,Hot Guys Fuck,http://kuh5nj4q.rostelekom.xyz/iptv/UHV96TYYWXKAZY/6223/index.m3u8,94
1764649364,18,Red TV Interracial,http://kuh5nj4q.rostelekom.xyz/iptv/UHV96TYYWXKAZY/6224/index.m3u8,99
1764649366,9,Japan HDV,http://kuh5nj4q.rostelekom.xyz/iptv/UHV96TYYWXKAZY/6225/index.m3u8,89
1764649368,13,Red TV Latina,http://kuh5nj4q.rostelekom.xyz/iptv/UHV96TYYWXKAZY/6226/index.m3u8,94
1764649370,6,Lesbea,http://kuh5nj4q.rostelekom.xyz/iptv/UHV96TYYWXKAZY/6227/index.m3u8,86
1764649371,14,Red TV Lesbian,http://kuh5nj4q.rostelekom.xyz/iptv/UHV96TYYWXKAZY/6228/index.m3u8,95
1764649373,15,Lethal Hardcore,http://kuh5nj4q.rostelekom.xyz/iptv/UHV96TYYWXKAZY/6229/index.m3u8,96
1764649375,16,Little Asians HD,http://kuh5nj4q.rostelekom.xyz/iptv/UHV96TYYWXKAZY/6230/index.m3u8,97
1764649383,16,Red TV Live Cams,http://kuh5nj4q.rostelekom.xyz/iptv/UHV96TYYWXKAZY/6231/index.m3u8,97
1764649384,11,Lust Cinema,http://kuh5nj4q.rostelekom.xyz/iptv/UHV96TYYWXKAZY/6232/index.m3u8,92
1764649387,9,MetArt HD,http://kuh5nj4q.rostelekom.xyz/iptv/UHV96TYYWXKAZY/6233/index.m3u8,89
1764649389,11,Red TV Milf,http://kuh5nj4q.rostelekom.xyz/iptv/UHV96TYYWXKAZY/6234/index.m3u8,92
1764649395,10,MYLF TV HD,http://kuh5nj4q.rostelekom.xyz/iptv/UHV96TYYWXKAZY/6236/index.m3u8,91
1764649397,15,Naughty America,http://kuh5nj4q.rostelekom.xyz/iptv/UHV96TYYWXKAZY/6237/index.m3u8,96
1764649398,13,Nubiles TV HD,http://kuh5nj4q.rostelekom.xyz/iptv/UHV96TYYWXKAZY/6238/index.m3u8,94
1764649400,13,Pink Erotic 3,http://kuh5nj4q.rostelekom.xyz/iptv/UHV96TYYWXKAZY/6240/index.m3u8,94
1764649402,13,Pink Erotic 4,http://kuh5nj4q.rostelekom.xyz/iptv/UHV96TYYWXKAZY/6241/index.m3u8,94
1764649409,12,Playboy Plus,http://kuh5nj4q.rostelekom.xyz/iptv/UHV96TYYWXKAZY/6242/index.m3u8,93
1764649412,15,Red TV Pornstar,http://kuh5nj4q.rostelekom.xyz/iptv/UHV96TYYWXKAZY/6243/index.m3u8,96
1764649419,10,Red TV POV,http://kuh5nj4q.rostelekom.xyz/iptv/UHV96TYYWXKAZY/6244/index.m3u8,91
1764649421,14,Private.com HD,http://kuh5nj4q.rostelekom.xyz/iptv/UHV96TYYWXKAZY/6245/index.m3u8,95
1764649535,12,Public Agent,http://kuh5nj4q.rostelekom.xyz/iptv/UHV96TYYWXKAZY/6246/index.m3u8,93
1764649537,16,Reality Kings HD,http://kuh5nj4q.rostelekom.xyz/iptv/UHV96TYYWXKAZY/6247/index.m3u8,97
1764649538,8,RK Prime,http://kuh5nj4q.rostelekom.xyz/iptv/UHV96TYYWXKAZY/6248/index.m3u8,88
1764649540,5,RK TV,http://kuh5nj4q.rostelekom.xyz/iptv/UHV96TYYWXKAZY/6249/index.m3u8,85
1764649542,12,Red TV Rough,http://kuh5nj4q.rostelekom.xyz/iptv/UHV96TYYWXKAZY/6250/index.m3u8,93
1764649543,14,Red TV Russian,http://kuh5nj4q.rostelekom.xyz/iptv/UHV96TYYWXKAZY/6251/index.m3u8,95
1764649545,16,Sex With Muslims,http://kuh5nj4q.rostelekom.xyz/iptv/UHV96TYYWXKAZY/6252/index.m3u8,97
1764649547,6,SexArt,http://kuh5nj4q.rostelekom.xyz/iptv/UHV96TYYWXKAZY/6253/index.m3u8,86
1764649549,10,SINematica,http://kuh5nj4q.rostelekom.xyz/iptv/UHV96TYYWXKAZY/6255/index.m3u8,91
1764649551,11,Red TV Teen,http://kuh5nj4q.rostelekom.xyz/iptv/UHV96TYYWXKAZY/6256/index.m3u8,92
1764649553,16,Red TV Threesome,http://kuh5nj4q.rostelekom.xyz/iptv/UHV96TYYWXKAZY/6257/index.m3u8,97
1764649554,6,Tiny4K,http://kuh5nj4q.rostelekom.xyz/iptv/UHV96TYYWXKAZY/6258/index.m3u8,86
1764649556,12,Trans Angels,http://kuh5nj4q.rostelekom.xyz/iptv/UHV96TYYWXKAZY/6259/index.m3u8,93
1764649557,13,True Amateurs,http://kuh5nj4q.rostelekom.xyz/iptv/UHV96TYYWXKAZY/6260/index.m3u8,94
1764649559,8,Tushy HD,http://kuh5nj4q.rostelekom.xyz/iptv/UHV96TYYWXKAZY/6261/index.m3u8,88
1764649561,12,Tushy RAW HD,http://kuh5nj4q.rostelekom.xyz/iptv/UHV96TYYWXKAZY/6262/index.m3u8,93
1764649563,10,Visit-X TV,http://kuh5nj4q.rostelekom.xyz/iptv/UHV96TYYWXKAZY/6263/index.m3u8,91
1764649564,15,Vivid TV Europe,http://kuh5nj4q.rostelekom.xyz/iptv/UHV96TYYWXKAZY/6264/index.m3u8,96
1764649566,8,Vixen HD,http://kuh5nj4q.rostelekom.xyz/iptv/UHV96TYYWXKAZY/6265/index.m3u8,88
1764649806,16,We Live Together,http://kuh5nj4q.rostelekom.xyz/iptv/UHV96TYYWXKAZY/6266/index.m3u8,97
1764649808,11,White Boxxx,http://kuh5nj4q.rostelekom.xyz/iptv/UHV96TYYWXKAZY/6267/index.m3u8,92
1764649810,6,Wicked,http://kuh5nj4q.rostelekom.xyz/iptv/UHV96TYYWXKAZY/6268/index.m3u8,86
1764649811,10,Xpanded TV,http://kuh5nj4q.rostelekom.xyz/iptv/UHV96TYYWXKAZY/6269/index.m3u8,91
1764649813,13,Balkan Erotic,http://kuh5nj4q.rostelekom.xyz/iptv/UHV96TYYWXKAZY/6270/index.m3u8,94
1764649815,8,Red Lips,http://kuh5nj4q.rostelekom.xyz/iptv/UHV96TYYWXKAZY/6271/index.m3u8,88
1764649816,9,Leo TV HD,http://kuh5nj4q.rostelekom.xyz/iptv/UHV96TYYWXKAZY/6272/index.m3u8,89
1764649819,3,HOT,http://kuh5nj4q.rostelekom.xyz/iptv/UHV96TYYWXKAZY/6275/index.m3u8,83
1764649822,12,Hot Pleasure,http://kuh5nj4q.rostelekom.xyz/iptv/UHV96TYYWXKAZY/6277/index.m3u8,93
1764649824,7,Red XXX,http://kuh5nj4q.rostelekom.xyz/iptv/UHV96TYYWXKAZY/6281/index.m3u8,87
1764649826,8,Sexy Hot,http://kuh5nj4q.rostelekom.xyz/iptv/UHV96TYYWXKAZY/6282/index.m3u8,88
1764649827,5,Venus,http://kuh5nj4q.rostelekom.xyz/iptv/UHV96TYYWXKAZY/6284/index.m3u8,85
1764649832,4,X-MO,http://kuh5nj4q.rostelekom.xyz/iptv/UHV96TYYWXKAZY/6285/index.m3u8,84
1764649833,9,XY Max HD,http://kuh5nj4q.rostelekom.xyz/iptv/UHV96TYYWXKAZY/6286/index.m3u8,89
1764649840,9,XY Mix HD,http://kuh5nj4q.rostelekom.xyz/iptv/UHV96TYYWXKAZY/6287/index.m3u8,89
1764649842,10,XY Plus HD,http://kuh5nj4q.rostelekom.xyz/iptv/UHV96TYYWXKAZY/6288/index.m3u8,91
1764649880,13,Pink Erotic 1,http://kuh5nj4q.rostelekom.xyz/iptv/UHV96TYYWXKAZY/6289/index.m3u8,94
1764649882,13,Pink Erotic 2,http://kuh5nj4q.rostelekom.xyz/iptv/UHV96TYYWXKAZY/6290/index.m3u8,94
1764649886,7,Erox HD,http://kuh5nj4q.rostelekom.xyz/iptv/UHV96TYYWXKAZY/6296/index.m3u8,87
1764649888,11,SuperOne HD,http://kuh5nj4q.rostelekom.xyz/iptv/UHV96TYYWXKAZY/6298/index.m3u8,92
1764649892,17,Dorcel TV HD orig,http://kuh5nj4q.rostelekom.xyz/iptv/UHV96TYYWXKAZY/9064/index.m3u8,98
1764649894,15,Hustler HD orig,http://kuh5nj4q.rostelekom.xyz/iptv/UHV96TYYWXKAZY/9065/index.m3u8,96
1764649895,16,Redlight HD orig,http://kuh5nj4q.rostelekom.xyz/iptv/UHV96TYYWXKAZY/9066/index.m3u8,97
1764649897,28,Русская Ночь orig,http://kuh5nj4q.rostelekom.xyz/iptv/UHV96TYYWXKAZY/9344/index.m3u8,109
1764649899,17,Exxxotica HD orig,http://kuh5nj4q.rostelekom.xyz/iptv/UHV96TYYWXKAZY/9346/index.m3u8,98
1764649900,12,Shot TV orig,http://kuh5nj4q.rostelekom.xyz/iptv/UHV96TYYWXKAZY/9347/index.m3u8,93
1764649902,17,StrahTV Extasy HD,http://kuh5nj4q.rostelekom.xyz/iptv/UHV96TYYWXKAZY/11051/index.m3u8,99
1764649904,15,StrahTV KinoXXX,http://kuh5nj4q.rostelekom.xyz/iptv/UHV96TYYWXKAZY/11052/index.m3u8,97
1764649905,20,StrahTV Ох-Ах HD,http://kuh5nj4q.rostelekom.xyz/iptv/UHV96TYYWXKAZY/11068/index.m3u8,102
1764649907,14,VF Cartoon 18+,http://kuh5nj4q.rostelekom.xyz/iptv/UHV96TYYWXKAZY/11117/index.m3u8,96
1764649909,10,Alba XXX 1,http://kuh5nj4q.rostelekom.xyz/iptv/UHV96TYYWXKAZY/12106/index.m3u8,92
1764649911,9,Exotic 4k,http://kuh5nj4q.rostelekom.xyz/iptv/UHV96TYYWXKAZY/12107/index.m3u8,90
1764649912,19,Euro Girls On Girls,http://kuh5nj4q.rostelekom.xyz/iptv/UHV96TYYWXKAZY/12108/index.m3u8,101
1764649914,9,Erotica X,http://kuh5nj4q.rostelekom.xyz/iptv/UHV96TYYWXKAZY/12109/index.m3u8,90
1764649916,12,Erotic Spice,http://kuh5nj4q.rostelekom.xyz/iptv/UHV96TYYWXKAZY/12110/index.m3u8,94
1764649917,11,DP Fanatics,http://kuh5nj4q.rostelekom.xyz/iptv/UHV96TYYWXKAZY/12111/index.m3u8,93
1764649920,21,Brazzers TV Europe HD,http://kuh5nj4q.rostelekom.xyz/iptv/UHV96TYYWXKAZY/12113/index.m3u8,103
1764649922,8,SuperOne,http://kuh5nj4q.rostelekom.xyz/iptv/UHV96TYYWXKAZY/12121/index.m3u8,89
1764649924,16,Dirty Wives Club,http://kuh5nj4q.rostelekom.xyz/iptv/UHV96TYYWXKAZY/12122/index.m3u8,98
1764649931,18,Meiden Van Holland,http://kuh5nj4q.rostelekom.xyz/iptv/UHV96TYYWXKAZY/12125/index.m3u8,100
1764649966,23,VF Граиндхаус,http://kuh5nj4q.rostelekom.xyz/iptv/UHV96TYYWXKAZY/14158/index.m3u8,105
1764649975,10,Dirty Flix,http://kuh5nj4q.rostelekom.xyz/iptv/UHV96TYYWXKAZY/12130/index.m3u8,92
1764649978,9,Dorcel TV,http://kuh5nj4q.rostelekom.xyz/iptv/UHV96TYYWXKAZY/12131/index.m3u8,90
1764649981,10,Dirty Flix,http://kuh5nj4q.rostelekom.xyz/iptv/UHV96TYYWXKAZY/12130/index.m3u8,92
1764649982,9,Dorcel TV,http://kuh5nj4q.rostelekom.xyz/iptv/UHV96TYYWXKAZY/12131/index.m3u8,90
1764649983,15,Kinky Family HD,http://kuh5nj4q.rostelekom.xyz/iptv/UHV96TYYWXKAZY/12133/index.m3u8,97
1764649985,10,Playboy LA,http://kuh5nj4q.rostelekom.xyz/iptv/UHV96TYYWXKAZY/12135/index.m3u8,92
1764649987,13,Passie XXX TV,http://kuh5nj4q.rostelekom.xyz/iptv/UHV96TYYWXKAZY/12136/index.m3u8,95
1764650128,,,http://kuh5nj4q.rostelekom.xyz/iptv/UHV96TYYWXKAZY/12136/index.m3u8,80
1764650162,,,http://kuh5nj4q.rostelekom.xyz/iptv/UHV96TYYWXKAZY/12136/index.m3u8,80
1764650239,,,http://kuh5nj4q.rostelekom.xyz/iptv/UHV96TYYWXKAZY/12137/index.m3u8,80
1764650522,,,/mnt/game/Recording/Converter/Караоке/С днем рождения/AI/Лети, лети, не бойся высот.mkv,140
1764650706,,,/mnt/game/Recording/Converter/Караоке/С днем рождения/AI/Песня День рождения Насти1.mkv,142
1764651039,,,/mnt/game/Recording/Converter/Караоке/С днем рождения/AI/С днем варенья.mkv,120
1764651044,,,/mnt/game/Recording/Converter/Караоке/С днем рождения/AI/С днем рождения Анастасия для Никиты со словами.mkv,181
1764651069,,,/mnt/game/Recording/Converter/Караоке/С днем рождения/AI/С днем варенья.mkv,120
1764651213,,,/mnt/game/Recording/Converter/Караоке/С днем рождения/AI/Торт и свечи.mkv,116
1764651384,,,/mnt/game/Recording/Converter/Караоке/С днем рождения/AI/Утро встало свет зажег Именная.mkv,150
1764651569,,,/mnt/game/Recording/Converter/Караоке/С днем рождения/AI/Цвети, цвети, как роза в саду.mkv,145
1764652015,,,/mnt/game/Recording/Converter/Караоке/Milen - Прочитай в глазах.mkv,102
1764652083,,,/mnt/game/Recording/Converter/Караоке/Milen - Как же ты могла.mp4,97
1764652351,,,/mnt/game/Recording/Converter/Караоке/Кристина corp – Белое Вино.mp4,107
1764652563,,,/mnt/game/Recording/Converter/Караоке/Кристина corp – Не плачь.mp4,103
1764652698,,,/mnt/game/Recording/Converter/Караоке/Ласковый бык - Пацаны.mp4,100
1764652878,,,/mnt/game/Recording/Converter/Караоке/Комиссар - Дрянь.mp4,91
1764653057,,,/mnt/game/Recording/Converter/Караоке/Комиссар - Королева снежная.mp4,112
1764653268,,,/mnt/game/Recording/Converter/Караоке/Алексей Глызин - Ты Не Ангел.mp4,112
1764653469,,,/mnt/game/Recording/Converter/Караоке/Александр Северный - Здравствуй чужая милая.mp4,142
1764653646,,,/mnt/game/Recording/Converter/Караоке/Александр Закшевский - Обманула.mkv,120
1764653925,,,/mnt/game/Recording/Converter/Караоке/01/Один/Ласковый Май - Гудбай Бэби.mkv,121
1764654127,,,/mnt/game/Recording/Converter/Караоке/01/Один/Ласковыи маи - Лето.mp4,108
1764654267,,,/mnt/game/Recording/Converter/Караоке/01/Один/Ласковый май - Я не хочу.mp4,116
1764654443,,,/mnt/game/Recording/Converter/Караоке/01/Один/Ласковый май - Я так жду.mp4,116
1764654763,,,/mnt/game/Recording/Converter/Караоке/01/Один/Юрий Шатунов - Не бойся.mp4,115
1764655010,,,/mnt/game/Recording/Converter/Караоке/01/Один/Руки Вверх - Так тебе и надо.mp4,123
1764655155,,,/mnt/game/Recording/Converter/Караоке/01/Один/Пламя - Детства последний звонок.mkv,133
1764655342,,,/mnt/game/Recording/Converter/Караоке/01/Один/1Sevenrose - Яблони в цвету.mp4,113
1764655541,,,/mnt/game/Recording/Converter/Караоке/01/Один/140 ударов в минуту - Выпускной.mp4,127
1764655816,,,/mnt/game/Recording/Converter/Караоке/01/Один/Стас Михайлов - Оставь.mkv,114
1764655979,,,/mnt/game/Recording/Converter/Караоке/01/Один/Фристайл - Сезон любви.mp4,114
1764656121,,,/mnt/windows/Users/Safe/Downloads/Сергей Пискун - Твои глаза.mp4,98
1764656358,,,/mnt/windows/Users/Safe/Downloads/Сергей Одинцов - Милая Моя, Любимая.mp4,114
1764656516,,,/mnt/windows/Users/Safe/Downloads/Сергей Одинцов - Вишневый сад.mp4,104
1764656674,,,/mnt/windows/Users/Safe/Downloads/Сергей Одинцов - А помнишь.mp4,98
1764701885,13,Passie XXX TV,http://kuh5nj4q.rostelekom.xyz/iptv/UHV96TYYWXKAZY/12136/index.m3u8,95
1764701888,14,Devils Film HD,http://kuh5nj4q.rostelekom.xyz/iptv/UHV96TYYWXKAZY/12137/index.m3u8,96
1764701965,18,Deep Throat Sirens,http://kuh5nj4q.rostelekom.xyz/iptv/UHV96TYYWXKAZY/12138/index.m3u8,100
1764701974,9,Deep Lush,http://kuh5nj4q.rostelekom.xyz/iptv/UHV96TYYWXKAZY/12139/index.m3u8,90
1764701977,6,Dark X,http://kuh5nj4q.rostelekom.xyz/iptv/UHV96TYYWXKAZY/12140/index.m3u8,87
1764701980,18,Veraporn Group Sex,http://kuh5nj4q.rostelekom.xyz/iptv/UHV96TYYWXKAZY/12141/index.m3u8,100
1764701984,20,Veraporn Group Sex 2,http://kuh5nj4q.rostelekom.xyz/iptv/UHV96TYYWXKAZY/12142/index.m3u8,102
1764701986,10,Dane Jones,http://kuh5nj4q.rostelekom.xyz/iptv/UHV96TYYWXKAZY/12143/index.m3u8,92
1764701990,12,Dancing Bear,http://kuh5nj4q.rostelekom.xyz/iptv/UHV96TYYWXKAZY/12144/index.m3u8,94
1764701993,16,Pink Erotic 1 HD,http://kuh5nj4q.rostelekom.xyz/iptv/UHV96TYYWXKAZY/12146/index.m3u8,98
1764701996,16,Pink Erotic 2 HD,http://kuh5nj4q.rostelekom.xyz/iptv/UHV96TYYWXKAZY/12147/index.m3u8,98
1764702005,9,Dad Crush,http://kuh5nj4q.rostelekom.xyz/iptv/UHV96TYYWXKAZY/12154/index.m3u8,90
1764702010,11,Family Swap,http://kuh5nj4q.rostelekom.xyz/iptv/UHV96TYYWXKAZY/12155/index.m3u8,93
1764702013,14,Family Strokes,http://kuh5nj4q.rostelekom.xyz/iptv/UHV96TYYWXKAZY/12156/index.m3u8,96
1764702016,9,Cum4k UHD,http://kuh5nj4q.rostelekom.xyz/iptv/UHV96TYYWXKAZY/12157/index.m3u8,90
1764702171,14,Cum Perfection,http://kuh5nj4q.rostelekom.xyz/iptv/UHV96TYYWXKAZY/12158/index.m3u8,96
1764702180,10,MetArt FHD,http://kuh5nj4q.rostelekom.xyz/iptv/UHV96TYYWXKAZY/12160/index.m3u8,92
1764702207,10,Bratty Sis,http://kuh5nj4q.rostelekom.xyz/iptv/UHV96TYYWXKAZY/12161/index.m3u8,92
1764702212,18,Brand New Amateurs,http://kuh5nj4q.rostelekom.xyz/iptv/UHV96TYYWXKAZY/12162/index.m3u8,100
1764702218,10,Beate Uhse,http://kuh5nj4q.rostelekom.xyz/iptv/UHV96TYYWXKAZY/12163/index.m3u8,92
1764702223,7,BBC Pie,http://kuh5nj4q.rostelekom.xyz/iptv/UHV96TYYWXKAZY/12164/index.m3u8,88
1764702231,15,Barely Legal TV,http://kuh5nj4q.rostelekom.xyz/iptv/UHV96TYYWXKAZY/12165/index.m3u8,97
1764702243,8,Bang POV,http://kuh5nj4q.rostelekom.xyz/iptv/UHV96TYYWXKAZY/12166/index.m3u8,89
1764702249,8,Bang Bus,http://kuh5nj4q.rostelekom.xyz/iptv/UHV96TYYWXKAZY/12167/index.m3u8,89
1764702261,12,Banana Fever,http://kuh5nj4q.rostelekom.xyz/iptv/UHV96TYYWXKAZY/12168/index.m3u8,94
1764702265,13,Asshole Fever,http://kuh5nj4q.rostelekom.xyz/iptv/UHV96TYYWXKAZY/12169/index.m3u8,95
1764702268,10,Ass Parade,http://kuh5nj4q.rostelekom.xyz/iptv/UHV96TYYWXKAZY/12178/index.m3u8,92
1764702271,9,Anal Time,http://kuh5nj4q.rostelekom.xyz/iptv/UHV96TYYWXKAZY/12181/index.m3u8,90
1764702275,16,Anal Teen Angels,http://kuh5nj4q.rostelekom.xyz/iptv/UHV96TYYWXKAZY/12183/index.m3u8,98
1764702278,9,Anal Only,http://kuh5nj4q.rostelekom.xyz/iptv/UHV96TYYWXKAZY/12184/index.m3u8,90
1764702281,12,Hot Wife XXX,http://kuh5nj4q.rostelekom.xyz/iptv/UHV96TYYWXKAZY/12187/index.m3u8,94
1764702318,5,Tushy,http://kuh5nj4q.rostelekom.xyz/iptv/UHV96TYYWXKAZY/12188/index.m3u8,86
1764702321,8,Anal Mom,http://kuh5nj4q.rostelekom.xyz/iptv/UHV96TYYWXKAZY/12189/index.m3u8,89
1764702324,7,Anal 4K,http://kuh5nj4q.rostelekom.xyz/iptv/UHV96TYYWXKAZY/12190/index.m3u8,88
1764702326,13,Amateur Boxxx,http://kuh5nj4q.rostelekom.xyz/iptv/UHV96TYYWXKAZY/12191/index.m3u8,95
1764702332,8,All Anal,http://kuh5nj4q.rostelekom.xyz/iptv/UHV96TYYWXKAZY/12192/index.m3u8,89
1764702334,11,Alex Legend,http://kuh5nj4q.rostelekom.xyz/iptv/UHV96TYYWXKAZY/12193/index.m3u8,93
1764702361,13,Alba XXX 2 HD,http://kuh5nj4q.rostelekom.xyz/iptv/UHV96TYYWXKAZY/12194/index.m3u8,95
1764702363,13,Alba XXX 1 HD,http://kuh5nj4q.rostelekom.xyz/iptv/UHV96TYYWXKAZY/12204/index.m3u8,95
1764702367,10,21 Sextury,http://kuh5nj4q.rostelekom.xyz/iptv/UHV96TYYWXKAZY/12205/index.m3u8,92
1764702370,19,XXX Love's Berry HD,http://kuh5nj4q.rostelekom.xyz/iptv/UHV96TYYWXKAZY/14140/index.m3u8,101
1764702372,13,Yosso TV Sexy,http://kuh5nj4q.rostelekom.xyz/iptv/UHV96TYYWXKAZY/14176/index.m3u8,95
1764702378,26,Liberty Эротика FHD,http://kuh5nj4q.rostelekom.xyz/iptv/UHV96TYYWXKAZY/16069/index.m3u8,108
1764702380,17,Kinoshka Adult HD,http://kuh5nj4q.rostelekom.xyz/iptv/UHV96TYYWXKAZY/18060/index.m3u8,99
1764702381,23,Tviksel Кино 18+ HD,http://kuh5nj4q.rostelekom.xyz/iptv/UHV96TYYWXKAZY/18075/index.m3u8,105
1764702385,34,Tviksel Кино 18+ International,http://kuh5nj4q.rostelekom.xyz/iptv/UHV96TYYWXKAZY/18076/index.m3u8,116
1764702388,12,BCU Charm HD,http://kuh5nj4q.rostelekom.xyz/iptv/UHV96TYYWXKAZY/18053/index.m3u8,94
1764702393,14,CineMan ExExEx,http://kuh5nj4q.rostelekom.xyz/iptv/UHV96TYYWXKAZY/20089/index.m3u8,96
1764702394,18,CineMan ExExEx TWO,http://kuh5nj4q.rostelekom.xyz/iptv/UHV96TYYWXKAZY/20090/index.m3u8,100
1764702400,19,StrahTV Adult TV HD,http://kuh5nj4q.rostelekom.xyz/iptv/UHV96TYYWXKAZY/31707/index.m3u8,101
1764702401,22,StrahTV PlayBoyz TV HD,http://kuh5nj4q.rostelekom.xyz/iptv/UHV96TYYWXKAZY/31709/index.m3u8,104
1764702404,22,StrahTV Ню Арт HD,http://kuh5nj4q.rostelekom.xyz/iptv/UHV96TYYWXKAZY/31716/index.m3u8,104
1764702423,11,Eromania 4K,http://kuh5nj4q.rostelekom.xyz/iptv/UHV96TYYWXKAZY/10049/index.m3u8,93
1764702427,23,Русская Ночь,http://kuh5nj4q.rostelekom.xyz/iptv/UHV96TYYWXKAZY/147/index.m3u8,103
1764702428,31,Brazzers TV Europe Россия,http://kuh5nj4q.rostelekom.xyz/iptv/UHV96TYYWXKAZY/910/index.m3u8,111
1764702430,12,Blue Hustler,http://kuh5nj4q.rostelekom.xyz/iptv/UHV96TYYWXKAZY/1064/index.m3u8,93
1764702433,11,Redlight HD,http://kuh5nj4q.rostelekom.xyz/iptv/UHV96TYYWXKAZY/242/index.m3u8,91
1764702435,10,Private TV,http://kuh5nj4q.rostelekom.xyz/iptv/UHV96TYYWXKAZY/243/index.m3u8,90
1764702438,10,Hustler HD,http://kuh5nj4q.rostelekom.xyz/iptv/UHV96TYYWXKAZY/244/index.m3u8,90
1764702444,12,Dorcel TV HD,http://kuh5nj4q.rostelekom.xyz/iptv/UHV96TYYWXKAZY/245/index.m3u8,92
1764702446,8,Babes TV,http://kuh5nj4q.rostelekom.xyz/iptv/UHV96TYYWXKAZY/2161/index.m3u8,88
1764702448,12,Vivid Red HD,http://kuh5nj4q.rostelekom.xyz/iptv/UHV96TYYWXKAZY/2162/index.m3u8,93
1764702451,12,Exxxotica HD,http://kuh5nj4q.rostelekom.xyz/iptv/UHV96TYYWXKAZY/2397/index.m3u8,93
1764702452,3,XXL,http://kuh5nj4q.rostelekom.xyz/iptv/UHV96TYYWXKAZY/5009/index.m3u8,83
1764702455,20,Penthouse Passion HD,http://kuh5nj4q.rostelekom.xyz/iptv/UHV96TYYWXKAZY/5010/index.m3u8,101
1764702457,17,Penthouse Gold HD,http://kuh5nj4q.rostelekom.xyz/iptv/UHV96TYYWXKAZY/5011/index.m3u8,98
1764702459,23,Penthouse Reality TV HD,http://kuh5nj4q.rostelekom.xyz/iptv/UHV96TYYWXKAZY/5012/index.m3u8,104
1764702461,24,Penthouse Reality TV FHD,http://kuh5nj4q.rostelekom.xyz/iptv/UHV96TYYWXKAZY/5013/index.m3u8,105
1764702463,18,Extasy Platinum 4K,http://kuh5nj4q.rostelekom.xyz/iptv/UHV96TYYWXKAZY/5014/index.m3u8,99
1764702466,9,Eroxxx HD,http://kuh5nj4q.rostelekom.xyz/iptv/UHV96TYYWXKAZY/5015/index.m3u8,89
1764702469,9,SexArt HD,http://kuh5nj4q.rostelekom.xyz/iptv/UHV96TYYWXKAZY/6165/index.m3u8,89
1764702471,10,Adult Time,http://kuh5nj4q.rostelekom.xyz/iptv/UHV96TYYWXKAZY/6166/index.m3u8,91
1764702473,11,Red TV Anal,http://kuh5nj4q.rostelekom.xyz/iptv/UHV96TYYWXKAZY/6167/index.m3u8,92
1764702475,11,Analized HD,http://kuh5nj4q.rostelekom.xyz/iptv/UHV96TYYWXKAZY/6168/index.m3u8,92
1764702478,12,Babes.com HD,http://kuh5nj4q.rostelekom.xyz/iptv/UHV96TYYWXKAZY/6171/index.m3u8,93
1764702480,5,Babes,http://kuh5nj4q.rostelekom.xyz/iptv/UHV96TYYWXKAZY/6172/index.m3u8,85
1764702481,12,Bang Bros HD,http://kuh5nj4q.rostelekom.xyz/iptv/UHV96TYYWXKAZY/6173/index.m3u8,93
1764702483,5,Bang!,http://kuh5nj4q.rostelekom.xyz/iptv/UHV96TYYWXKAZY/6174/index.m3u8,85
1764702485,14,Red TV Big Ass,http://kuh5nj4q.rostelekom.xyz/iptv/UHV96TYYWXKAZY/6175/index.m3u8,95
1764702487,15,Red TV Big Dick,http://kuh5nj4q.rostelekom.xyz/iptv/UHV96TYYWXKAZY/6176/index.m3u8,96
1764702488,15,Red TV Big Tits,http://kuh5nj4q.rostelekom.xyz/iptv/UHV96TYYWXKAZY/6177/index.m3u8,96
1764702490,10,Blacked HD,http://kuh5nj4q.rostelekom.xyz/iptv/UHV96TYYWXKAZY/6178/index.m3u8,91
1764702495,14,Red TV Blowjob,http://kuh5nj4q.rostelekom.xyz/iptv/UHV96TYYWXKAZY/6180/index.m3u8,95
1764702497,15,Brazzers eXXtra,http://kuh5nj4q.rostelekom.xyz/iptv/UHV96TYYWXKAZY/6181/index.m3u8,96
1764702499,11,Brazzers HD,http://kuh5nj4q.rostelekom.xyz/iptv/UHV96TYYWXKAZY/6182/index.m3u8,92
1764702501,15,Red TV Brunette,http://kuh5nj4q.rostelekom.xyz/iptv/UHV96TYYWXKAZY/6183/index.m3u8,96
1764702502,12,Cherry Pimps,http://kuh5nj4q.rostelekom.xyz/iptv/UHV96TYYWXKAZY/6185/index.m3u8,93
1764702504,19,Club Sweethearts HD,http://kuh5nj4q.rostelekom.xyz/iptv/UHV96TYYWXKAZY/6186/index.m3u8,100
1764702594,18,Red TV Compilation,http://kuh5nj4q.rostelekom.xyz/iptv/UHV96TYYWXKAZY/6187/index.m3u8,99
1764702598,14,Red TV Cuckold,http://kuh5nj4q.rostelekom.xyz/iptv/UHV96TYYWXKAZY/6188/index.m3u8,95
1764702604,10,Cum Louder,http://kuh5nj4q.rostelekom.xyz/iptv/UHV96TYYWXKAZY/6189/index.m3u8,91
1764702606,13,Daughter Swap,http://kuh5nj4q.rostelekom.xyz/iptv/UHV96TYYWXKAZY/6191/index.m3u8,94
1764702608,19,Day with a Pornstar,http://kuh5nj4q.rostelekom.xyz/iptv/UHV96TYYWXKAZY/6192/index.m3u8,100
1764702611,9,DDF Busty,http://kuh5nj4q.rostelekom.xyz/iptv/UHV96TYYWXKAZY/6193/index.m3u8,89
1764702613,11,DDF Network,http://kuh5nj4q.rostelekom.xyz/iptv/UHV96TYYWXKAZY/6194/index.m3u8,92
1764702616,17,Digital Desire HD,http://kuh5nj4q.rostelekom.xyz/iptv/UHV96TYYWXKAZY/6195/index.m3u8,98
1764702618,21,Digital Playground HD,http://kuh5nj4q.rostelekom.xyz/iptv/UHV96TYYWXKAZY/6196/index.m3u8,102
1764702620,11,Dorcel Club,http://kuh5nj4q.rostelekom.xyz/iptv/UHV96TYYWXKAZY/6197/index.m3u8,92
1764702623,11,Porn Angels,http://kuh5nj4q.rostelekom.xyz/iptv/UHV96TYYWXKAZY/6198/index.m3u8,92
1764702624,13,Evil Angel HD,http://kuh5nj4q.rostelekom.xyz/iptv/UHV96TYYWXKAZY/6199/index.m3u8,94
1764702628,14,Evolved Fights,http://kuh5nj4q.rostelekom.xyz/iptv/UHV96TYYWXKAZY/6200/index.m3u8,95
1764702630,12,Fake Taxi HD,http://kuh5nj4q.rostelekom.xyz/iptv/UHV96TYYWXKAZY/6202/index.m3u8,93
1764702632,18,Fap TV Compilation,http://kuh5nj4q.rostelekom.xyz/iptv/UHV96TYYWXKAZY/6208/index.m3u8,99
1764702635,6,FemJoy,http://kuh5nj4q.rostelekom.xyz/iptv/UHV96TYYWXKAZY/6212/index.m3u8,86
1764702640,13,Red TV Fetish,http://kuh5nj4q.rostelekom.xyz/iptv/UHV96TYYWXKAZY/6213/index.m3u8,94
1764702642,15,Red TV Gangbang,http://kuh5nj4q.rostelekom.xyz/iptv/UHV96TYYWXKAZY/6214/index.m3u8,96
1764702645,10,Red TV Gay,http://kuh5nj4q.rostelekom.xyz/iptv/UHV96TYYWXKAZY/6215/index.m3u8,91
1764702647,8,Got MYLF,http://kuh5nj4q.rostelekom.xyz/iptv/UHV96TYYWXKAZY/6216/index.m3u8,88
1764702648,21,DDF Hands on Hardcore,http://kuh5nj4q.rostelekom.xyz/iptv/UHV96TYYWXKAZY/6217/index.m3u8,102
1764702666,6,Hard X,http://kuh5nj4q.rostelekom.xyz/iptv/UHV96TYYWXKAZY/6218/index.m3u8,86
1764702668,15,Red TV Hardcore,http://kuh5nj4q.rostelekom.xyz/iptv/UHV96TYYWXKAZY/6219/index.m3u8,96
1764702671,12,Hitzefrei HD,http://kuh5nj4q.rostelekom.xyz/iptv/UHV96TYYWXKAZY/6220/index.m3u8,93
1764702673,5,Holed,http://kuh5nj4q.rostelekom.xyz/iptv/UHV96TYYWXKAZY/6221/index.m3u8,85
1764702689,12,Hot and Mean,http://kuh5nj4q.rostelekom.xyz/iptv/UHV96TYYWXKAZY/6222/index.m3u8,93
1764702691,13,Hot Guys Fuck,http://kuh5nj4q.rostelekom.xyz/iptv/UHV96TYYWXKAZY/6223/index.m3u8,94
1764702693,18,Red TV Interracial,http://kuh5nj4q.rostelekom.xyz/iptv/UHV96TYYWXKAZY/6224/index.m3u8,99
1764702695,9,Japan HDV,http://kuh5nj4q.rostelekom.xyz/iptv/UHV96TYYWXKAZY/6225/index.m3u8,89
1764702698,13,Red TV Latina,http://kuh5nj4q.rostelekom.xyz/iptv/UHV96TYYWXKAZY/6226/index.m3u8,94
1764702700,6,Lesbea,http://kuh5nj4q.rostelekom.xyz/iptv/UHV96TYYWXKAZY/6227/index.m3u8,86
1764702704,14,Red TV Lesbian,http://kuh5nj4q.rostelekom.xyz/iptv/UHV96TYYWXKAZY/6228/index.m3u8,95
1764702706,15,Lethal Hardcore,http://kuh5nj4q.rostelekom.xyz/iptv/UHV96TYYWXKAZY/6229/index.m3u8,96
1764702708,16,Little Asians HD,http://kuh5nj4q.rostelekom.xyz/iptv/UHV96TYYWXKAZY/6230/index.m3u8,97
1764702918,16,Red TV Live Cams,http://kuh5nj4q.rostelekom.xyz/iptv/UHV96TYYWXKAZY/6231/index.m3u8,97
1764702921,11,Lust Cinema,http://kuh5nj4q.rostelekom.xyz/iptv/UHV96TYYWXKAZY/6232/index.m3u8,92
1764702924,9,MetArt HD,http://kuh5nj4q.rostelekom.xyz/iptv/UHV96TYYWXKAZY/6233/index.m3u8,89
1764702927,11,Red TV Milf,http://kuh5nj4q.rostelekom.xyz/iptv/UHV96TYYWXKAZY/6234/index.m3u8,92
1764702930,16,Monsters of Cock,http://kuh5nj4q.rostelekom.xyz/iptv/UHV96TYYWXKAZY/6235/index.m3u8,97
1764702933,10,MYLF TV HD,http://kuh5nj4q.rostelekom.xyz/iptv/UHV96TYYWXKAZY/6236/index.m3u8,91
1764702936,15,Naughty America,http://kuh5nj4q.rostelekom.xyz/iptv/UHV96TYYWXKAZY/6237/index.m3u8,96
1764702940,13,Nubiles TV HD,http://kuh5nj4q.rostelekom.xyz/iptv/UHV96TYYWXKAZY/6238/index.m3u8,94
1764702943,13,Pink Erotic 3,http://kuh5nj4q.rostelekom.xyz/iptv/UHV96TYYWXKAZY/6240/index.m3u8,94
1764702944,13,Pink Erotic 4,http://kuh5nj4q.rostelekom.xyz/iptv/UHV96TYYWXKAZY/6241/index.m3u8,94
1764702946,12,Playboy Plus,http://kuh5nj4q.rostelekom.xyz/iptv/UHV96TYYWXKAZY/6242/index.m3u8,93
1764702949,15,Red TV Pornstar,http://kuh5nj4q.rostelekom.xyz/iptv/UHV96TYYWXKAZY/6243/index.m3u8,96
1764702951,10,Red TV POV,http://kuh5nj4q.rostelekom.xyz/iptv/UHV96TYYWXKAZY/6244/index.m3u8,91
1764702953,14,Private.com HD,http://kuh5nj4q.rostelekom.xyz/iptv/UHV96TYYWXKAZY/6245/index.m3u8,95
1764702958,12,Public Agent,http://kuh5nj4q.rostelekom.xyz/iptv/UHV96TYYWXKAZY/6246/index.m3u8,93
1764702959,16,Reality Kings HD,http://kuh5nj4q.rostelekom.xyz/iptv/UHV96TYYWXKAZY/6247/index.m3u8,97
1764702961,8,RK Prime,http://kuh5nj4q.rostelekom.xyz/iptv/UHV96TYYWXKAZY/6248/index.m3u8,88
1764702967,5,RK TV,http://kuh5nj4q.rostelekom.xyz/iptv/UHV96TYYWXKAZY/6249/index.m3u8,85
1764702970,12,Red TV Rough,http://kuh5nj4q.rostelekom.xyz/iptv/UHV96TYYWXKAZY/6250/index.m3u8,93
1764702973,14,Red TV Russian,http://kuh5nj4q.rostelekom.xyz/iptv/UHV96TYYWXKAZY/6251/index.m3u8,95
1764702977,12,Red TV Rough,http://kuh5nj4q.rostelekom.xyz/iptv/UHV96TYYWXKAZY/6250/index.m3u8,93
1764702988,14,Red TV Russian,http://kuh5nj4q.rostelekom.xyz/iptv/UHV96TYYWXKAZY/6251/index.m3u8,95
1764702992,16,Sex With Muslims,http://kuh5nj4q.rostelekom.xyz/iptv/UHV96TYYWXKAZY/6252/index.m3u8,97
1764702996,6,SexArt,http://kuh5nj4q.rostelekom.xyz/iptv/UHV96TYYWXKAZY/6253/index.m3u8,86
1764703001,10,SINematica,http://kuh5nj4q.rostelekom.xyz/iptv/UHV96TYYWXKAZY/6255/index.m3u8,91
1764703003,11,Red TV Teen,http://kuh5nj4q.rostelekom.xyz/iptv/UHV96TYYWXKAZY/6256/index.m3u8,92
1764703009,16,Red TV Threesome,http://kuh5nj4q.rostelekom.xyz/iptv/UHV96TYYWXKAZY/6257/index.m3u8,97
1764703012,6,Tiny4K,http://kuh5nj4q.rostelekom.xyz/iptv/UHV96TYYWXKAZY/6258/index.m3u8,86
1764703014,12,Trans Angels,http://kuh5nj4q.rostelekom.xyz/iptv/UHV96TYYWXKAZY/6259/index.m3u8,93
1764703016,13,True Amateurs,http://kuh5nj4q.rostelekom.xyz/iptv/UHV96TYYWXKAZY/6260/index.m3u8,94
1764703018,8,Tushy HD,http://kuh5nj4q.rostelekom.xyz/iptv/UHV96TYYWXKAZY/6261/index.m3u8,88
1764703020,12,Tushy RAW HD,http://kuh5nj4q.rostelekom.xyz/iptv/UHV96TYYWXKAZY/6262/index.m3u8,93
1764703023,10,Visit-X TV,http://kuh5nj4q.rostelekom.xyz/iptv/UHV96TYYWXKAZY/6263/index.m3u8,91
1764703025,15,Vivid TV Europe,http://kuh5nj4q.rostelekom.xyz/iptv/UHV96TYYWXKAZY/6264/index.m3u8,96
1764703027,8,Vixen HD,http://kuh5nj4q.rostelekom.xyz/iptv/UHV96TYYWXKAZY/6265/index.m3u8,88
1764703088,,,http://kuh5nj4q.rostelekom.xyz/iptv/UHV96TYYWXKAZY/6265/index.m3u8,79
1764703092,,,http://kuh5nj4q.rostelekom.xyz/iptv/UHV96TYYWXKAZY/6266/index.m3u8,79
1764703104,,,http://kuh5nj4q.rostelekom.xyz/iptv/UHV96TYYWXKAZY/6267/index.m3u8,79
1764703109,,,http://kuh5nj4q.rostelekom.xyz/iptv/UHV96TYYWXKAZY/6268/index.m3u8,79
1764703113,,,http://kuh5nj4q.rostelekom.xyz/iptv/UHV96TYYWXKAZY/6269/index.m3u8,79
1764703116,,,http://kuh5nj4q.rostelekom.xyz/iptv/UHV96TYYWXKAZY/6270/index.m3u8,79
1764703122,,,http://kuh5nj4q.rostelekom.xyz/iptv/UHV96TYYWXKAZY/6271/index.m3u8,79
1764703125,,,http://kuh5nj4q.rostelekom.xyz/iptv/UHV96TYYWXKAZY/6272/index.m3u8,79
1764703128,,,http://kuh5nj4q.rostelekom.xyz/iptv/UHV96TYYWXKAZY/6275/index.m3u8,79
1764703173,,,http://kuh5nj4q.rostelekom.xyz/iptv/UHV96TYYWXKAZY/6277/index.m3u8,79
1764703175,,,http://kuh5nj4q.rostelekom.xyz/iptv/UHV96TYYWXKAZY/6281/index.m3u8,79
1764703189,,,http://kuh5nj4q.rostelekom.xyz/iptv/UHV96TYYWXKAZY/6282/index.m3u8,79
1764703193,,,http://kuh5nj4q.rostelekom.xyz/iptv/UHV96TYYWXKAZY/6284/index.m3u8,79
1764703196,,,http://kuh5nj4q.rostelekom.xyz/iptv/UHV96TYYWXKAZY/6285/index.m3u8,79
1764703199,,,http://kuh5nj4q.rostelekom.xyz/iptv/UHV96TYYWXKAZY/6286/index.m3u8,79
1764703201,,,http://kuh5nj4q.rostelekom.xyz/iptv/UHV96TYYWXKAZY/6287/index.m3u8,79
1764703205,,,http://kuh5nj4q.rostelekom.xyz/iptv/UHV96TYYWXKAZY/6288/index.m3u8,79
1764703209,,,http://kuh5nj4q.rostelekom.xyz/iptv/UHV96TYYWXKAZY/6289/index.m3u8,79
1764703212,,,http://kuh5nj4q.rostelekom.xyz/iptv/UHV96TYYWXKAZY/6290/index.m3u8,79
1764703220,,,http://kuh5nj4q.rostelekom.xyz/iptv/UHV96TYYWXKAZY/6291/index.m3u8,79
1764703222,,,http://kuh5nj4q.rostelekom.xyz/iptv/UHV96TYYWXKAZY/6292/index.m3u8,79
1764703224,,,http://kuh5nj4q.rostelekom.xyz/iptv/UHV96TYYWXKAZY/6293/index.m3u8,79
1764703227,,,http://kuh5nj4q.rostelekom.xyz/iptv/UHV96TYYWXKAZY/6294/index.m3u8,79
1764703229,,,http://kuh5nj4q.rostelekom.xyz/iptv/UHV96TYYWXKAZY/6295/index.m3u8,79
1764703231,,,http://kuh5nj4q.rostelekom.xyz/iptv/UHV96TYYWXKAZY/6296/index.m3u8,79
1764703233,,,http://kuh5nj4q.rostelekom.xyz/iptv/UHV96TYYWXKAZY/6298/index.m3u8,79
1764703236,,,http://kuh5nj4q.rostelekom.xyz/iptv/UHV96TYYWXKAZY/9064/index.m3u8,79
1764703238,,,http://kuh5nj4q.rostelekom.xyz/iptv/UHV96TYYWXKAZY/9065/index.m3u8,79
1764703240,,,http://kuh5nj4q.rostelekom.xyz/iptv/UHV96TYYWXKAZY/9066/index.m3u8,79
1764703241,,,http://kuh5nj4q.rostelekom.xyz/iptv/UHV96TYYWXKAZY/9344/index.m3u8,79
1764703245,,,http://kuh5nj4q.rostelekom.xyz/iptv/UHV96TYYWXKAZY/9346/index.m3u8,79
1764703246,,,http://kuh5nj4q.rostelekom.xyz/iptv/UHV96TYYWXKAZY/9347/index.m3u8,79
1764703248,,,http://kuh5nj4q.rostelekom.xyz/iptv/UHV96TYYWXKAZY/11051/index.m3u8,80
1764703252,,,http://kuh5nj4q.rostelekom.xyz/iptv/UHV96TYYWXKAZY/11052/index.m3u8,80
1764703254,,,http://kuh5nj4q.rostelekom.xyz/iptv/UHV96TYYWXKAZY/11068/index.m3u8,80
1764703256,,,http://kuh5nj4q.rostelekom.xyz/iptv/UHV96TYYWXKAZY/11117/index.m3u8,80
1764703258,,,http://kuh5nj4q.rostelekom.xyz/iptv/UHV96TYYWXKAZY/12106/index.m3u8,80
1764703262,,,http://kuh5nj4q.rostelekom.xyz/iptv/UHV96TYYWXKAZY/12107/index.m3u8,80
1764703631,,,http://kuh5nj4q.rostelekom.xyz/iptv/UHV96TYYWXKAZY/12108/index.m3u8,80
1764703636,,,http://kuh5nj4q.rostelekom.xyz/iptv/UHV96TYYWXKAZY/12109/index.m3u8,80
1764703642,,,http://kuh5nj4q.rostelekom.xyz/iptv/UHV96TYYWXKAZY/12110/index.m3u8,80
1764703649,,,http://kuh5nj4q.rostelekom.xyz/iptv/UHV96TYYWXKAZY/12111/index.m3u8,80
1764703692,,,http://kuh5nj4q.rostelekom.xyz/iptv/UHV96TYYWXKAZY/12113/index.m3u8,80
1764703699,,,http://kuh5nj4q.rostelekom.xyz/iptv/UHV96TYYWXKAZY/12121/index.m3u8,80
1764703703,,,http://kuh5nj4q.rostelekom.xyz/iptv/UHV96TYYWXKAZY/12122/index.m3u8,80
1764703706,,,http://kuh5nj4q.rostelekom.xyz/iptv/UHV96TYYWXKAZY/12124/index.m3u8,80
1764703711,,,http://kuh5nj4q.rostelekom.xyz/iptv/UHV96TYYWXKAZY/12125/index.m3u8,80
1764703713,,,http://kuh5nj4q.rostelekom.xyz/iptv/UHV96TYYWXKAZY/12128/index.m3u8,80
1764703716,,,http://kuh5nj4q.rostelekom.xyz/iptv/UHV96TYYWXKAZY/12130/index.m3u8,80
1764703726,,,http://kuh5nj4q.rostelekom.xyz/iptv/UHV96TYYWXKAZY/12131/index.m3u8,80
1764703732,,,http://kuh5nj4q.rostelekom.xyz/iptv/UHV96TYYWXKAZY/12133/index.m3u8,80
1764703736,,,http://kuh5nj4q.rostelekom.xyz/iptv/UHV96TYYWXKAZY/12135/index.m3u8,80
1764703739,,,http://kuh5nj4q.rostelekom.xyz/iptv/UHV96TYYWXKAZY/12136/index.m3u8,80
1764703743,,,http://kuh5nj4q.rostelekom.xyz/iptv/UHV96TYYWXKAZY/12137/index.m3u8,80
1764703748,,,http://kuh5nj4q.rostelekom.xyz/iptv/UHV96TYYWXKAZY/12138/index.m3u8,80
1764703753,,,http://kuh5nj4q.rostelekom.xyz/iptv/UHV96TYYWXKAZY/12139/index.m3u8,80
1764703789,,,http://kuh5nj4q.rostelekom.xyz/iptv/UHV96TYYWXKAZY/12140/index.m3u8,80
1764703794,,,http://kuh5nj4q.rostelekom.xyz/iptv/UHV96TYYWXKAZY/12141/index.m3u8,80
1764703801,,,http://kuh5nj4q.rostelekom.xyz/iptv/UHV96TYYWXKAZY/12142/index.m3u8,80
1764703806,,,http://kuh5nj4q.rostelekom.xyz/iptv/UHV96TYYWXKAZY/12143/index.m3u8,80
1764703810,,,http://kuh5nj4q.rostelekom.xyz/iptv/UHV96TYYWXKAZY/12144/index.m3u8,80
1764703941,,,http://kuh5nj4q.rostelekom.xyz/iptv/UHV96TYYWXKAZY/12146/index.m3u8,80
1764703949,,,http://kuh5nj4q.rostelekom.xyz/iptv/UHV96TYYWXKAZY/12147/index.m3u8,80
1764703952,,,http://kuh5nj4q.rostelekom.xyz/iptv/UHV96TYYWXKAZY/12148/index.m3u8,80
1764703954,,,http://kuh5nj4q.rostelekom.xyz/iptv/UHV96TYYWXKAZY/12149/index.m3u8,80
1764703957,,,http://kuh5nj4q.rostelekom.xyz/iptv/UHV96TYYWXKAZY/12150/index.m3u8,80
1764703960,,,http://kuh5nj4q.rostelekom.xyz/iptv/UHV96TYYWXKAZY/12151/index.m3u8,80
1764703964,,,http://kuh5nj4q.rostelekom.xyz/iptv/UHV96TYYWXKAZY/12152/index.m3u8,80
1764703966,,,http://kuh5nj4q.rostelekom.xyz/iptv/UHV96TYYWXKAZY/12153/index.m3u8,80
1764703969,,,http://kuh5nj4q.rostelekom.xyz/iptv/UHV96TYYWXKAZY/12154/index.m3u8,80
1764703971,,,http://kuh5nj4q.rostelekom.xyz/iptv/UHV96TYYWXKAZY/12155/index.m3u8,80
1764704331,,,http://kuh5nj4q.rostelekom.xyz/iptv/UHV96TYYWXKAZY/12156/index.m3u8,80
1764704334,,,http://kuh5nj4q.rostelekom.xyz/iptv/UHV96TYYWXKAZY/12157/index.m3u8,80
1764704342,,,http://kuh5nj4q.rostelekom.xyz/iptv/UHV96TYYWXKAZY/12158/index.m3u8,80
1764704346,,,http://kuh5nj4q.rostelekom.xyz/iptv/UHV96TYYWXKAZY/12160/index.m3u8,80
1764704845,,,http://kuh5nj4q.rostelekom.xyz/iptv/UHV96TYYWXKAZY/12161/index.m3u8,80
1764704867,,,http://kuh5nj4q.rostelekom.xyz/iptv/UHV96TYYWXKAZY/12162/index.m3u8,80
1764704959,,,http://kuh5nj4q.rostelekom.xyz/iptv/UHV96TYYWXKAZY/12163/index.m3u8,80
1764704995,,,http://kuh5nj4q.rostelekom.xyz/iptv/UHV96TYYWXKAZY/12163/index.m3u8,80
1764705032,,,http://kuh5nj4q.rostelekom.xyz/iptv/UHV96TYYWXKAZY/12163/index.m3u8,80
1764705060,,,http://kuh5nj4q.rostelekom.xyz/iptv/UHV96TYYWXKAZY/12163/index.m3u8,80
1764705076,,,http://kuh5nj4q.rostelekom.xyz/iptv/UHV96TYYWXKAZY/12164/index.m3u8,80
1764705080,,,http://kuh5nj4q.rostelekom.xyz/iptv/UHV96TYYWXKAZY/12165/index.m3u8,80
1764705130,,,http://kuh5nj4q.rostelekom.xyz/iptv/UHV96TYYWXKAZY/12166/index.m3u8,80
1764705133,,,http://kuh5nj4q.rostelekom.xyz/iptv/UHV96TYYWXKAZY/12167/index.m3u8,80
1764705136,,,http://kuh5nj4q.rostelekom.xyz/iptv/UHV96TYYWXKAZY/12168/index.m3u8,80
1764705140,,,http://kuh5nj4q.rostelekom.xyz/iptv/UHV96TYYWXKAZY/12169/index.m3u8,80
1764705144,,,http://kuh5nj4q.rostelekom.xyz/iptv/UHV96TYYWXKAZY/12178/index.m3u8,80
1764705149,,,http://kuh5nj4q.rostelekom.xyz/iptv/UHV96TYYWXKAZY/12181/index.m3u8,80
1764705152,,,http://kuh5nj4q.rostelekom.xyz/iptv/UHV96TYYWXKAZY/12183/index.m3u8,80
1764705154,,,http://kuh5nj4q.rostelekom.xyz/iptv/UHV96TYYWXKAZY/12184/index.m3u8,80
1764705157,,,http://kuh5nj4q.rostelekom.xyz/iptv/UHV96TYYWXKAZY/12187/index.m3u8,80
1764705159,,,http://kuh5nj4q.rostelekom.xyz/iptv/UHV96TYYWXKAZY/12188/index.m3u8,80
1764705163,,,http://kuh5nj4q.rostelekom.xyz/iptv/UHV96TYYWXKAZY/12189/index.m3u8,80
1764705166,,,http://kuh5nj4q.rostelekom.xyz/iptv/UHV96TYYWXKAZY/12190/index.m3u8,80
1764705170,,,http://kuh5nj4q.rostelekom.xyz/iptv/UHV96TYYWXKAZY/12191/index.m3u8,80
1764705173,,,http://kuh5nj4q.rostelekom.xyz/iptv/UHV96TYYWXKAZY/12192/index.m3u8,80
1764705176,,,http://kuh5nj4q.rostelekom.xyz/iptv/UHV96TYYWXKAZY/12193/index.m3u8,80
1764705179,,,http://kuh5nj4q.rostelekom.xyz/iptv/UHV96TYYWXKAZY/12194/index.m3u8,80
1764705182,,,http://kuh5nj4q.rostelekom.xyz/iptv/UHV96TYYWXKAZY/12204/index.m3u8,80
1764705185,,,http://kuh5nj4q.rostelekom.xyz/iptv/UHV96TYYWXKAZY/12205/index.m3u8,80
1764705188,,,http://kuh5nj4q.rostelekom.xyz/iptv/UHV96TYYWXKAZY/14140/index.m3u8,80
1764705229,,,http://kuh5nj4q.rostelekom.xyz/iptv/UHV96TYYWXKAZY/14140/index.m3u8,80
1764705270,,,http://kuh5nj4q.rostelekom.xyz/iptv/UHV96TYYWXKAZY/14140/index.m3u8,80
1764705313,,,http://kuh5nj4q.rostelekom.xyz/iptv/UHV96TYYWXKAZY/14140/index.m3u8,80
1764705354,,,http://kuh5nj4q.rostelekom.xyz/iptv/UHV96TYYWXKAZY/14140/index.m3u8,80
1764705395,,,http://kuh5nj4q.rostelekom.xyz/iptv/UHV96TYYWXKAZY/14140/index.m3u8,80
1764705427,,,http://kuh5nj4q.rostelekom.xyz/iptv/UHV96TYYWXKAZY/14176/index.m3u8,80
1764705432,,,http://kuh5nj4q.rostelekom.xyz/iptv/UHV96TYYWXKAZY/16069/index.m3u8,80
1764705891,,,http://kuh5nj4q.rostelekom.xyz/iptv/UHV96TYYWXKAZY/18060/index.m3u8,80
1764705895,,,http://kuh5nj4q.rostelekom.xyz/iptv/UHV96TYYWXKAZY/18075/index.m3u8,80
1764705899,,,http://kuh5nj4q.rostelekom.xyz/iptv/UHV96TYYWXKAZY/18076/index.m3u8,80
1764705903,,,http://kuh5nj4q.rostelekom.xyz/iptv/UHV96TYYWXKAZY/18053/index.m3u8,80
1764705909,,,http://kuh5nj4q.rostelekom.xyz/iptv/UHV96TYYWXKAZY/20089/index.m3u8,80
1764705912,,,http://kuh5nj4q.rostelekom.xyz/iptv/UHV96TYYWXKAZY/20090/index.m3u8,80
1764705932,,,http://kuh5nj4q.rostelekom.xyz/iptv/UHV96TYYWXKAZY/31707/index.m3u8,80
1764705938,,,http://kuh5nj4q.rostelekom.xyz/iptv/UHV96TYYWXKAZY/31709/index.m3u8,80
1764705942,,,http://kuh5nj4q.rostelekom.xyz/iptv/UHV96TYYWXKAZY/31716/index.m3u8,80
1764705986,18,Brand New Amateurs,http://kuh5nj4q.rostelekom.xyz/iptv/UHV96TYYWXKAZY/12162/index.m3u8,100
1764705993,10,Bratty Sis,http://kuh5nj4q.rostelekom.xyz/iptv/UHV96TYYWXKAZY/12161/index.m3u8,92
1764706748,10,MetArt FHD,http://kuh5nj4q.rostelekom.xyz/iptv/UHV96TYYWXKAZY/12160/index.m3u8,92
1764706753,14,Cum Perfection,http://kuh5nj4q.rostelekom.xyz/iptv/UHV96TYYWXKAZY/12158/index.m3u8,96
1764706757,9,Cum4k UHD,http://kuh5nj4q.rostelekom.xyz/iptv/UHV96TYYWXKAZY/12157/index.m3u8,90
1764706787,14,Family Strokes,http://kuh5nj4q.rostelekom.xyz/iptv/UHV96TYYWXKAZY/12156/index.m3u8,96
1764706797,11,Family Swap,http://kuh5nj4q.rostelekom.xyz/iptv/UHV96TYYWXKAZY/12155/index.m3u8,93
1764706800,9,Dad Crush,http://kuh5nj4q.rostelekom.xyz/iptv/UHV96TYYWXKAZY/12154/index.m3u8,90
1764706807,16,Pink Erotic 8 HD,http://kuh5nj4q.rostelekom.xyz/iptv/UHV96TYYWXKAZY/12153/index.m3u8,98
1764706809,16,Pink Erotic 7 HD,http://kuh5nj4q.rostelekom.xyz/iptv/UHV96TYYWXKAZY/12152/index.m3u8,98
1764706815,12,Dancing Bear,http://kuh5nj4q.rostelekom.xyz/iptv/UHV96TYYWXKAZY/12144/index.m3u8,94
1764706818,10,Dane Jones,http://kuh5nj4q.rostelekom.xyz/iptv/UHV96TYYWXKAZY/12143/index.m3u8,92
1764706832,20,Veraporn Group Sex 2,http://kuh5nj4q.rostelekom.xyz/iptv/UHV96TYYWXKAZY/12142/index.m3u8,102
1764706836,18,Veraporn Group Sex,http://kuh5nj4q.rostelekom.xyz/iptv/UHV96TYYWXKAZY/12141/index.m3u8,100
1764706840,6,Dark X,http://kuh5nj4q.rostelekom.xyz/iptv/UHV96TYYWXKAZY/12140/index.m3u8,87
1764706854,9,Deep Lush,http://kuh5nj4q.rostelekom.xyz/iptv/UHV96TYYWXKAZY/12139/index.m3u8,90
1764706858,18,Deep Throat Sirens,http://kuh5nj4q.rostelekom.xyz/iptv/UHV96TYYWXKAZY/12138/index.m3u8,100
1764706862,14,Devils Film HD,http://kuh5nj4q.rostelekom.xyz/iptv/UHV96TYYWXKAZY/12137/index.m3u8,96
1764706866,13,Passie XXX TV,http://kuh5nj4q.rostelekom.xyz/iptv/UHV96TYYWXKAZY/12136/index.m3u8,95
1764706871,10,Playboy LA,http://kuh5nj4q.rostelekom.xyz/iptv/UHV96TYYWXKAZY/12135/index.m3u8,92
1764706873,15,Kinky Family HD,http://kuh5nj4q.rostelekom.xyz/iptv/UHV96TYYWXKAZY/12133/index.m3u8,97
1764706878,9,Dorcel TV,http://kuh5nj4q.rostelekom.xyz/iptv/UHV96TYYWXKAZY/12131/index.m3u8,90
1764706881,10,Dirty Flix,http://kuh5nj4q.rostelekom.xyz/iptv/UHV96TYYWXKAZY/12130/index.m3u8,92
1764706883,13,Dirty Masseur,http://kuh5nj4q.rostelekom.xyz/iptv/UHV96TYYWXKAZY/12128/index.m3u8,95
1764706886,18,Meiden Van Holland,http://kuh5nj4q.rostelekom.xyz/iptv/UHV96TYYWXKAZY/12125/index.m3u8,100
1764706888,12,French Lover,http://kuh5nj4q.rostelekom.xyz/iptv/UHV96TYYWXKAZY/12124/index.m3u8,94
1764706892,16,Dirty Wives Club,http://kuh5nj4q.rostelekom.xyz/iptv/UHV96TYYWXKAZY/12122/index.m3u8,98
1764706894,8,SuperOne,http://kuh5nj4q.rostelekom.xyz/iptv/UHV96TYYWXKAZY/12121/index.m3u8,89
1764706896,8,SuperOne,http://kuh5nj4q.rostelekom.xyz/iptv/UHV96TYYWXKAZY/12121/index.m3u8,89
1764706899,8,SuperOne,http://kuh5nj4q.rostelekom.xyz/iptv/UHV96TYYWXKAZY/12121/index.m3u8,89
1764706902,8,SuperOne,http://kuh5nj4q.rostelekom.xyz/iptv/UHV96TYYWXKAZY/12121/index.m3u8,89
1764706905,8,SuperOne,http://kuh5nj4q.rostelekom.xyz/iptv/UHV96TYYWXKAZY/12121/index.m3u8,89
1764706907,21,Brazzers TV Europe HD,http://kuh5nj4q.rostelekom.xyz/iptv/UHV96TYYWXKAZY/12113/index.m3u8,103
1764706912,21,Brazzers TV Europe HD,http://kuh5nj4q.rostelekom.xyz/iptv/UHV96TYYWXKAZY/12113/index.m3u8,103
1764706914,21,Brazzers TV Europe HD,http://kuh5nj4q.rostelekom.xyz/iptv/UHV96TYYWXKAZY/12113/index.m3u8,103
1764706920,11,DP Fanatics,http://kuh5nj4q.rostelekom.xyz/iptv/UHV96TYYWXKAZY/12111/index.m3u8,93
1764706924,12,Erotic Spice,http://kuh5nj4q.rostelekom.xyz/iptv/UHV96TYYWXKAZY/12110/index.m3u8,94
1764706928,9,Erotica X,http://kuh5nj4q.rostelekom.xyz/iptv/UHV96TYYWXKAZY/12109/index.m3u8,90
1764706933,19,Euro Girls On Girls,http://kuh5nj4q.rostelekom.xyz/iptv/UHV96TYYWXKAZY/12108/index.m3u8,101
1764706940,9,Exotic 4k,http://kuh5nj4q.rostelekom.xyz/iptv/UHV96TYYWXKAZY/12107/index.m3u8,90
1764706943,10,Alba XXX 1,http://kuh5nj4q.rostelekom.xyz/iptv/UHV96TYYWXKAZY/12106/index.m3u8,92
1764707007,14,VF Cartoon 18+,http://kuh5nj4q.rostelekom.xyz/iptv/UHV96TYYWXKAZY/11117/index.m3u8,96
1764707010,20,StrahTV Ох-Ах HD,http://kuh5nj4q.rostelekom.xyz/iptv/UHV96TYYWXKAZY/11068/index.m3u8,102
1764707015,15,StrahTV KinoXXX,http://kuh5nj4q.rostelekom.xyz/iptv/UHV96TYYWXKAZY/11052/index.m3u8,97
1764707020,17,StrahTV Extasy HD,http://kuh5nj4q.rostelekom.xyz/iptv/UHV96TYYWXKAZY/11051/index.m3u8,99
1764707021,12,Shot TV orig,http://kuh5nj4q.rostelekom.xyz/iptv/UHV96TYYWXKAZY/9347/index.m3u8,93
1764707026,17,Exxxotica HD orig,http://kuh5nj4q.rostelekom.xyz/iptv/UHV96TYYWXKAZY/9346/index.m3u8,98
1764707030,28,Русская Ночь orig,http://kuh5nj4q.rostelekom.xyz/iptv/UHV96TYYWXKAZY/9344/index.m3u8,109
1764707033,16,Redlight HD orig,http://kuh5nj4q.rostelekom.xyz/iptv/UHV96TYYWXKAZY/9066/index.m3u8,97
1764707036,15,Hustler HD orig,http://kuh5nj4q.rostelekom.xyz/iptv/UHV96TYYWXKAZY/9065/index.m3u8,96
1764707039,17,Dorcel TV HD orig,http://kuh5nj4q.rostelekom.xyz/iptv/UHV96TYYWXKAZY/9064/index.m3u8,98
1764707076,11,SuperOne HD,http://kuh5nj4q.rostelekom.xyz/iptv/UHV96TYYWXKAZY/6298/index.m3u8,92
1764707081,7,Erox HD,http://kuh5nj4q.rostelekom.xyz/iptv/UHV96TYYWXKAZY/6296/index.m3u8,87
1764707084,13,Pink Erotic 8,http://kuh5nj4q.rostelekom.xyz/iptv/UHV96TYYWXKAZY/6295/index.m3u8,94
1764707087,13,Pink Erotic 7,http://kuh5nj4q.rostelekom.xyz/iptv/UHV96TYYWXKAZY/6294/index.m3u8,94
1764707088,13,Pink Erotic 6,http://kuh5nj4q.rostelekom.xyz/iptv/UHV96TYYWXKAZY/6293/index.m3u8,94
1764707095,10,XY Plus HD,http://kuh5nj4q.rostelekom.xyz/iptv/UHV96TYYWXKAZY/6288/index.m3u8,91
1764707098,9,XY Mix HD,http://kuh5nj4q.rostelekom.xyz/iptv/UHV96TYYWXKAZY/6287/index.m3u8,89
1764707100,9,XY Max HD,http://kuh5nj4q.rostelekom.xyz/iptv/UHV96TYYWXKAZY/6286/index.m3u8,89
1764707102,4,X-MO,http://kuh5nj4q.rostelekom.xyz/iptv/UHV96TYYWXKAZY/6285/index.m3u8,84
1764707107,5,Venus,http://kuh5nj4q.rostelekom.xyz/iptv/UHV96TYYWXKAZY/6284/index.m3u8,85
1764707108,8,Sexy Hot,http://kuh5nj4q.rostelekom.xyz/iptv/UHV96TYYWXKAZY/6282/index.m3u8,88
1764707111,7,Red XXX,http://kuh5nj4q.rostelekom.xyz/iptv/UHV96TYYWXKAZY/6281/index.m3u8,87
1764707116,12,Hot Pleasure,http://kuh5nj4q.rostelekom.xyz/iptv/UHV96TYYWXKAZY/6277/index.m3u8,93
1764707118,3,HOT,http://kuh5nj4q.rostelekom.xyz/iptv/UHV96TYYWXKAZY/6275/index.m3u8,83
1764707163,,,http://kuh5nj4q.rostelekom.xyz/iptv/UHV96TYYWXKAZY/6275/index.m3u8,79
1764707249,,,http://kuh5nj4q.rostelekom.xyz/iptv/UHV96TYYWXKAZY/6275/index.m3u8,79
1764707291,,,http://kuh5nj4q.rostelekom.xyz/iptv/UHV96TYYWXKAZY/6275/index.m3u8,79
1764707300,,,http://kuh5nj4q.rostelekom.xyz/iptv/UHV96TYYWXKAZY/6272/index.m3u8,79
1764707303,,,http://kuh5nj4q.rostelekom.xyz/iptv/UHV96TYYWXKAZY/6271/index.m3u8,79
1764707306,,,http://kuh5nj4q.rostelekom.xyz/iptv/UHV96TYYWXKAZY/6270/index.m3u8,79
1764707340,,,http://kuh5nj4q.rostelekom.xyz/iptv/UHV96TYYWXKAZY/6270/index.m3u8,79
1764707374,,,http://kuh5nj4q.rostelekom.xyz/iptv/UHV96TYYWXKAZY/6270/index.m3u8,79
1764707397,,,http://kuh5nj4q.rostelekom.xyz/iptv/UHV96TYYWXKAZY/6269/index.m3u8,79
1764707401,,,http://kuh5nj4q.rostelekom.xyz/iptv/UHV96TYYWXKAZY/6268/index.m3u8,79
1764707405,,,http://kuh5nj4q.rostelekom.xyz/iptv/UHV96TYYWXKAZY/6267/index.m3u8,79
1764707412,,,http://kuh5nj4q.rostelekom.xyz/iptv/UHV96TYYWXKAZY/6266/index.m3u8,79
1764707415,,,http://kuh5nj4q.rostelekom.xyz/iptv/UHV96TYYWXKAZY/6265/index.m3u8,79
1764707477,,,http://kuh5nj4q.rostelekom.xyz/iptv/UHV96TYYWXKAZY/6265/index.m3u8,79
1764707483,,,http://kuh5nj4q.rostelekom.xyz/iptv/UHV96TYYWXKAZY/6264/index.m3u8,79
1764707486,,,http://kuh5nj4q.rostelekom.xyz/iptv/UHV96TYYWXKAZY/6263/index.m3u8,79
1764707491,,,http://kuh5nj4q.rostelekom.xyz/iptv/UHV96TYYWXKAZY/6262/index.m3u8,79
1764707494,,,http://kuh5nj4q.rostelekom.xyz/iptv/UHV96TYYWXKAZY/6261/index.m3u8,79
1764707497,,,http://kuh5nj4q.rostelekom.xyz/iptv/UHV96TYYWXKAZY/6260/index.m3u8,79
1764707501,,,http://kuh5nj4q.rostelekom.xyz/iptv/UHV96TYYWXKAZY/6259/index.m3u8,79
1764707506,,,http://kuh5nj4q.rostelekom.xyz/iptv/UHV96TYYWXKAZY/6258/index.m3u8,79
1764707510,,,http://kuh5nj4q.rostelekom.xyz/iptv/UHV96TYYWXKAZY/6257/index.m3u8,79
1764707513,,,http://kuh5nj4q.rostelekom.xyz/iptv/UHV96TYYWXKAZY/6256/index.m3u8,79
1764707526,,,http://kuh5nj4q.rostelekom.xyz/iptv/UHV96TYYWXKAZY/6255/index.m3u8,79
1764707534,,,http://kuh5nj4q.rostelekom.xyz/iptv/UHV96TYYWXKAZY/6253/index.m3u8,79
1764707536,,,http://kuh5nj4q.rostelekom.xyz/iptv/UHV96TYYWXKAZY/6252/index.m3u8,79
1764707538,,,http://kuh5nj4q.rostelekom.xyz/iptv/UHV96TYYWXKAZY/6251/index.m3u8,79
1764707541,,,http://kuh5nj4q.rostelekom.xyz/iptv/UHV96TYYWXKAZY/6250/index.m3u8,79
1764707543,,,http://kuh5nj4q.rostelekom.xyz/iptv/UHV96TYYWXKAZY/6249/index.m3u8,79
1764707546,,,http://kuh5nj4q.rostelekom.xyz/iptv/UHV96TYYWXKAZY/6248/index.m3u8,79
1764707555,,,http://kuh5nj4q.rostelekom.xyz/iptv/UHV96TYYWXKAZY/6247/index.m3u8,79
1764707557,,,http://kuh5nj4q.rostelekom.xyz/iptv/UHV96TYYWXKAZY/6246/index.m3u8,79
1764707559,,,http://kuh5nj4q.rostelekom.xyz/iptv/UHV96TYYWXKAZY/6245/index.m3u8,79
1764707605,,,http://kuh5nj4q.rostelekom.xyz/iptv/UHV96TYYWXKAZY/6244/index.m3u8,79
1764707607,,,http://kuh5nj4q.rostelekom.xyz/iptv/UHV96TYYWXKAZY/6243/index.m3u8,79
1764707610,,,http://kuh5nj4q.rostelekom.xyz/iptv/UHV96TYYWXKAZY/6242/index.m3u8,79
1764707613,,,http://kuh5nj4q.rostelekom.xyz/iptv/UHV96TYYWXKAZY/6241/index.m3u8,79
1764707615,,,http://kuh5nj4q.rostelekom.xyz/iptv/UHV96TYYWXKAZY/6240/index.m3u8,79
1764707617,,,http://kuh5nj4q.rostelekom.xyz/iptv/UHV96TYYWXKAZY/6238/index.m3u8,79
1764788851,13,Nubiles TV HD,http://kuh5nj4q.rostelekom.xyz/iptv/UHV96TYYWXKAZY/6238/index.m3u8,94
1764788981,13,Pink Erotic 3,http://kuh5nj4q.rostelekom.xyz/iptv/UHV96TYYWXKAZY/6240/index.m3u8,94
1764788985,13,Pink Erotic 4,http://kuh5nj4q.rostelekom.xyz/iptv/UHV96TYYWXKAZY/6241/index.m3u8,94
1764788990,13,Pink Erotic 3,http://kuh5nj4q.rostelekom.xyz/iptv/UHV96TYYWXKAZY/6240/index.m3u8,94
1764788992,13,Nubiles TV HD,http://kuh5nj4q.rostelekom.xyz/iptv/UHV96TYYWXKAZY/6238/index.m3u8,94
1764789004,15,Naughty America,http://kuh5nj4q.rostelekom.xyz/iptv/UHV96TYYWXKAZY/6237/index.m3u8,96
1764789008,10,MYLF TV HD,http://kuh5nj4q.rostelekom.xyz/iptv/UHV96TYYWXKAZY/6236/index.m3u8,91
1764789029,11,Red TV Milf,http://kuh5nj4q.rostelekom.xyz/iptv/UHV96TYYWXKAZY/6234/index.m3u8,92
1764789032,9,MetArt HD,http://kuh5nj4q.rostelekom.xyz/iptv/UHV96TYYWXKAZY/6233/index.m3u8,89
1764789357,11,Lust Cinema,http://kuh5nj4q.rostelekom.xyz/iptv/UHV96TYYWXKAZY/6232/index.m3u8,92
1764789362,16,Red TV Live Cams,http://kuh5nj4q.rostelekom.xyz/iptv/UHV96TYYWXKAZY/6231/index.m3u8,97
1764789365,16,Little Asians HD,http://kuh5nj4q.rostelekom.xyz/iptv/UHV96TYYWXKAZY/6230/index.m3u8,97
1764789368,15,Lethal Hardcore,http://kuh5nj4q.rostelekom.xyz/iptv/UHV96TYYWXKAZY/6229/index.m3u8,96
1764789374,14,Red TV Lesbian,http://kuh5nj4q.rostelekom.xyz/iptv/UHV96TYYWXKAZY/6228/index.m3u8,95
1764789379,6,Lesbea,http://kuh5nj4q.rostelekom.xyz/iptv/UHV96TYYWXKAZY/6227/index.m3u8,86
1764789386,13,Red TV Latina,http://kuh5nj4q.rostelekom.xyz/iptv/UHV96TYYWXKAZY/6226/index.m3u8,94
1764789389,9,Japan HDV,http://kuh5nj4q.rostelekom.xyz/iptv/UHV96TYYWXKAZY/6225/index.m3u8,89
1764789396,18,Red TV Interracial,http://kuh5nj4q.rostelekom.xyz/iptv/UHV96TYYWXKAZY/6224/index.m3u8,99
1764789400,13,Hot Guys Fuck,http://kuh5nj4q.rostelekom.xyz/iptv/UHV96TYYWXKAZY/6223/index.m3u8,94
1764789405,12,Hot and Mean,http://kuh5nj4q.rostelekom.xyz/iptv/UHV96TYYWXKAZY/6222/index.m3u8,93
1764789594,5,Holed,http://kuh5nj4q.rostelekom.xyz/iptv/UHV96TYYWXKAZY/6221/index.m3u8,85
1764789596,12,Hitzefrei HD,http://kuh5nj4q.rostelekom.xyz/iptv/UHV96TYYWXKAZY/6220/index.m3u8,93
1764789602,15,Red TV Hardcore,http://kuh5nj4q.rostelekom.xyz/iptv/UHV96TYYWXKAZY/6219/index.m3u8,96
1764789607,6,Hard X,http://kuh5nj4q.rostelekom.xyz/iptv/UHV96TYYWXKAZY/6218/index.m3u8,86
1764789643,21,DDF Hands on Hardcore,http://kuh5nj4q.rostelekom.xyz/iptv/UHV96TYYWXKAZY/6217/index.m3u8,102
1764789647,8,Got MYLF,http://kuh5nj4q.rostelekom.xyz/iptv/UHV96TYYWXKAZY/6216/index.m3u8,88
1764789689,10,Red TV Gay,http://kuh5nj4q.rostelekom.xyz/iptv/UHV96TYYWXKAZY/6215/index.m3u8,91
1764789692,15,Red TV Gangbang,http://kuh5nj4q.rostelekom.xyz/iptv/UHV96TYYWXKAZY/6214/index.m3u8,96
1764789695,13,Red TV Fetish,http://kuh5nj4q.rostelekom.xyz/iptv/UHV96TYYWXKAZY/6213/index.m3u8,94
1764789699,6,FemJoy,http://kuh5nj4q.rostelekom.xyz/iptv/UHV96TYYWXKAZY/6212/index.m3u8,86
1764789702,18,Fap TV Compilation,http://kuh5nj4q.rostelekom.xyz/iptv/UHV96TYYWXKAZY/6208/index.m3u8,99
1764789705,12,Fake Taxi HD,http://kuh5nj4q.rostelekom.xyz/iptv/UHV96TYYWXKAZY/6202/index.m3u8,93
1764789707,14,Evolved Fights,http://kuh5nj4q.rostelekom.xyz/iptv/UHV96TYYWXKAZY/6200/index.m3u8,95
1764789710,13,Evil Angel HD,http://kuh5nj4q.rostelekom.xyz/iptv/UHV96TYYWXKAZY/6199/index.m3u8,94
1764789712,11,Porn Angels,http://kuh5nj4q.rostelekom.xyz/iptv/UHV96TYYWXKAZY/6198/index.m3u8,92
1764789716,11,Dorcel Club,http://kuh5nj4q.rostelekom.xyz/iptv/UHV96TYYWXKAZY/6197/index.m3u8,92
1764789718,21,Digital Playground HD,http://kuh5nj4q.rostelekom.xyz/iptv/UHV96TYYWXKAZY/6196/index.m3u8,102
1764789721,17,Digital Desire HD,http://kuh5nj4q.rostelekom.xyz/iptv/UHV96TYYWXKAZY/6195/index.m3u8,98
1764789723,11,DDF Network,http://kuh5nj4q.rostelekom.xyz/iptv/UHV96TYYWXKAZY/6194/index.m3u8,92
1764789733,9,DDF Busty,http://kuh5nj4q.rostelekom.xyz/iptv/UHV96TYYWXKAZY/6193/index.m3u8,89
1764789735,19,Day with a Pornstar,http://kuh5nj4q.rostelekom.xyz/iptv/UHV96TYYWXKAZY/6192/index.m3u8,100
1764789737,13,Daughter Swap,http://kuh5nj4q.rostelekom.xyz/iptv/UHV96TYYWXKAZY/6191/index.m3u8,94
1764789741,10,Cum Louder,http://kuh5nj4q.rostelekom.xyz/iptv/UHV96TYYWXKAZY/6189/index.m3u8,91
1764790483,14,Red TV Cuckold,http://kuh5nj4q.rostelekom.xyz/iptv/UHV96TYYWXKAZY/6188/index.m3u8,95
1764790486,18,Red TV Compilation,http://kuh5nj4q.rostelekom.xyz/iptv/UHV96TYYWXKAZY/6187/index.m3u8,99
1764790489,19,Club Sweethearts HD,http://kuh5nj4q.rostelekom.xyz/iptv/UHV96TYYWXKAZY/6186/index.m3u8,100
1764790493,12,Cherry Pimps,http://kuh5nj4q.rostelekom.xyz/iptv/UHV96TYYWXKAZY/6185/index.m3u8,93
1764790496,15,Red TV Brunette,http://kuh5nj4q.rostelekom.xyz/iptv/UHV96TYYWXKAZY/6183/index.m3u8,96
1764790500,11,Brazzers HD,http://kuh5nj4q.rostelekom.xyz/iptv/UHV96TYYWXKAZY/6182/index.m3u8,92
1764790503,15,Brazzers eXXtra,http://kuh5nj4q.rostelekom.xyz/iptv/UHV96TYYWXKAZY/6181/index.m3u8,96
1764790506,14,Red TV Blowjob,http://kuh5nj4q.rostelekom.xyz/iptv/UHV96TYYWXKAZY/6180/index.m3u8,95
1764790509,10,Blacked HD,http://kuh5nj4q.rostelekom.xyz/iptv/UHV96TYYWXKAZY/6178/index.m3u8,91
1764790513,15,Red TV Big Tits,http://kuh5nj4q.rostelekom.xyz/iptv/UHV96TYYWXKAZY/6177/index.m3u8,96
1764790517,15,Red TV Big Dick,http://kuh5nj4q.rostelekom.xyz/iptv/UHV96TYYWXKAZY/6176/index.m3u8,96
1764790520,14,Red TV Big Ass,http://kuh5nj4q.rostelekom.xyz/iptv/UHV96TYYWXKAZY/6175/index.m3u8,95
1764790523,5,Bang!,http://kuh5nj4q.rostelekom.xyz/iptv/UHV96TYYWXKAZY/6174/index.m3u8,85
1764791170,12,Bang Bros HD,http://kuh5nj4q.rostelekom.xyz/iptv/UHV96TYYWXKAZY/6173/index.m3u8,93
1764791173,5,Babes,http://kuh5nj4q.rostelekom.xyz/iptv/UHV96TYYWXKAZY/6172/index.m3u8,85
1764791178,12,Babes.com HD,http://kuh5nj4q.rostelekom.xyz/iptv/UHV96TYYWXKAZY/6171/index.m3u8,93
1764791181,11,Analized HD,http://kuh5nj4q.rostelekom.xyz/iptv/UHV96TYYWXKAZY/6168/index.m3u8,92
1764791185,11,Red TV Anal,http://kuh5nj4q.rostelekom.xyz/iptv/UHV96TYYWXKAZY/6167/index.m3u8,92
1764791188,10,Adult Time,http://kuh5nj4q.rostelekom.xyz/iptv/UHV96TYYWXKAZY/6166/index.m3u8,91
1764791192,9,SexArt HD,http://kuh5nj4q.rostelekom.xyz/iptv/UHV96TYYWXKAZY/6165/index.m3u8,89
1764791195,9,Eroxxx HD,http://kuh5nj4q.rostelekom.xyz/iptv/UHV96TYYWXKAZY/5015/index.m3u8,89
1764791209,18,Extasy Platinum 4K,http://kuh5nj4q.rostelekom.xyz/iptv/UHV96TYYWXKAZY/5014/index.m3u8,99
1764791215,24,Penthouse Reality TV FHD,http://kuh5nj4q.rostelekom.xyz/iptv/UHV96TYYWXKAZY/5013/index.m3u8,105
1764791220,23,Penthouse Reality TV HD,http://kuh5nj4q.rostelekom.xyz/iptv/UHV96TYYWXKAZY/5012/index.m3u8,104
1764791232,17,Penthouse Gold HD,http://kuh5nj4q.rostelekom.xyz/iptv/UHV96TYYWXKAZY/5011/index.m3u8,98
1764791235,20,Penthouse Passion HD,http://kuh5nj4q.rostelekom.xyz/iptv/UHV96TYYWXKAZY/5010/index.m3u8,101
1764791238,3,XXL,http://kuh5nj4q.rostelekom.xyz/iptv/UHV96TYYWXKAZY/5009/index.m3u8,83
1764792037,12,Exxxotica HD,http://kuh5nj4q.rostelekom.xyz/iptv/UHV96TYYWXKAZY/2397/index.m3u8,93
1764792049,12,Vivid Red HD,http://kuh5nj4q.rostelekom.xyz/iptv/UHV96TYYWXKAZY/2162/index.m3u8,93
1764792056,8,Babes TV,http://kuh5nj4q.rostelekom.xyz/iptv/UHV96TYYWXKAZY/2161/index.m3u8,88
1764792092,12,Dorcel TV HD,http://kuh5nj4q.rostelekom.xyz/iptv/UHV96TYYWXKAZY/245/index.m3u8,92
1764792103,10,Hustler HD,http://kuh5nj4q.rostelekom.xyz/iptv/UHV96TYYWXKAZY/244/index.m3u8,90
1764792120,10,Private TV,http://kuh5nj4q.rostelekom.xyz/iptv/UHV96TYYWXKAZY/243/index.m3u8,90
1764792124,11,Redlight HD,http://kuh5nj4q.rostelekom.xyz/iptv/UHV96TYYWXKAZY/242/index.m3u8,91
1764792128,12,Blue Hustler,http://kuh5nj4q.rostelekom.xyz/iptv/UHV96TYYWXKAZY/1064/index.m3u8,93
1764792132,31,Brazzers TV Europe Россия,http://kuh5nj4q.rostelekom.xyz/iptv/UHV96TYYWXKAZY/910/index.m3u8,111
1764792136,23,Русская Ночь,http://kuh5nj4q.rostelekom.xyz/iptv/UHV96TYYWXKAZY/147/index.m3u8,103
1764792138,11,Eromania 4K,http://kuh5nj4q.rostelekom.xyz/iptv/UHV96TYYWXKAZY/10049/index.m3u8,93
1764792145,7,Playboy,http://kuh5nj4q.rostelekom.xyz/iptv/UHV96TYYWXKAZY/527/index.m3u8,86
1764792148,23,VF Граиндхаус,http://kuh5nj4q.rostelekom.xyz/iptv/UHV96TYYWXKAZY/14158/index.m3u8,105
1764792163,13,Nubiles TV HD,http://kuh5nj4q.rostelekom.xyz/iptv/UHV96TYYWXKAZY/6238/index.m3u8,94
1764792670,13,Pink Erotic 3,http://kuh5nj4q.rostelekom.xyz/iptv/UHV96TYYWXKAZY/6240/index.m3u8,94
1764792674,13,Pink Erotic 4,http://kuh5nj4q.rostelekom.xyz/iptv/UHV96TYYWXKAZY/6241/index.m3u8,94
1764792678,15,Red TV Pornstar,http://kuh5nj4q.rostelekom.xyz/iptv/UHV96TYYWXKAZY/6243/index.m3u8,96
1764792682,10,Red TV POV,http://kuh5nj4q.rostelekom.xyz/iptv/UHV96TYYWXKAZY/6244/index.m3u8,91
1764792685,14,Private.com HD,http://kuh5nj4q.rostelekom.xyz/iptv/UHV96TYYWXKAZY/6245/index.m3u8,95
1764792694,12,Public Agent,http://kuh5nj4q.rostelekom.xyz/iptv/UHV96TYYWXKAZY/6246/index.m3u8,93
1764792702,16,Reality Kings HD,http://kuh5nj4q.rostelekom.xyz/iptv/UHV96TYYWXKAZY/6247/index.m3u8,97
1764792797,8,RK Prime,http://kuh5nj4q.rostelekom.xyz/iptv/UHV96TYYWXKAZY/6248/index.m3u8,88
1764792799,5,RK TV,http://kuh5nj4q.rostelekom.xyz/iptv/UHV96TYYWXKAZY/6249/index.m3u8,85
1764792802,12,Red TV Rough,http://kuh5nj4q.rostelekom.xyz/iptv/UHV96TYYWXKAZY/6250/index.m3u8,93
1764792806,14,Red TV Russian,http://kuh5nj4q.rostelekom.xyz/iptv/UHV96TYYWXKAZY/6251/index.m3u8,95
1764792808,16,Sex With Muslims,http://kuh5nj4q.rostelekom.xyz/iptv/UHV96TYYWXKAZY/6252/index.m3u8,97
1764792811,6,SexArt,http://kuh5nj4q.rostelekom.xyz/iptv/UHV96TYYWXKAZY/6253/index.m3u8,86
1764792813,10,SINematica,http://kuh5nj4q.rostelekom.xyz/iptv/UHV96TYYWXKAZY/6255/index.m3u8,91
1764792816,11,Red TV Teen,http://kuh5nj4q.rostelekom.xyz/iptv/UHV96TYYWXKAZY/6256/index.m3u8,92
1764792821,16,Red TV Threesome,http://kuh5nj4q.rostelekom.xyz/iptv/UHV96TYYWXKAZY/6257/index.m3u8,97
1764792826,6,Tiny4K,http://kuh5nj4q.rostelekom.xyz/iptv/UHV96TYYWXKAZY/6258/index.m3u8,86
1764792917,12,Trans Angels,http://kuh5nj4q.rostelekom.xyz/iptv/UHV96TYYWXKAZY/6259/index.m3u8,93
1764792920,13,True Amateurs,http://kuh5nj4q.rostelekom.xyz/iptv/UHV96TYYWXKAZY/6260/index.m3u8,94
1764792923,8,Tushy HD,http://kuh5nj4q.rostelekom.xyz/iptv/UHV96TYYWXKAZY/6261/index.m3u8,88
1764792936,12,Tushy RAW HD,http://kuh5nj4q.rostelekom.xyz/iptv/UHV96TYYWXKAZY/6262/index.m3u8,93
1764792944,10,Visit-X TV,http://kuh5nj4q.rostelekom.xyz/iptv/UHV96TYYWXKAZY/6263/index.m3u8,91
1764792953,15,Vivid TV Europe,http://kuh5nj4q.rostelekom.xyz/iptv/UHV96TYYWXKAZY/6264/index.m3u8,96
1764792966,8,Vixen HD,http://kuh5nj4q.rostelekom.xyz/iptv/UHV96TYYWXKAZY/6265/index.m3u8,88
1764793550,16,We Live Together,http://kuh5nj4q.rostelekom.xyz/iptv/UHV96TYYWXKAZY/6266/index.m3u8,97
1764793621,11,White Boxxx,http://kuh5nj4q.rostelekom.xyz/iptv/UHV96TYYWXKAZY/6267/index.m3u8,92
1764793625,6,Wicked,http://kuh5nj4q.rostelekom.xyz/iptv/UHV96TYYWXKAZY/6268/index.m3u8,86
1764793632,10,Xpanded TV,http://kuh5nj4q.rostelekom.xyz/iptv/UHV96TYYWXKAZY/6269/index.m3u8,91
1764793636,13,Balkan Erotic,http://kuh5nj4q.rostelekom.xyz/iptv/UHV96TYYWXKAZY/6270/index.m3u8,94
1764793644,8,Red Lips,http://kuh5nj4q.rostelekom.xyz/iptv/UHV96TYYWXKAZY/6271/index.m3u8,88
1764793646,9,Leo TV HD,http://kuh5nj4q.rostelekom.xyz/iptv/UHV96TYYWXKAZY/6272/index.m3u8,89
1764793651,3,HOT,http://kuh5nj4q.rostelekom.xyz/iptv/UHV96TYYWXKAZY/6275/index.m3u8,83
1764793654,12,Hot Pleasure,http://kuh5nj4q.rostelekom.xyz/iptv/UHV96TYYWXKAZY/6277/index.m3u8,93
1764793656,7,Red XXX,http://kuh5nj4q.rostelekom.xyz/iptv/UHV96TYYWXKAZY/6281/index.m3u8,87
1764793678,8,Sexy Hot,http://kuh5nj4q.rostelekom.xyz/iptv/UHV96TYYWXKAZY/6282/index.m3u8,88
1764793697,5,Venus,http://kuh5nj4q.rostelekom.xyz/iptv/UHV96TYYWXKAZY/6284/index.m3u8,85
1764793703,4,X-MO,http://kuh5nj4q.rostelekom.xyz/iptv/UHV96TYYWXKAZY/6285/index.m3u8,84
1764793707,9,XY Max HD,http://kuh5nj4q.rostelekom.xyz/iptv/UHV96TYYWXKAZY/6286/index.m3u8,89
1764793752,9,XY Mix HD,http://kuh5nj4q.rostelekom.xyz/iptv/UHV96TYYWXKAZY/6287/index.m3u8,89
1764793757,10,XY Plus HD,http://kuh5nj4q.rostelekom.xyz/iptv/UHV96TYYWXKAZY/6288/index.m3u8,91
1764793765,13,Pink Erotic 1,http://kuh5nj4q.rostelekom.xyz/iptv/UHV96TYYWXKAZY/6289/index.m3u8,94
1764793768,13,Pink Erotic 2,http://kuh5nj4q.rostelekom.xyz/iptv/UHV96TYYWXKAZY/6290/index.m3u8,94
1764793777,13,Pink Erotic 3,http://kuh5nj4q.rostelekom.xyz/iptv/UHV96TYYWXKAZY/6291/index.m3u8,94
1764793779,13,Pink Erotic 4,http://kuh5nj4q.rostelekom.xyz/iptv/UHV96TYYWXKAZY/6292/index.m3u8,94
1764793783,7,Erox HD,http://kuh5nj4q.rostelekom.xyz/iptv/UHV96TYYWXKAZY/6296/index.m3u8,87
1764793786,11,SuperOne HD,http://kuh5nj4q.rostelekom.xyz/iptv/UHV96TYYWXKAZY/6298/index.m3u8,92
1764793791,17,Dorcel TV HD orig,http://kuh5nj4q.rostelekom.xyz/iptv/UHV96TYYWXKAZY/9064/index.m3u8,98
1764793800,15,Hustler HD orig,http://kuh5nj4q.rostelekom.xyz/iptv/UHV96TYYWXKAZY/9065/index.m3u8,96
1764793804,16,Redlight HD orig,http://kuh5nj4q.rostelekom.xyz/iptv/UHV96TYYWXKAZY/9066/index.m3u8,97
1764793819,28,Русская Ночь orig,http://kuh5nj4q.rostelekom.xyz/iptv/UHV96TYYWXKAZY/9344/index.m3u8,109
1764793823,17,Exxxotica HD orig,http://kuh5nj4q.rostelekom.xyz/iptv/UHV96TYYWXKAZY/9346/index.m3u8,98
1764793827,12,Shot TV orig,http://kuh5nj4q.rostelekom.xyz/iptv/UHV96TYYWXKAZY/9347/index.m3u8,93
1764793830,17,StrahTV Extasy HD,http://kuh5nj4q.rostelekom.xyz/iptv/UHV96TYYWXKAZY/11051/index.m3u8,99
1764793850,15,StrahTV KinoXXX,http://kuh5nj4q.rostelekom.xyz/iptv/UHV96TYYWXKAZY/11052/index.m3u8,97
1764793865,20,StrahTV Ох-Ах HD,http://kuh5nj4q.rostelekom.xyz/iptv/UHV96TYYWXKAZY/11068/index.m3u8,102
1764793941,14,VF Cartoon 18+,http://kuh5nj4q.rostelekom.xyz/iptv/UHV96TYYWXKAZY/11117/index.m3u8,96
1764793946,10,Alba XXX 1,http://kuh5nj4q.rostelekom.xyz/iptv/UHV96TYYWXKAZY/12106/index.m3u8,92
1764793987,9,Exotic 4k,http://kuh5nj4q.rostelekom.xyz/iptv/UHV96TYYWXKAZY/12107/index.m3u8,90
1764793994,19,Euro Girls On Girls,http://kuh5nj4q.rostelekom.xyz/iptv/UHV96TYYWXKAZY/12108/index.m3u8,101
1764794003,9,Erotica X,http://kuh5nj4q.rostelekom.xyz/iptv/UHV96TYYWXKAZY/12109/index.m3u8,90
1764794006,12,Erotic Spice,http://kuh5nj4q.rostelekom.xyz/iptv/UHV96TYYWXKAZY/12110/index.m3u8,94
1764794008,11,DP Fanatics,http://kuh5nj4q.rostelekom.xyz/iptv/UHV96TYYWXKAZY/12111/index.m3u8,93
1764794018,21,Brazzers TV Europe HD,http://kuh5nj4q.rostelekom.xyz/iptv/UHV96TYYWXKAZY/12113/index.m3u8,103
1764794022,8,SuperOne,http://kuh5nj4q.rostelekom.xyz/iptv/UHV96TYYWXKAZY/12121/index.m3u8,89
1764794026,16,Dirty Wives Club,http://kuh5nj4q.rostelekom.xyz/iptv/UHV96TYYWXKAZY/12122/index.m3u8,98
1764794036,12,French Lover,http://kuh5nj4q.rostelekom.xyz/iptv/UHV96TYYWXKAZY/12124/index.m3u8,94
1764794040,18,Meiden Van Holland,http://kuh5nj4q.rostelekom.xyz/iptv/UHV96TYYWXKAZY/12125/index.m3u8,100
1764794068,22,StrahTV Ню Арт HD,http://kuh5nj4q.rostelekom.xyz/iptv/UHV96TYYWXKAZY/31716/index.m3u8,104
1764794080,13,Nubiles TV HD,http://kuh5nj4q.rostelekom.xyz/iptv/UHV96TYYWXKAZY/6238/index.m3u8,94
1764794261,15,Naughty America,http://kuh5nj4q.rostelekom.xyz/iptv/UHV96TYYWXKAZY/6237/index.m3u8,96
1764795086,13,Nubiles TV HD,http://kuh5nj4q.rostelekom.xyz/iptv/UHV96TYYWXKAZY/6238/index.m3u8,94
1764910179,,,/mnt/game/Recording/Converter/Караоке/С днем рождения/AI/Лети, лети, не бойся высот.mkv,140
1764910365,,,/mnt/game/Recording/Converter/Караоке/С днем рождения/AI/Песня День рождения Насти1.mkv,142
1764910530,,,/mnt/game/Recording/Converter/Караоке/С днем рождения/AI/С днем варенья.mkv,120
1764910640,,,/mnt/game/Recording/Converter/Караоке/С днем рождения/AI/Торт и свечи.mkv,116
1764910832,,,/mnt/game/Recording/Converter/Караоке/С днем рождения/AI/Утро встало свет зажег Именная.mkv,150
1764911113,,,/mnt/game/Recording/Converter/Караоке/С днем рождения/AI/Цвети, цвети, как роза в саду.mkv,145
1764911430,,,/mnt/game/Recording/Converter/Караоке/С днем рождения/AI/Дуэт/1Анастасия, ты как весна со словами.mkv,166
1764911775,,,/mnt/game/Recording/Converter/Караоке/С днем рождения/AI/Дуэт/1С днем рождения, Анастасия, Счастья, радости, любви без края со словами.mkv,232
1764912089,,,/mnt/game/Recording/Converter/Караоке/С днем рождения/AI/Дуэт/Мы зашли к тебе на праздник, Анастасия со словами.mkv,192
1764912404,,,/mnt/game/Recording/Converter/Караоке/С днем рождения/AI/Дуэт/Пусть в этот день все краски ярче Анастасия со словами.mkv,202
1764912690,,,/mnt/game/Recording/Converter/Караоке/С днем рождения/AI/Дуэт/Раз, два, три, четыре, пять со словами.mkv,169
1764912965,,,/mnt/game/Recording/Converter/Караоке/С днем рождения/AI/Дуэт/Сегодня твой день, лови момент со словами.mkv,178
1764913296,,,/mnt/game/Recording/Converter/Караоке/С днем рождения/AI/Дуэт/Ты как дискотечный шар со словами.mkv,164
1764913476,,,/mnt/game/Recording/Converter/Караоке/С днем рождения/AI/Дуэт/Ты как дискотечный шар.mkv,144
1764913477,,,/mnt/game/Recording/Converter/Караоке/С днем рождения/AI/Дуэт/Яркий вечер, радость в глазах со словами.mkv,176
1764913618,,,/mnt/game/Recording/Converter/Караоке/С днем рождения/AI/Дуэт/Яркий вечер, радость в глазах со словами.mkv,176
1764913927,,,/mnt/game/Recording/Converter/Караоке/01/Один/Юрий шатунов - Белые розы.mp4,119
1764914147,,,/mnt/game/Recording/Converter/Караоке/Юрий Шатунов - От белых роз (remix).mkv,118
1764914298,,,/mnt/game/Recording/Converter/Караоке/Cенатор – Эй, диск-жокей.mp4,105
1764914575,,,/mnt/game/Recording/Converter/Караоке/Рома Жуков - Начинаем танцевать.mkv,119
1764914832,,,/mnt/game/Recording/Converter/Караоке/Рома Жуков - Музыка.mkv,96
1764915009,,,/mnt/game/Recording/Converter/Караоке/Виктор Королёв -  Стервочка.mkv,111
1764915181,,,/mnt/windows/Users/Safe/Downloads/1Виктор МОГИЛАТОВ (проект SEVENROSE) - МАМА.mp4,119
1764915463,,,/mnt/windows/Users/Safe/Downloads/1Могилатов В. - Волчица.mp4,91
1764915730,,,/mnt/windows/Users/Safe/Downloads/1Аркадиас - Художник.mp4,87
1764915890,,,/mnt/windows/Users/Safe/Downloads/Sevenrose - Чёрная Смородина.mp4,94
1764916146,,,/mnt/game/Recording/Converter/Караоке/Ляпис Трубецкой - Ау.mp4,98
1764916285,,,/mnt/game/Recording/Converter/Караоке/Наутилус Помпилиус - Я хочу быть с тобой.mp4,134
1765223867,,,/mnt/game/Recording/Converter/Караоке/С днем рождения/AI/С днем рождения Анастасия для Никиты.mkv,161
1765253923,,,/mnt/game/Recording/Converter/Караоке/С днем рождения/AI/Лети, лети, не бойся высот.mkv,140
1765254138,,,/mnt/game/Recording/Converter/Караоке/С днем рождения/AI/Песня День рождения Насти1.mkv,142
1765254574,,,/mnt/game/Recording/Converter/Караоке/С днем рождения/AI/С днем варенья.mkv,120
1765254825,,,/mnt/game/Recording/Converter/Караоке/С днем рождения/AI/Торт и свечи.mkv,116
1765255145,,,/mnt/game/Recording/Converter/Караоке/С днем рождения/AI/Утро встало свет зажег Именная.mkv,150
1765255350,,,/mnt/game/Recording/Converter/Караоке/С днем рождения/AI/Цвети, цвети, как роза в саду.mkv,145
1765258029,,,/mnt/game/Recording/Converter/Караоке/Арамис - Школьница.mkv,95
1765258291,,,/mnt/game/Recording/Converter/Караоке/Cенатор – Эй, диск-жокей.mp4,105
1765258476,,,/mnt/game/Recording/Converter/Караоке/Наутилус Помпилиус - Я хочу быть с тобой.mp4,134
1765258722,,,/mnt/game/Recording/Converter/Караоке/Юрий Шатунов - От белых роз (remix).mkv,118
1765258869,,,/mnt/game/Recording/Converter/Караоке/Eng on Rus/Modern Talking - You're My Heart, You're My Soul на русском.mp4,141
1765259024,,,/mnt/game/Recording/Converter/Караоке/С днем рождения/AI/Цвети, цвети, как роза в саду.mkv,145
1765259115,,,/mnt/game/Recording/Converter/Караоке/С днем рождения/AI/Лети, лети, не бойся высот.mkv,140
1765259202,,,/mnt/game/Recording/Converter/Караоке/С днем рождения/AI/Песня День рождения Насти1.mkv,142
1765259358,,,/mnt/game/Recording/Converter/Караоке/С днем рождения/AI/С днем варенья.mkv,120
1765259464,,,/mnt/game/Recording/Converter/Караоке/С днем рождения/AI/Торт и свечи.mkv,116
1765259551,,,/mnt/game/Recording/Converter/Караоке/С днем рождения/AI/Дуэт/Мы зашли к тебе на праздник, Анастасия.mkv,172
1765259686,,,/mnt/windows/Users/Safe/Downloads/Сергей Пискун - Твои глаза.mp4,98
1765259802,,,/mnt/game/Recording/Converter/Караоке/С днем рождения/AI/Дуэт/Пусть в этот день все краски ярче Анастасия.mkv,182
1765259936,,,/mnt/game/Recording/Converter/Караоке/С днем рождения/AI/Дуэт/Раз, два, три, четыре, пять.mkv,149
1765260111,,,/mnt/game/Recording/Converter/Караоке/С днем рождения/AI/Дуэт/Сегодня твой день, лови момент.mkv,158
1765260264,,,/mnt/game/Recording/Converter/Караоке/С днем рождения/AI/Дуэт/Яркий вечер, радость в глазах.mkv,156
1765260381,,,/mnt/game/Recording/Converter/Караоке/С днем рождения/AI/Дуэт/Ты как дискотечный шар.mkv,144
1765260481,,,/mnt/windows/Users/Safe/Downloads/1Могилатов В. - Волчица.mp4,91
1765260655,,,/mnt/game/Recording/Converter/Караоке/01/Один/Ласковый Май - Гудбай Бэби.mkv,121
1765260765,,,/mnt/game/Recording/Converter/Караоке/01/Один/Ирина Аллегрова - Цветы без повода.mp4,136
1765261079,,,/mnt/game/Recording/Converter/Караоке/01/Один/Наутилус Помпилус - Гудбай Америка.mp4,137
1765261214,,,/mnt/game/Recording/Converter/Караоке/01/Один/Jazzdauren - Первая любовь.mp4,112
1765742702,23,VF Граиндхаус,http://kuh5nj4q.rostelekom.xyz/iptv/84MD5WFVXTFVBY/14158/index.m3u8,105
1765742716,7,Playboy,http://kuh5nj4q.rostelekom.xyz/iptv/84MD5WFVXTFVBY/527/index.m3u8,86
1765742724,11,Eromania 4K,http://kuh5nj4q.rostelekom.xyz/iptv/84MD5WFVXTFVBY/10049/index.m3u8,93
1765742736,,,http://kuh5nj4q.rostelekom.xyz/iptv/84MD5WFVXTFVBY/10049/index.m3u8,80
1765742752,,,http://kuh5nj4q.rostelekom.xyz/iptv/84MD5WFVXTFVBY/10049/index.m3u8,80
1765742760,,,http://kuh5nj4q.rostelekom.xyz/iptv/84MD5WFVXTFVBY/147/index.m3u8,78
1765742765,,,http://kuh5nj4q.rostelekom.xyz/iptv/84MD5WFVXTFVBY/910/index.m3u8,78
1765742768,,,http://kuh5nj4q.rostelekom.xyz/iptv/84MD5WFVXTFVBY/1064/index.m3u8,79
1765742775,,,http://kuh5nj4q.rostelekom.xyz/iptv/84MD5WFVXTFVBY/242/index.m3u8,78
1765742780,,,http://kuh5nj4q.rostelekom.xyz/iptv/84MD5WFVXTFVBY/243/index.m3u8,78
1766476538,23,VF Граиндхаус,http://kuh5nj4q.rostelekom.xyz/iptv/L2V5UH7V8S27BG/14158/index.m3u8,105
1766476543,7,Playboy,http://kuh5nj4q.rostelekom.xyz/iptv/L2V5UH7V8S27BG/527/index.m3u8,86
1766476545,11,Eromania 4K,http://kuh5nj4q.rostelekom.xyz/iptv/L2V5UH7V8S27BG/10049/index.m3u8,93
1766476546,23,Русская Ночь,http://kuh5nj4q.rostelekom.xyz/iptv/L2V5UH7V8S27BG/147/index.m3u8,103
1766476548,31,Brazzers TV Europe Россия,http://kuh5nj4q.rostelekom.xyz/iptv/L2V5UH7V8S27BG/910/index.m3u8,111
1766476550,12,Blue Hustler,http://kuh5nj4q.rostelekom.xyz/iptv/L2V5UH7V8S27BG/1064/index.m3u8,93
1766476552,11,Redlight HD,http://kuh5nj4q.rostelekom.xyz/iptv/L2V5UH7V8S27BG/242/index.m3u8,91
1766476554,10,Private TV,http://kuh5nj4q.rostelekom.xyz/iptv/L2V5UH7V8S27BG/243/index.m3u8,90
1766476557,10,Hustler HD,http://kuh5nj4q.rostelekom.xyz/iptv/L2V5UH7V8S27BG/244/index.m3u8,90
1766521844,10,Hustler HD,http://kuh5nj4q.rostelekom.xyz/iptv/L2V5UH7V8S27BG/244/index.m3u8,90
1766521847,12,Dorcel TV HD,http://kuh5nj4q.rostelekom.xyz/iptv/L2V5UH7V8S27BG/245/index.m3u8,92
1766521850,8,Babes TV,http://kuh5nj4q.rostelekom.xyz/iptv/L2V5UH7V8S27BG/2161/index.m3u8,88
1766521853,12,Vivid Red HD,http://kuh5nj4q.rostelekom.xyz/iptv/L2V5UH7V8S27BG/2162/index.m3u8,93
1766521856,12,Exxxotica HD,http://kuh5nj4q.rostelekom.xyz/iptv/L2V5UH7V8S27BG/2397/index.m3u8,93
1766521858,3,XXL,http://kuh5nj4q.rostelekom.xyz/iptv/L2V5UH7V8S27BG/5009/index.m3u8,83
1766521860,20,Penthouse Passion HD,http://kuh5nj4q.rostelekom.xyz/iptv/L2V5UH7V8S27BG/5010/index.m3u8,101
1766566003,20,Penthouse Passion HD,http://kuh5nj4q.rostelekom.xyz/iptv/L2V5UH7V8S27BG/5010/index.m3u8,101
1766566017,3,XXL,http://kuh5nj4q.rostelekom.xyz/iptv/L2V5UH7V8S27BG/5009/index.m3u8,83
1766566020,20,Penthouse Passion HD,http://kuh5nj4q.rostelekom.xyz/iptv/L2V5UH7V8S27BG/5010/index.m3u8,101
1766566022,17,Penthouse Gold HD,http://kuh5nj4q.rostelekom.xyz/iptv/L2V5UH7V8S27BG/5011/index.m3u8,98
1766566027,23,Penthouse Reality TV HD,http://kuh5nj4q.rostelekom.xyz/iptv/L2V5UH7V8S27BG/5012/index.m3u8,104
1766566030,24,Penthouse Reality TV FHD,http://kuh5nj4q.rostelekom.xyz/iptv/L2V5UH7V8S27BG/5013/index.m3u8,105
1766566033,18,Extasy Platinum 4K,http://kuh5nj4q.rostelekom.xyz/iptv/L2V5UH7V8S27BG/5014/index.m3u8,99
1766566038,9,Eroxxx HD,http://kuh5nj4q.rostelekom.xyz/iptv/L2V5UH7V8S27BG/5015/index.m3u8,89
1766566040,9,SexArt HD,http://kuh5nj4q.rostelekom.xyz/iptv/L2V5UH7V8S27BG/6165/index.m3u8,89
1766566078,10,Adult Time,http://kuh5nj4q.rostelekom.xyz/iptv/L2V5UH7V8S27BG/6166/index.m3u8,91
1766566083,11,Red TV Anal,http://kuh5nj4q.rostelekom.xyz/iptv/L2V5UH7V8S27BG/6167/index.m3u8,92
1766566087,11,Analized HD,http://kuh5nj4q.rostelekom.xyz/iptv/L2V5UH7V8S27BG/6168/index.m3u8,92
1766566092,12,Babes.com HD,http://kuh5nj4q.rostelekom.xyz/iptv/L2V5UH7V8S27BG/6171/index.m3u8,93
1766566099,5,Babes,http://kuh5nj4q.rostelekom.xyz/iptv/L2V5UH7V8S27BG/6172/index.m3u8,85
1766566100,12,Bang Bros HD,http://kuh5nj4q.rostelekom.xyz/iptv/L2V5UH7V8S27BG/6173/index.m3u8,93
1766566103,5,Bang!,http://kuh5nj4q.rostelekom.xyz/iptv/L2V5UH7V8S27BG/6174/index.m3u8,85
1766566141,14,Red TV Big Ass,http://kuh5nj4q.rostelekom.xyz/iptv/L2V5UH7V8S27BG/6175/index.m3u8,95
1766566144,15,Red TV Big Dick,http://kuh5nj4q.rostelekom.xyz/iptv/L2V5UH7V8S27BG/6176/index.m3u8,96
1766566146,15,Red TV Big Tits,http://kuh5nj4q.rostelekom.xyz/iptv/L2V5UH7V8S27BG/6177/index.m3u8,96
1766566149,10,Blacked HD,http://kuh5nj4q.rostelekom.xyz/iptv/L2V5UH7V8S27BG/6178/index.m3u8,91
1766598907,10,Blacked HD,http://kuh5nj4q.rostelekom.xyz/iptv/L2V5UH7V8S27BG/6178/index.m3u8,91
1766598912,14,Red TV Blowjob,http://kuh5nj4q.rostelekom.xyz/iptv/L2V5UH7V8S27BG/6180/index.m3u8,95
1766598914,15,Brazzers eXXtra,http://kuh5nj4q.rostelekom.xyz/iptv/L2V5UH7V8S27BG/6181/index.m3u8,96
1766598917,11,Brazzers HD,http://kuh5nj4q.rostelekom.xyz/iptv/L2V5UH7V8S27BG/6182/index.m3u8,92
1766598919,15,Red TV Brunette,http://kuh5nj4q.rostelekom.xyz/iptv/L2V5UH7V8S27BG/6183/index.m3u8,96
1766598921,12,Cherry Pimps,http://kuh5nj4q.rostelekom.xyz/iptv/L2V5UH7V8S27BG/6185/index.m3u8,93
1766598927,19,Club Sweethearts HD,http://kuh5nj4q.rostelekom.xyz/iptv/L2V5UH7V8S27BG/6186/index.m3u8,100
1766598929,18,Red TV Compilation,http://kuh5nj4q.rostelekom.xyz/iptv/L2V5UH7V8S27BG/6187/index.m3u8,99
1766598931,14,Red TV Cuckold,http://kuh5nj4q.rostelekom.xyz/iptv/L2V5UH7V8S27BG/6188/index.m3u8,95
1766598933,10,Cum Louder,http://kuh5nj4q.rostelekom.xyz/iptv/L2V5UH7V8S27BG/6189/index.m3u8,91
1766598938,13,Daughter Swap,http://kuh5nj4q.rostelekom.xyz/iptv/L2V5UH7V8S27BG/6191/index.m3u8,94
1766598941,19,Day with a Pornstar,http://kuh5nj4q.rostelekom.xyz/iptv/L2V5UH7V8S27BG/6192/index.m3u8,100
1766598943,9,DDF Busty,http://kuh5nj4q.rostelekom.xyz/iptv/L2V5UH7V8S27BG/6193/index.m3u8,89
1766599513,24,Sky Sports News HD 50 UK,http://kuh5nj4q.rostelekom.xyz/iptv/84MD5WFVXTFVBY/9314/index.m3u8,105
1766599540,10,Hustler HD,http://kuh5nj4q.rostelekom.xyz/iptv/84MD5WFVXTFVBY/244/index.m3u8,90
1766599562,,,http://kuh5nj4q.rostelekom.xyz/iptv/84MD5WFVXTFVBY/244/index.m3u8,78
1766599568,,,http://kuh5nj4q.rostelekom.xyz/iptv/84MD5WFVXTFVBY/245/index.m3u8,78
1766599571,,,http://kuh5nj4q.rostelekom.xyz/iptv/84MD5WFVXTFVBY/2161/index.m3u8,79
1766599574,,,http://kuh5nj4q.rostelekom.xyz/iptv/84MD5WFVXTFVBY/2162/index.m3u8,79
1766599576,,,http://kuh5nj4q.rostelekom.xyz/iptv/84MD5WFVXTFVBY/2397/index.m3u8,79
1766599578,,,http://kuh5nj4q.rostelekom.xyz/iptv/84MD5WFVXTFVBY/5009/index.m3u8,79
1766599581,,,http://kuh5nj4q.rostelekom.xyz/iptv/84MD5WFVXTFVBY/5010/index.m3u8,79
1766599584,,,http://kuh5nj4q.rostelekom.xyz/iptv/84MD5WFVXTFVBY/5011/index.m3u8,79
1766599586,,,http://kuh5nj4q.rostelekom.xyz/iptv/84MD5WFVXTFVBY/5012/index.m3u8,79
1766599589,,,http://kuh5nj4q.rostelekom.xyz/iptv/84MD5WFVXTFVBY/5013/index.m3u8,79
1766599593,,,http://kuh5nj4q.rostelekom.xyz/iptv/84MD5WFVXTFVBY/5014/index.m3u8,79
1766607116,24,Sky Sports News HD 50 UK,http://kuh5nj4q.rostelekom.xyz/iptv/84MD5WFVXTFVBY/9314/index.m3u8,105
1766607137,9,SexArt HD,http://kuh5nj4q.rostelekom.xyz/iptv/84MD5WFVXTFVBY/6165/index.m3u8,89
1766607152,10,Adult Time,http://kuh5nj4q.rostelekom.xyz/iptv/84MD5WFVXTFVBY/6166/index.m3u8,91
1766607155,11,Red TV Anal,http://kuh5nj4q.rostelekom.xyz/iptv/84MD5WFVXTFVBY/6167/index.m3u8,92
1766607161,11,Analized HD,http://kuh5nj4q.rostelekom.xyz/iptv/84MD5WFVXTFVBY/6168/index.m3u8,92
1766607163,12,Babes.com HD,http://kuh5nj4q.rostelekom.xyz/iptv/84MD5WFVXTFVBY/6171/index.m3u8,93
1766607166,5,Babes,http://kuh5nj4q.rostelekom.xyz/iptv/84MD5WFVXTFVBY/6172/index.m3u8,85
1766607168,12,Bang Bros HD,http://kuh5nj4q.rostelekom.xyz/iptv/84MD5WFVXTFVBY/6173/index.m3u8,93
1766607171,5,Bang!,http://kuh5nj4q.rostelekom.xyz/iptv/84MD5WFVXTFVBY/6174/index.m3u8,85
1766607199,14,Red TV Big Ass,http://kuh5nj4q.rostelekom.xyz/iptv/84MD5WFVXTFVBY/6175/index.m3u8,95
1766607202,15,Red TV Big Dick,http://kuh5nj4q.rostelekom.xyz/iptv/84MD5WFVXTFVBY/6176/index.m3u8,96
1766607204,15,Red TV Big Tits,http://kuh5nj4q.rostelekom.xyz/iptv/84MD5WFVXTFVBY/6177/index.m3u8,96
1766607208,10,Blacked HD,http://kuh5nj4q.rostelekom.xyz/iptv/84MD5WFVXTFVBY/6178/index.m3u8,91
1766607211,14,Red TV Blowjob,http://kuh5nj4q.rostelekom.xyz/iptv/84MD5WFVXTFVBY/6180/index.m3u8,95
1766607214,15,Brazzers eXXtra,http://kuh5nj4q.rostelekom.xyz/iptv/84MD5WFVXTFVBY/6181/index.m3u8,96
1766607216,11,Brazzers HD,http://kuh5nj4q.rostelekom.xyz/iptv/84MD5WFVXTFVBY/6182/index.m3u8,92
1766607218,15,Red TV Brunette,http://kuh5nj4q.rostelekom.xyz/iptv/84MD5WFVXTFVBY/6183/index.m3u8,96
1766607221,12,Cherry Pimps,http://kuh5nj4q.rostelekom.xyz/iptv/84MD5WFVXTFVBY/6185/index.m3u8,93
1766607235,19,Club Sweethearts HD,http://kuh5nj4q.rostelekom.xyz/iptv/84MD5WFVXTFVBY/6186/index.m3u8,100
1766607248,18,Red TV Compilation,http://kuh5nj4q.rostelekom.xyz/iptv/84MD5WFVXTFVBY/6187/index.m3u8,99
1766607251,14,Red TV Cuckold,http://kuh5nj4q.rostelekom.xyz/iptv/84MD5WFVXTFVBY/6188/index.m3u8,95
1766607255,10,Cum Louder,http://kuh5nj4q.rostelekom.xyz/iptv/84MD5WFVXTFVBY/6189/index.m3u8,91
1766607263,13,Daughter Swap,http://kuh5nj4q.rostelekom.xyz/iptv/84MD5WFVXTFVBY/6191/index.m3u8,94
1766607267,19,Day with a Pornstar,http://kuh5nj4q.rostelekom.xyz/iptv/84MD5WFVXTFVBY/6192/index.m3u8,100
1766607270,9,DDF Busty,http://kuh5nj4q.rostelekom.xyz/iptv/84MD5WFVXTFVBY/6193/index.m3u8,89
1766607273,11,DDF Network,http://kuh5nj4q.rostelekom.xyz/iptv/84MD5WFVXTFVBY/6194/index.m3u8,92
1766607276,17,Digital Desire HD,http://kuh5nj4q.rostelekom.xyz/iptv/84MD5WFVXTFVBY/6195/index.m3u8,98
1766608276,24,Sky Sports News HD 50 UK,http://kuh5nj4q.rostelekom.xyz/iptv/84MD5WFVXTFVBY/9314/index.m3u8,105
1766608284,9,SexArt HD,http://kuh5nj4q.rostelekom.xyz/iptv/84MD5WFVXTFVBY/6165/index.m3u8,89
1766608288,10,Adult Time,http://kuh5nj4q.rostelekom.xyz/iptv/84MD5WFVXTFVBY/6166/index.m3u8,91
1766608291,11,Red TV Anal,http://kuh5nj4q.rostelekom.xyz/iptv/84MD5WFVXTFVBY/6167/index.m3u8,92
1766608294,11,Analized HD,http://kuh5nj4q.rostelekom.xyz/iptv/84MD5WFVXTFVBY/6168/index.m3u8,92
1766608296,12,Babes.com HD,http://kuh5nj4q.rostelekom.xyz/iptv/84MD5WFVXTFVBY/6171/index.m3u8,93
1766608299,5,Babes,http://kuh5nj4q.rostelekom.xyz/iptv/84MD5WFVXTFVBY/6172/index.m3u8,85
1766608302,12,Bang Bros HD,http://kuh5nj4q.rostelekom.xyz/iptv/84MD5WFVXTFVBY/6173/index.m3u8,93
1766608303,5,Bang!,http://kuh5nj4q.rostelekom.xyz/iptv/84MD5WFVXTFVBY/6174/index.m3u8,85
1766608307,14,Red TV Big Ass,http://kuh5nj4q.rostelekom.xyz/iptv/84MD5WFVXTFVBY/6175/index.m3u8,95
1766608309,15,Red TV Big Dick,http://kuh5nj4q.rostelekom.xyz/iptv/84MD5WFVXTFVBY/6176/index.m3u8,96
1766608312,15,Red TV Big Tits,http://kuh5nj4q.rostelekom.xyz/iptv/84MD5WFVXTFVBY/6177/index.m3u8,96
1766608314,10,Blacked HD,http://kuh5nj4q.rostelekom.xyz/iptv/84MD5WFVXTFVBY/6178/index.m3u8,91
1766608320,14,Red TV Blowjob,http://kuh5nj4q.rostelekom.xyz/iptv/84MD5WFVXTFVBY/6180/index.m3u8,95
1766608324,15,Brazzers eXXtra,http://kuh5nj4q.rostelekom.xyz/iptv/84MD5WFVXTFVBY/6181/index.m3u8,96
1766608327,11,Brazzers HD,http://kuh5nj4q.rostelekom.xyz/iptv/84MD5WFVXTFVBY/6182/index.m3u8,92
1766608331,15,Red TV Brunette,http://kuh5nj4q.rostelekom.xyz/iptv/84MD5WFVXTFVBY/6183/index.m3u8,96
1766608333,12,Cherry Pimps,http://kuh5nj4q.rostelekom.xyz/iptv/84MD5WFVXTFVBY/6185/index.m3u8,93
1766608336,19,Club Sweethearts HD,http://kuh5nj4q.rostelekom.xyz/iptv/84MD5WFVXTFVBY/6186/index.m3u8,100
1766608339,18,Red TV Compilation,http://kuh5nj4q.rostelekom.xyz/iptv/84MD5WFVXTFVBY/6187/index.m3u8,99
1766608341,14,Red TV Cuckold,http://kuh5nj4q.rostelekom.xyz/iptv/84MD5WFVXTFVBY/6188/index.m3u8,95
1766608346,10,Cum Louder,http://kuh5nj4q.rostelekom.xyz/iptv/84MD5WFVXTFVBY/6189/index.m3u8,91
1766608348,13,Daughter Swap,http://kuh5nj4q.rostelekom.xyz/iptv/84MD5WFVXTFVBY/6191/index.m3u8,94
1766608351,19,Day with a Pornstar,http://kuh5nj4q.rostelekom.xyz/iptv/84MD5WFVXTFVBY/6192/index.m3u8,100
1766608354,9,DDF Busty,http://kuh5nj4q.rostelekom.xyz/iptv/84MD5WFVXTFVBY/6193/index.m3u8,89
1766608357,11,DDF Network,http://kuh5nj4q.rostelekom.xyz/iptv/84MD5WFVXTFVBY/6194/index.m3u8,92
1766608384,17,Digital Desire HD,http://kuh5nj4q.rostelekom.xyz/iptv/84MD5WFVXTFVBY/6195/index.m3u8,98
1766608389,21,Digital Playground HD,http://kuh5nj4q.rostelekom.xyz/iptv/84MD5WFVXTFVBY/6196/index.m3u8,102
1766608392,11,Dorcel Club,http://kuh5nj4q.rostelekom.xyz/iptv/84MD5WFVXTFVBY/6197/index.m3u8,92
1766608403,11,Porn Angels,http://kuh5nj4q.rostelekom.xyz/iptv/84MD5WFVXTFVBY/6198/index.m3u8,92
1766608406,13,Evil Angel HD,http://kuh5nj4q.rostelekom.xyz/iptv/84MD5WFVXTFVBY/6199/index.m3u8,94
1766608409,14,Evolved Fights,http://kuh5nj4q.rostelekom.xyz/iptv/84MD5WFVXTFVBY/6200/index.m3u8,95
1766608412,12,Fake Taxi HD,http://kuh5nj4q.rostelekom.xyz/iptv/84MD5WFVXTFVBY/6202/index.m3u8,93
1766608448,18,Fap TV Compilation,http://kuh5nj4q.rostelekom.xyz/iptv/84MD5WFVXTFVBY/6208/index.m3u8,99
1766608456,6,FemJoy,http://kuh5nj4q.rostelekom.xyz/iptv/84MD5WFVXTFVBY/6212/index.m3u8,86
1766608499,13,Red TV Fetish,http://kuh5nj4q.rostelekom.xyz/iptv/84MD5WFVXTFVBY/6213/index.m3u8,94
1766608503,15,Red TV Gangbang,http://kuh5nj4q.rostelekom.xyz/iptv/84MD5WFVXTFVBY/6214/index.m3u8,96
1766608507,10,Red TV Gay,http://kuh5nj4q.rostelekom.xyz/iptv/84MD5WFVXTFVBY/6215/index.m3u8,91
1766608509,8,Got MYLF,http://kuh5nj4q.rostelekom.xyz/iptv/84MD5WFVXTFVBY/6216/index.m3u8,88
1766608514,21,DDF Hands on Hardcore,http://kuh5nj4q.rostelekom.xyz/iptv/84MD5WFVXTFVBY/6217/index.m3u8,102
1766608517,6,Hard X,http://kuh5nj4q.rostelekom.xyz/iptv/84MD5WFVXTFVBY/6218/index.m3u8,86
1766608520,15,Red TV Hardcore,http://kuh5nj4q.rostelekom.xyz/iptv/84MD5WFVXTFVBY/6219/index.m3u8,96
1766608523,12,Hitzefrei HD,http://kuh5nj4q.rostelekom.xyz/iptv/84MD5WFVXTFVBY/6220/index.m3u8,93
1766608526,5,Holed,http://kuh5nj4q.rostelekom.xyz/iptv/84MD5WFVXTFVBY/6221/index.m3u8,85
1766608529,12,Hot and Mean,http://kuh5nj4q.rostelekom.xyz/iptv/84MD5WFVXTFVBY/6222/index.m3u8,93
1766608533,13,Hot Guys Fuck,http://kuh5nj4q.rostelekom.xyz/iptv/84MD5WFVXTFVBY/6223/index.m3u8,94
1766608536,18,Red TV Interracial,http://kuh5nj4q.rostelekom.xyz/iptv/84MD5WFVXTFVBY/6224/index.m3u8,99
1766608539,9,Japan HDV,http://kuh5nj4q.rostelekom.xyz/iptv/84MD5WFVXTFVBY/6225/index.m3u8,89
1766608543,13,Red TV Latina,http://kuh5nj4q.rostelekom.xyz/iptv/84MD5WFVXTFVBY/6226/index.m3u8,94
1766608546,6,Lesbea,http://kuh5nj4q.rostelekom.xyz/iptv/84MD5WFVXTFVBY/6227/index.m3u8,86
1766608550,14,Red TV Lesbian,http://kuh5nj4q.rostelekom.xyz/iptv/84MD5WFVXTFVBY/6228/index.m3u8,95
1766608553,15,Lethal Hardcore,http://kuh5nj4q.rostelekom.xyz/iptv/84MD5WFVXTFVBY/6229/index.m3u8,96
1766608556,16,Little Asians HD,http://kuh5nj4q.rostelekom.xyz/iptv/84MD5WFVXTFVBY/6230/index.m3u8,97
1766608561,16,Red TV Live Cams,http://kuh5nj4q.rostelekom.xyz/iptv/84MD5WFVXTFVBY/6231/index.m3u8,97
1766608563,11,Lust Cinema,http://kuh5nj4q.rostelekom.xyz/iptv/84MD5WFVXTFVBY/6232/index.m3u8,92
1766608566,9,MetArt HD,http://kuh5nj4q.rostelekom.xyz/iptv/84MD5WFVXTFVBY/6233/index.m3u8,89
1766608568,11,Red TV Milf,http://kuh5nj4q.rostelekom.xyz/iptv/84MD5WFVXTFVBY/6234/index.m3u8,92
1766608572,16,Monsters of Cock,http://kuh5nj4q.rostelekom.xyz/iptv/84MD5WFVXTFVBY/6235/index.m3u8,97
1766608579,10,MYLF TV HD,http://kuh5nj4q.rostelekom.xyz/iptv/84MD5WFVXTFVBY/6236/index.m3u8,91
1766608582,15,Naughty America,http://kuh5nj4q.rostelekom.xyz/iptv/84MD5WFVXTFVBY/6237/index.m3u8,96
1766608595,13,Nubiles TV HD,http://kuh5nj4q.rostelekom.xyz/iptv/84MD5WFVXTFVBY/6238/index.m3u8,94
1766608601,13,Pink Erotic 3,http://kuh5nj4q.rostelekom.xyz/iptv/84MD5WFVXTFVBY/6240/index.m3u8,94
1766608605,13,Pink Erotic 4,http://kuh5nj4q.rostelekom.xyz/iptv/84MD5WFVXTFVBY/6241/index.m3u8,94
1766608608,12,Playboy Plus,http://kuh5nj4q.rostelekom.xyz/iptv/84MD5WFVXTFVBY/6242/index.m3u8,93
1766608611,15,Red TV Pornstar,http://kuh5nj4q.rostelekom.xyz/iptv/84MD5WFVXTFVBY/6243/index.m3u8,96
1766608613,10,Red TV POV,http://kuh5nj4q.rostelekom.xyz/iptv/84MD5WFVXTFVBY/6244/index.m3u8,91
1766608618,14,Private.com HD,http://kuh5nj4q.rostelekom.xyz/iptv/84MD5WFVXTFVBY/6245/index.m3u8,95
1766608621,12,Public Agent,http://kuh5nj4q.rostelekom.xyz/iptv/84MD5WFVXTFVBY/6246/index.m3u8,93
1766608624,16,Reality Kings HD,http://kuh5nj4q.rostelekom.xyz/iptv/84MD5WFVXTFVBY/6247/index.m3u8,97
1766608626,8,RK Prime,http://kuh5nj4q.rostelekom.xyz/iptv/84MD5WFVXTFVBY/6248/index.m3u8,88
1766608628,5,RK TV,http://kuh5nj4q.rostelekom.xyz/iptv/84MD5WFVXTFVBY/6249/index.m3u8,85
1766608633,12,Red TV Rough,http://kuh5nj4q.rostelekom.xyz/iptv/84MD5WFVXTFVBY/6250/index.m3u8,93
1766608635,14,Red TV Russian,http://kuh5nj4q.rostelekom.xyz/iptv/84MD5WFVXTFVBY/6251/index.m3u8,95
1766608639,16,Sex With Muslims,http://kuh5nj4q.rostelekom.xyz/iptv/84MD5WFVXTFVBY/6252/index.m3u8,97
1766608642,6,SexArt,http://kuh5nj4q.rostelekom.xyz/iptv/84MD5WFVXTFVBY/6253/index.m3u8,86
1766608644,10,SINematica,http://kuh5nj4q.rostelekom.xyz/iptv/84MD5WFVXTFVBY/6255/index.m3u8,91
1766608647,11,Red TV Teen,http://kuh5nj4q.rostelekom.xyz/iptv/84MD5WFVXTFVBY/6256/index.m3u8,92
1766608649,16,Red TV Threesome,http://kuh5nj4q.rostelekom.xyz/iptv/84MD5WFVXTFVBY/6257/index.m3u8,97
1766608651,6,Tiny4K,http://kuh5nj4q.rostelekom.xyz/iptv/84MD5WFVXTFVBY/6258/index.m3u8,86
1766608656,12,Trans Angels,http://kuh5nj4q.rostelekom.xyz/iptv/84MD5WFVXTFVBY/6259/index.m3u8,93
1766608659,13,True Amateurs,http://kuh5nj4q.rostelekom.xyz/iptv/84MD5WFVXTFVBY/6260/index.m3u8,94
1766608662,8,Tushy HD,http://kuh5nj4q.rostelekom.xyz/iptv/84MD5WFVXTFVBY/6261/index.m3u8,88
1766608664,12,Tushy RAW HD,http://kuh5nj4q.rostelekom.xyz/iptv/84MD5WFVXTFVBY/6262/index.m3u8,93
1766608667,10,Visit-X TV,http://kuh5nj4q.rostelekom.xyz/iptv/84MD5WFVXTFVBY/6263/index.m3u8,91
1766608669,15,Vivid TV Europe,http://kuh5nj4q.rostelekom.xyz/iptv/84MD5WFVXTFVBY/6264/index.m3u8,96
1766608672,8,Vixen HD,http://kuh5nj4q.rostelekom.xyz/iptv/84MD5WFVXTFVBY/6265/index.m3u8,88
1766651689,,,/mnt/game/Downloads/4k xxx/Bubble butt blonde Athena Fleurs bangs friend's brother after a bad breakup.mp4,119
1766668451,,,/mnt/game/Downloads/4k xxx/TOP/Please Fuck My Wifegush.please.fuck.my.wife.mp4,91
1766668497,,,/mnt/game/Downloads/4k xxx/Sexy Hotwife Stories 3gush.sexy.hotwife.stories.3.mp4,93
1766668573,,,/mnt/game/9999/555/1/4k/20250105_172307_3_prob4.mkv,64
1766668604,,,/mnt/sdd/`Наше Видео с кассеты 4k/2025.01.05 [4K] Новый год 2025.mkv,106
1766668620,,,/mnt/game/9999/555/1/4k/20250105_170748_1_prob4.mkv,64
1766668635,,,/mnt/game/9999/555/1/4k/20250105_171110_3_prob4.mkv,64
1766668647,,,/mnt/game/9999/555/1/4k/20250105_171619_1_prob4.mkv,64
1766670873,,,/mnt/game/16.1.2024_Windows10_Buckup/Safe/Downloads/VID_20240102_131046.mp4,88
1766670886,,,/mnt/game/16.1.2024_Windows10_Buckup/Safe/Downloads/VID_20240105_143004.mp4,88
1766670916,,,/mnt/game/16.1.2024_Windows10_Buckup/Safe/Downloads/VID_20240102_115737.mp4,88
1766670955,,,/mnt/game/16.1.2024_Windows10_Buckup/Safe/Downloads/VID_20240105_144321.mp4,88
1766670961,,,/mnt/game/16.1.2024_Windows10_Buckup/Safe/Downloads/VID_20240102_123018.mp4,88
1766670970,,,/mnt/game/16.1.2024_Windows10_Buckup/Safe/Downloads/20240105_191236.mp4,84
1766670973,,,/mnt/game/16.1.2024_Windows10_Buckup/Safe/Downloads/VID_20240105_140545.mp4,88
1766670990,,,/mnt/game/16.1.2024_Windows10_Buckup/Safe/Downloads/20240105_183006.mp4,84
1766670993,,,/mnt/game/16.1.2024_Windows10_Buckup/Safe/Downloads/20240105_180022.mp4,84
1766670996,,,/mnt/game/16.1.2024_Windows10_Buckup/Safe/Downloads/20240105_150326.mp4,84
1766670999,,,/mnt/game/16.1.2024_Windows10_Buckup/Safe/Downloads/20240105_190738.mp4,84
1766671006,,,/mnt/game/16.1.2024_Windows10_Buckup/Safe/Downloads/VID_20240105_143547.mp4,88
1766671014,,,/mnt/game/16.1.2024_Windows10_Buckup/Safe/Downloads/20240105_190211.mp4,84
1766671024,,,/mnt/game/16.1.2024_Windows10_Buckup/Safe/Downloads/20240105_180939.mp4,84
1766671027,,,/mnt/game/16.1.2024_Windows10_Buckup/Safe/Downloads/20240105_145013.mp4,84
1766671031,,,/mnt/game/16.1.2024_Windows10_Buckup/Safe/Downloads/20240105_184152.mp4,84
1766671040,,,/mnt/game/16.1.2024_Windows10_Buckup/Safe/Downloads/20240105_203021.mp4,84
1766671049,,,/mnt/game/16.1.2024_Windows10_Buckup/Safe/Downloads/20240105_145731.mp4,84
1766671055,,,/mnt/game/16.1.2024_Windows10_Buckup/Safe/Downloads/20240105_150134.mp4,84
1766671058,,,/mnt/game/16.1.2024_Windows10_Buckup/Safe/Downloads/20240105_194809.mp4,84
1766671063,,,/mnt/game/16.1.2024_Windows10_Buckup/Safe/Downloads/20240105_193356.mp4,84
1766671066,,,/mnt/game/16.1.2024_Windows10_Buckup/Safe/Downloads/20240105_144115.mp4,84
1766671074,,,/mnt/game/16.1.2024_Windows10_Buckup/Safe/Downloads/svfrom.net (2).mp4,83
1766671083,,,/mnt/game/16.1.2024_Windows10_Buckup/Safe/Downloads/20240105_140354.mp4,84
1766671106,,,/mnt/game/16.1.2024_Windows10_Buckup/Safe/Downloads/20240105_194019.mp4,84
1766671117,,,/mnt/game/16.1.2024_Windows10_Buckup/Safe/Downloads/20240105_151503.mp4,84
1766671124,,,/mnt/game/16.1.2024_Windows10_Buckup/Safe/Downloads/Y2mate.mx-Дети фристайла - Будет больно караоке.mp4,147
1766671156,,,/mnt/game/16.1.2024_Windows10_Buckup/Safe/Downloads/svfrom.net (1).mp4,83
1766671186,,,/mnt/game/16.1.2024_Windows10_Buckup/Safe/Downloads/20240105_202739.mp4,84
1766671240,,,/mnt/game/16.1.2024_Windows10_Buckup/Safe/Downloads/Новая папка (2)/20240105_202739_thm2_nyx2.mkv,120
1766671248,,,/mnt/game/16.1.2024_Windows10_Buckup/Safe/Downloads/Новая папка (2)/20240105_183006_thm2_nyx2.mkv,120
1766671259,,,/mnt/game/16.1.2024_Windows10_Buckup/Safe/Downloads/Новая папка (2)/Новая папка/Мое видео2-2_stab.mkv,142
1766671267,,,/mnt/game/16.1.2024_Windows10_Buckup/Safe/Downloads/Новая папка (2)/Новая папка (2)/20240105_140354_thm2_nyx2.mkv,146
1766688777,24,Sky Sports News HD 50 UK,http://kuh5nj4q.rostelekom.xyz/iptv/84MD5WFVXTFVBY/9314/index.m3u8,105
1766688784,9,SexArt HD,http://kuh5nj4q.rostelekom.xyz/iptv/84MD5WFVXTFVBY/6165/index.m3u8,89
1766688787,10,Adult Time,http://kuh5nj4q.rostelekom.xyz/iptv/84MD5WFVXTFVBY/6166/index.m3u8,91
1766688789,11,Red TV Anal,http://kuh5nj4q.rostelekom.xyz/iptv/84MD5WFVXTFVBY/6167/index.m3u8,92
1766688792,11,Analized HD,http://kuh5nj4q.rostelekom.xyz/iptv/84MD5WFVXTFVBY/6168/index.m3u8,92
1766688795,12,Babes.com HD,http://kuh5nj4q.rostelekom.xyz/iptv/84MD5WFVXTFVBY/6171/index.m3u8,93
1766688801,5,Babes,http://kuh5nj4q.rostelekom.xyz/iptv/84MD5WFVXTFVBY/6172/index.m3u8,85
1766688803,12,Bang Bros HD,http://kuh5nj4q.rostelekom.xyz/iptv/84MD5WFVXTFVBY/6173/index.m3u8,93
1766688806,5,Bang!,http://kuh5nj4q.rostelekom.xyz/iptv/84MD5WFVXTFVBY/6174/index.m3u8,85
1766688808,14,Red TV Big Ass,http://kuh5nj4q.rostelekom.xyz/iptv/84MD5WFVXTFVBY/6175/index.m3u8,95
1766688811,15,Red TV Big Dick,http://kuh5nj4q.rostelekom.xyz/iptv/84MD5WFVXTFVBY/6176/index.m3u8,96
1766688813,15,Red TV Big Tits,http://kuh5nj4q.rostelekom.xyz/iptv/84MD5WFVXTFVBY/6177/index.m3u8,96
1766688814,10,Blacked HD,http://kuh5nj4q.rostelekom.xyz/iptv/84MD5WFVXTFVBY/6178/index.m3u8,91
1766688818,14,Red TV Blowjob,http://kuh5nj4q.rostelekom.xyz/iptv/84MD5WFVXTFVBY/6180/index.m3u8,95
1766688828,15,Brazzers eXXtra,http://kuh5nj4q.rostelekom.xyz/iptv/84MD5WFVXTFVBY/6181/index.m3u8,96
1766688876,11,Brazzers HD,http://kuh5nj4q.rostelekom.xyz/iptv/84MD5WFVXTFVBY/6182/index.m3u8,92
1766688997,15,Red TV Brunette,http://kuh5nj4q.rostelekom.xyz/iptv/84MD5WFVXTFVBY/6183/index.m3u8,96
1766689000,12,Cherry Pimps,http://kuh5nj4q.rostelekom.xyz/iptv/84MD5WFVXTFVBY/6185/index.m3u8,93
1766689008,19,Club Sweethearts HD,http://kuh5nj4q.rostelekom.xyz/iptv/84MD5WFVXTFVBY/6186/index.m3u8,100
1766689011,18,Red TV Compilation,http://kuh5nj4q.rostelekom.xyz/iptv/84MD5WFVXTFVBY/6187/index.m3u8,99
1766689013,14,Red TV Cuckold,http://kuh5nj4q.rostelekom.xyz/iptv/84MD5WFVXTFVBY/6188/index.m3u8,95
1766689016,10,Cum Louder,http://kuh5nj4q.rostelekom.xyz/iptv/84MD5WFVXTFVBY/6189/index.m3u8,91
1766689021,13,Daughter Swap,http://kuh5nj4q.rostelekom.xyz/iptv/84MD5WFVXTFVBY/6191/index.m3u8,94
1766689024,19,Day with a Pornstar,http://kuh5nj4q.rostelekom.xyz/iptv/84MD5WFVXTFVBY/6192/index.m3u8,100
1766689030,9,DDF Busty,http://kuh5nj4q.rostelekom.xyz/iptv/84MD5WFVXTFVBY/6193/index.m3u8,89
1766689042,11,DDF Network,http://kuh5nj4q.rostelekom.xyz/iptv/84MD5WFVXTFVBY/6194/index.m3u8,92
1766689046,17,Digital Desire HD,http://kuh5nj4q.rostelekom.xyz/iptv/84MD5WFVXTFVBY/6195/index.m3u8,98
1766689048,21,Digital Playground HD,http://kuh5nj4q.rostelekom.xyz/iptv/84MD5WFVXTFVBY/6196/index.m3u8,102
1766689052,11,Dorcel Club,http://kuh5nj4q.rostelekom.xyz/iptv/84MD5WFVXTFVBY/6197/index.m3u8,92
1766689055,11,Porn Angels,http://kuh5nj4q.rostelekom.xyz/iptv/84MD5WFVXTFVBY/6198/index.m3u8,92
1766689057,13,Evil Angel HD,http://kuh5nj4q.rostelekom.xyz/iptv/84MD5WFVXTFVBY/6199/index.m3u8,94
1766689060,14,Evolved Fights,http://kuh5nj4q.rostelekom.xyz/iptv/84MD5WFVXTFVBY/6200/index.m3u8,95
1766689064,12,Fake Taxi HD,http://kuh5nj4q.rostelekom.xyz/iptv/84MD5WFVXTFVBY/6202/index.m3u8,93
1766689069,18,Fap TV Compilation,http://kuh5nj4q.rostelekom.xyz/iptv/84MD5WFVXTFVBY/6208/index.m3u8,99
1766689071,6,FemJoy,http://kuh5nj4q.rostelekom.xyz/iptv/84MD5WFVXTFVBY/6212/index.m3u8,86
1766689082,13,Red TV Fetish,http://kuh5nj4q.rostelekom.xyz/iptv/84MD5WFVXTFVBY/6213/index.m3u8,94
1766689083,15,Red TV Gangbang,http://kuh5nj4q.rostelekom.xyz/iptv/84MD5WFVXTFVBY/6214/index.m3u8,96
1766689093,10,Red TV Gay,http://kuh5nj4q.rostelekom.xyz/iptv/84MD5WFVXTFVBY/6215/index.m3u8,91
1766689096,8,Got MYLF,http://kuh5nj4q.rostelekom.xyz/iptv/84MD5WFVXTFVBY/6216/index.m3u8,88
1766689099,21,DDF Hands on Hardcore,http://kuh5nj4q.rostelekom.xyz/iptv/84MD5WFVXTFVBY/6217/index.m3u8,102
1766689158,,,http://kuh5nj4q.rostelekom.xyz/iptv/84MD5WFVXTFVBY/6217/index.m3u8,79
1766689161,,,http://kuh5nj4q.rostelekom.xyz/iptv/84MD5WFVXTFVBY/6218/index.m3u8,79
1766689163,,,http://kuh5nj4q.rostelekom.xyz/iptv/84MD5WFVXTFVBY/6219/index.m3u8,79
1766689165,,,http://kuh5nj4q.rostelekom.xyz/iptv/84MD5WFVXTFVBY/6220/index.m3u8,79
1766689231,,,http://kuh5nj4q.rostelekom.xyz/iptv/84MD5WFVXTFVBY/6221/index.m3u8,79
1766689233,,,http://kuh5nj4q.rostelekom.xyz/iptv/84MD5WFVXTFVBY/6222/index.m3u8,79
1766689288,,,http://kuh5nj4q.rostelekom.xyz/iptv/84MD5WFVXTFVBY/6222/index.m3u8,79
1766689290,,,http://kuh5nj4q.rostelekom.xyz/iptv/84MD5WFVXTFVBY/6223/index.m3u8,79
1766689333,,,http://kuh5nj4q.rostelekom.xyz/iptv/84MD5WFVXTFVBY/6224/index.m3u8,79
1766689336,,,http://kuh5nj4q.rostelekom.xyz/iptv/84MD5WFVXTFVBY/6225/index.m3u8,79
1766689339,,,http://kuh5nj4q.rostelekom.xyz/iptv/84MD5WFVXTFVBY/6226/index.m3u8,79
1766689355,,,http://kuh5nj4q.rostelekom.xyz/iptv/84MD5WFVXTFVBY/6227/index.m3u8,79
1766689359,,,http://kuh5nj4q.rostelekom.xyz/iptv/84MD5WFVXTFVBY/6228/index.m3u8,79
1766689363,,,http://kuh5nj4q.rostelekom.xyz/iptv/84MD5WFVXTFVBY/6229/index.m3u8,79
1766689367,,,http://kuh5nj4q.rostelekom.xyz/iptv/84MD5WFVXTFVBY/6230/index.m3u8,79
1766689429,,,http://kuh5nj4q.rostelekom.xyz/iptv/84MD5WFVXTFVBY/6231/index.m3u8,79
1766689433,,,http://kuh5nj4q.rostelekom.xyz/iptv/84MD5WFVXTFVBY/6232/index.m3u8,79
1766689436,,,http://kuh5nj4q.rostelekom.xyz/iptv/84MD5WFVXTFVBY/6233/index.m3u8,79
1766689564,,,http://kuh5nj4q.rostelekom.xyz/iptv/84MD5WFVXTFVBY/6234/index.m3u8,79
1766689567,,,http://kuh5nj4q.rostelekom.xyz/iptv/84MD5WFVXTFVBY/6235/index.m3u8,79
1766689569,,,http://kuh5nj4q.rostelekom.xyz/iptv/84MD5WFVXTFVBY/6236/index.m3u8,79
1766689574,,,http://kuh5nj4q.rostelekom.xyz/iptv/84MD5WFVXTFVBY/6237/index.m3u8,79
1766689576,,,http://kuh5nj4q.rostelekom.xyz/iptv/84MD5WFVXTFVBY/6238/index.m3u8,79
1766689578,,,http://kuh5nj4q.rostelekom.xyz/iptv/84MD5WFVXTFVBY/6240/index.m3u8,79
1766689581,,,http://kuh5nj4q.rostelekom.xyz/iptv/84MD5WFVXTFVBY/6241/index.m3u8,79
1766689583,,,http://kuh5nj4q.rostelekom.xyz/iptv/84MD5WFVXTFVBY/6242/index.m3u8,79
1766689587,,,http://kuh5nj4q.rostelekom.xyz/iptv/84MD5WFVXTFVBY/6243/index.m3u8,79
1766689590,,,http://kuh5nj4q.rostelekom.xyz/iptv/84MD5WFVXTFVBY/6244/index.m3u8,79
1766689593,,,http://kuh5nj4q.rostelekom.xyz/iptv/84MD5WFVXTFVBY/6245/index.m3u8,79
1766689597,,,http://kuh5nj4q.rostelekom.xyz/iptv/84MD5WFVXTFVBY/6246/index.m3u8,79
1766689600,,,http://kuh5nj4q.rostelekom.xyz/iptv/84MD5WFVXTFVBY/6247/index.m3u8,79
1766689731,,,http://kuh5nj4q.rostelekom.xyz/iptv/84MD5WFVXTFVBY/6248/index.m3u8,79
1766689737,,,http://kuh5nj4q.rostelekom.xyz/iptv/84MD5WFVXTFVBY/6249/index.m3u8,79
1766689836,,,http://kuh5nj4q.rostelekom.xyz/iptv/84MD5WFVXTFVBY/6253/index.m3u8,79
1766689843,,,http://kuh5nj4q.rostelekom.xyz/iptv/84MD5WFVXTFVBY/6255/index.m3u8,79
1766689847,,,http://kuh5nj4q.rostelekom.xyz/iptv/84MD5WFVXTFVBY/6256/index.m3u8,79
1766689850,,,http://kuh5nj4q.rostelekom.xyz/iptv/84MD5WFVXTFVBY/6257/index.m3u8,79
1766689856,,,http://kuh5nj4q.rostelekom.xyz/iptv/84MD5WFVXTFVBY/6258/index.m3u8,79
1766689868,,,http://kuh5nj4q.rostelekom.xyz/iptv/84MD5WFVXTFVBY/6259/index.m3u8,79
1766689879,,,http://kuh5nj4q.rostelekom.xyz/iptv/84MD5WFVXTFVBY/6260/index.m3u8,79
1766689882,,,http://kuh5nj4q.rostelekom.xyz/iptv/84MD5WFVXTFVBY/6261/index.m3u8,79
1766689889,,,http://kuh5nj4q.rostelekom.xyz/iptv/84MD5WFVXTFVBY/6262/index.m3u8,79
1766689909,,,http://kuh5nj4q.rostelekom.xyz/iptv/84MD5WFVXTFVBY/6263/index.m3u8,79
1766689918,,,http://kuh5nj4q.rostelekom.xyz/iptv/84MD5WFVXTFVBY/6264/index.m3u8,79
1766689920,,,http://kuh5nj4q.rostelekom.xyz/iptv/84MD5WFVXTFVBY/6265/index.m3u8,79
1766690321,,,http://kuh5nj4q.rostelekom.xyz/iptv/84MD5WFVXTFVBY/6267/index.m3u8,79
1766690328,,,http://kuh5nj4q.rostelekom.xyz/iptv/84MD5WFVXTFVBY/6268/index.m3u8,79
1766690340,,,http://kuh5nj4q.rostelekom.xyz/iptv/84MD5WFVXTFVBY/6269/index.m3u8,79
1766690343,,,http://kuh5nj4q.rostelekom.xyz/iptv/84MD5WFVXTFVBY/6270/index.m3u8,79
1766690347,,,http://kuh5nj4q.rostelekom.xyz/iptv/84MD5WFVXTFVBY/6271/index.m3u8,79
1766690350,,,http://kuh5nj4q.rostelekom.xyz/iptv/84MD5WFVXTFVBY/6272/index.m3u8,79
1766690353,,,http://kuh5nj4q.rostelekom.xyz/iptv/84MD5WFVXTFVBY/6275/index.m3u8,79
1766690355,,,http://kuh5nj4q.rostelekom.xyz/iptv/84MD5WFVXTFVBY/6277/index.m3u8,79
1766690357,,,http://kuh5nj4q.rostelekom.xyz/iptv/84MD5WFVXTFVBY/6281/index.m3u8,79
1766690359,,,http://kuh5nj4q.rostelekom.xyz/iptv/84MD5WFVXTFVBY/6282/index.m3u8,79
1766690360,,,http://kuh5nj4q.rostelekom.xyz/iptv/84MD5WFVXTFVBY/6284/index.m3u8,79
1766690362,,,http://kuh5nj4q.rostelekom.xyz/iptv/84MD5WFVXTFVBY/6285/index.m3u8,79
1766690364,,,http://kuh5nj4q.rostelekom.xyz/iptv/84MD5WFVXTFVBY/6286/index.m3u8,79
1766690366,,,http://kuh5nj4q.rostelekom.xyz/iptv/84MD5WFVXTFVBY/6287/index.m3u8,79
1766690368,,,http://kuh5nj4q.rostelekom.xyz/iptv/84MD5WFVXTFVBY/6288/index.m3u8,79
1766690369,,,http://kuh5nj4q.rostelekom.xyz/iptv/84MD5WFVXTFVBY/6289/index.m3u8,79
1766690530,,,http://kuh5nj4q.rostelekom.xyz/iptv/84MD5WFVXTFVBY/6290/index.m3u8,79
1766690532,,,http://kuh5nj4q.rostelekom.xyz/iptv/84MD5WFVXTFVBY/6291/index.m3u8,79
1766690534,,,http://kuh5nj4q.rostelekom.xyz/iptv/84MD5WFVXTFVBY/6292/index.m3u8,79
1766690536,,,http://kuh5nj4q.rostelekom.xyz/iptv/84MD5WFVXTFVBY/6293/index.m3u8,79
1766690538,,,http://kuh5nj4q.rostelekom.xyz/iptv/84MD5WFVXTFVBY/6294/index.m3u8,79
1766690540,,,http://kuh5nj4q.rostelekom.xyz/iptv/84MD5WFVXTFVBY/6295/index.m3u8,79
1766690542,,,http://kuh5nj4q.rostelekom.xyz/iptv/84MD5WFVXTFVBY/6296/index.m3u8,79
1766690544,,,http://kuh5nj4q.rostelekom.xyz/iptv/84MD5WFVXTFVBY/6298/index.m3u8,79
1766690546,,,http://kuh5nj4q.rostelekom.xyz/iptv/84MD5WFVXTFVBY/9064/index.m3u8,79
1766690550,,,http://kuh5nj4q.rostelekom.xyz/iptv/84MD5WFVXTFVBY/9065/index.m3u8,79
1766721083,9,DDF Busty,http://kuh5nj4q.rostelekom.xyz/iptv/L2V5UH7V8S27BG/6193/index.m3u8,89
1766721106,11,DDF Network,http://kuh5nj4q.rostelekom.xyz/iptv/L2V5UH7V8S27BG/6194/index.m3u8,92
1766721151,17,Digital Desire HD,http://kuh5nj4q.rostelekom.xyz/iptv/L2V5UH7V8S27BG/6195/index.m3u8,98
1766721162,21,Digital Playground HD,http://kuh5nj4q.rostelekom.xyz/iptv/L2V5UH7V8S27BG/6196/index.m3u8,102
1766721165,11,Dorcel Club,http://kuh5nj4q.rostelekom.xyz/iptv/L2V5UH7V8S27BG/6197/index.m3u8,92
1766721171,11,Porn Angels,http://kuh5nj4q.rostelekom.xyz/iptv/L2V5UH7V8S27BG/6198/index.m3u8,92
1766721175,13,Evil Angel HD,http://kuh5nj4q.rostelekom.xyz/iptv/L2V5UH7V8S27BG/6199/index.m3u8,94
1766721178,14,Evolved Fights,http://kuh5nj4q.rostelekom.xyz/iptv/L2V5UH7V8S27BG/6200/index.m3u8,95
1766721182,12,Fake Taxi HD,http://kuh5nj4q.rostelekom.xyz/iptv/L2V5UH7V8S27BG/6202/index.m3u8,93
1766721185,18,Fap TV Compilation,http://kuh5nj4q.rostelekom.xyz/iptv/L2V5UH7V8S27BG/6208/index.m3u8,99
1766721271,6,FemJoy,http://kuh5nj4q.rostelekom.xyz/iptv/L2V5UH7V8S27BG/6212/index.m3u8,86
1766721310,13,Red TV Fetish,http://kuh5nj4q.rostelekom.xyz/iptv/L2V5UH7V8S27BG/6213/index.m3u8,94
1766721312,15,Red TV Gangbang,http://kuh5nj4q.rostelekom.xyz/iptv/L2V5UH7V8S27BG/6214/index.m3u8,96
1766721316,10,Red TV Gay,http://kuh5nj4q.rostelekom.xyz/iptv/L2V5UH7V8S27BG/6215/index.m3u8,91
1766721317,8,Got MYLF,http://kuh5nj4q.rostelekom.xyz/iptv/L2V5UH7V8S27BG/6216/index.m3u8,88
1766721320,21,DDF Hands on Hardcore,http://kuh5nj4q.rostelekom.xyz/iptv/L2V5UH7V8S27BG/6217/index.m3u8,102
1766721324,6,Hard X,http://kuh5nj4q.rostelekom.xyz/iptv/L2V5UH7V8S27BG/6218/index.m3u8,86
1766721327,15,Red TV Hardcore,http://kuh5nj4q.rostelekom.xyz/iptv/L2V5UH7V8S27BG/6219/index.m3u8,96
1766721331,12,Hitzefrei HD,http://kuh5nj4q.rostelekom.xyz/iptv/L2V5UH7V8S27BG/6220/index.m3u8,93
1766721335,5,Holed,http://kuh5nj4q.rostelekom.xyz/iptv/L2V5UH7V8S27BG/6221/index.m3u8,85
1766721339,12,Hot and Mean,http://kuh5nj4q.rostelekom.xyz/iptv/L2V5UH7V8S27BG/6222/index.m3u8,93
1766721355,13,Hot Guys Fuck,http://kuh5nj4q.rostelekom.xyz/iptv/L2V5UH7V8S27BG/6223/index.m3u8,94
1766721407,,,http://kuh5nj4q.rostelekom.xyz/iptv/L2V5UH7V8S27BG/6223/index.m3u8,79
1766721415,,,http://kuh5nj4q.rostelekom.xyz/iptv/L2V5UH7V8S27BG/6224/index.m3u8,79
1766721418,,,http://kuh5nj4q.rostelekom.xyz/iptv/L2V5UH7V8S27BG/6225/index.m3u8,79
1766721420,,,http://kuh5nj4q.rostelekom.xyz/iptv/L2V5UH7V8S27BG/6226/index.m3u8,79
1766721424,,,http://kuh5nj4q.rostelekom.xyz/iptv/L2V5UH7V8S27BG/6227/index.m3u8,79
1766721426,,,http://kuh5nj4q.rostelekom.xyz/iptv/L2V5UH7V8S27BG/6228/index.m3u8,79
1766721429,,,http://kuh5nj4q.rostelekom.xyz/iptv/L2V5UH7V8S27BG/6229/index.m3u8,79
1766721443,,,http://kuh5nj4q.rostelekom.xyz/iptv/L2V5UH7V8S27BG/6230/index.m3u8,79
1766721446,,,http://kuh5nj4q.rostelekom.xyz/iptv/L2V5UH7V8S27BG/6231/index.m3u8,79
1766721452,,,http://kuh5nj4q.rostelekom.xyz/iptv/L2V5UH7V8S27BG/6232/index.m3u8,79
1766721455,,,http://kuh5nj4q.rostelekom.xyz/iptv/L2V5UH7V8S27BG/6233/index.m3u8,79
1766721462,,,http://kuh5nj4q.rostelekom.xyz/iptv/L2V5UH7V8S27BG/6234/index.m3u8,79
1766721465,,,http://kuh5nj4q.rostelekom.xyz/iptv/L2V5UH7V8S27BG/6235/index.m3u8,79
1766721469,,,http://kuh5nj4q.rostelekom.xyz/iptv/L2V5UH7V8S27BG/6236/index.m3u8,79
1766721472,,,http://kuh5nj4q.rostelekom.xyz/iptv/L2V5UH7V8S27BG/6237/index.m3u8,79
1766721486,,,http://kuh5nj4q.rostelekom.xyz/iptv/L2V5UH7V8S27BG/6238/index.m3u8,79
1766721545,,,http://kuh5nj4q.rostelekom.xyz/iptv/L2V5UH7V8S27BG/6238/index.m3u8,79
1766721549,,,http://kuh5nj4q.rostelekom.xyz/iptv/L2V5UH7V8S27BG/6240/index.m3u8,79
1766721552,,,http://kuh5nj4q.rostelekom.xyz/iptv/L2V5UH7V8S27BG/6241/index.m3u8,79
1766721555,,,http://kuh5nj4q.rostelekom.xyz/iptv/L2V5UH7V8S27BG/6242/index.m3u8,79
1766721558,,,http://kuh5nj4q.rostelekom.xyz/iptv/L2V5UH7V8S27BG/6243/index.m3u8,79
1766721561,,,http://kuh5nj4q.rostelekom.xyz/iptv/L2V5UH7V8S27BG/6244/index.m3u8,79
1766721563,,,http://kuh5nj4q.rostelekom.xyz/iptv/L2V5UH7V8S27BG/6245/index.m3u8,79
1766721571,,,http://kuh5nj4q.rostelekom.xyz/iptv/L2V5UH7V8S27BG/6246/index.m3u8,79
1766721574,,,http://kuh5nj4q.rostelekom.xyz/iptv/L2V5UH7V8S27BG/6245/index.m3u8,79
1766721584,,,http://kuh5nj4q.rostelekom.xyz/iptv/L2V5UH7V8S27BG/6246/index.m3u8,79
1766721586,,,http://kuh5nj4q.rostelekom.xyz/iptv/L2V5UH7V8S27BG/6247/index.m3u8,79
1766721589,,,http://kuh5nj4q.rostelekom.xyz/iptv/L2V5UH7V8S27BG/6248/index.m3u8,79
1766721592,,,http://kuh5nj4q.rostelekom.xyz/iptv/L2V5UH7V8S27BG/6249/index.m3u8,79
1766721603,,,http://kuh5nj4q.rostelekom.xyz/iptv/L2V5UH7V8S27BG/6250/index.m3u8,79
1766721605,,,http://kuh5nj4q.rostelekom.xyz/iptv/L2V5UH7V8S27BG/6251/index.m3u8,79
1766721607,,,http://kuh5nj4q.rostelekom.xyz/iptv/L2V5UH7V8S27BG/6252/index.m3u8,79
1766721609,,,http://kuh5nj4q.rostelekom.xyz/iptv/L2V5UH7V8S27BG/6253/index.m3u8,79
1766721619,,,http://kuh5nj4q.rostelekom.xyz/iptv/L2V5UH7V8S27BG/6255/index.m3u8,79
1766721622,,,http://kuh5nj4q.rostelekom.xyz/iptv/L2V5UH7V8S27BG/6256/index.m3u8,79
1766721625,,,http://kuh5nj4q.rostelekom.xyz/iptv/L2V5UH7V8S27BG/6257/index.m3u8,79
1766721632,,,http://kuh5nj4q.rostelekom.xyz/iptv/L2V5UH7V8S27BG/6258/index.m3u8,79
1766721637,,,http://kuh5nj4q.rostelekom.xyz/iptv/L2V5UH7V8S27BG/6259/index.m3u8,79
1766721643,,,http://kuh5nj4q.rostelekom.xyz/iptv/L2V5UH7V8S27BG/6260/index.m3u8,79
1766721666,,,http://kuh5nj4q.rostelekom.xyz/iptv/L2V5UH7V8S27BG/6261/index.m3u8,79
1766721684,,,http://kuh5nj4q.rostelekom.xyz/iptv/L2V5UH7V8S27BG/6262/index.m3u8,79
1766721701,,,http://kuh5nj4q.rostelekom.xyz/iptv/L2V5UH7V8S27BG/6263/index.m3u8,79
1766721705,,,http://kuh5nj4q.rostelekom.xyz/iptv/L2V5UH7V8S27BG/6264/index.m3u8,79
1766721721,,,http://kuh5nj4q.rostelekom.xyz/iptv/L2V5UH7V8S27BG/6265/index.m3u8,79
1766721751,,,http://kuh5nj4q.rostelekom.xyz/iptv/L2V5UH7V8S27BG/6266/index.m3u8,79
1766721754,,,http://kuh5nj4q.rostelekom.xyz/iptv/L2V5UH7V8S27BG/6267/index.m3u8,79
1766721878,,,http://kuh5nj4q.rostelekom.xyz/iptv/L2V5UH7V8S27BG/6268/index.m3u8,79
1766721939,,,http://kuh5nj4q.rostelekom.xyz/iptv/L2V5UH7V8S27BG/6269/index.m3u8,79
1766721944,,,http://kuh5nj4q.rostelekom.xyz/iptv/L2V5UH7V8S27BG/6270/index.m3u8,79
1766721955,,,http://kuh5nj4q.rostelekom.xyz/iptv/L2V5UH7V8S27BG/6271/index.m3u8,79
1766721963,,,http://kuh5nj4q.rostelekom.xyz/iptv/L2V5UH7V8S27BG/6272/index.m3u8,79
1766721971,,,http://kuh5nj4q.rostelekom.xyz/iptv/L2V5UH7V8S27BG/6275/index.m3u8,79
1766721975,,,http://kuh5nj4q.rostelekom.xyz/iptv/L2V5UH7V8S27BG/6277/index.m3u8,79
1766721987,,,http://kuh5nj4q.rostelekom.xyz/iptv/L2V5UH7V8S27BG/6281/index.m3u8,79
1766722007,,,http://kuh5nj4q.rostelekom.xyz/iptv/L2V5UH7V8S27BG/6282/index.m3u8,79
1766722014,,,http://kuh5nj4q.rostelekom.xyz/iptv/L2V5UH7V8S27BG/6284/index.m3u8,79
1766722016,,,http://kuh5nj4q.rostelekom.xyz/iptv/L2V5UH7V8S27BG/6285/index.m3u8,79
1766722019,,,http://kuh5nj4q.rostelekom.xyz/iptv/L2V5UH7V8S27BG/6286/index.m3u8,79
1766722022,,,http://kuh5nj4q.rostelekom.xyz/iptv/L2V5UH7V8S27BG/6287/index.m3u8,79
1766722034,,,http://kuh5nj4q.rostelekom.xyz/iptv/L2V5UH7V8S27BG/6288/index.m3u8,79
1766722039,,,http://kuh5nj4q.rostelekom.xyz/iptv/L2V5UH7V8S27BG/6289/index.m3u8,79
1766722050,,,http://kuh5nj4q.rostelekom.xyz/iptv/L2V5UH7V8S27BG/6290/index.m3u8,79
1766722071,,,http://kuh5nj4q.rostelekom.xyz/iptv/L2V5UH7V8S27BG/6291/index.m3u8,79
1766722151,,,http://kuh5nj4q.rostelekom.xyz/iptv/L2V5UH7V8S27BG/6292/index.m3u8,79
1766722162,,,http://kuh5nj4q.rostelekom.xyz/iptv/L2V5UH7V8S27BG/6293/index.m3u8,79
1766722169,,,http://kuh5nj4q.rostelekom.xyz/iptv/L2V5UH7V8S27BG/6294/index.m3u8,79
1766722212,,,http://kuh5nj4q.rostelekom.xyz/iptv/L2V5UH7V8S27BG/6295/index.m3u8,79
1766722215,,,http://kuh5nj4q.rostelekom.xyz/iptv/L2V5UH7V8S27BG/6296/index.m3u8,79
1766722230,,,http://kuh5nj4q.rostelekom.xyz/iptv/L2V5UH7V8S27BG/6298/index.m3u8,79
1766722293,,,http://kuh5nj4q.rostelekom.xyz/iptv/L2V5UH7V8S27BG/9064/index.m3u8,79
1766722296,,,http://kuh5nj4q.rostelekom.xyz/iptv/L2V5UH7V8S27BG/9065/index.m3u8,79
1766722299,,,http://kuh5nj4q.rostelekom.xyz/iptv/L2V5UH7V8S27BG/9066/index.m3u8,79
1766722303,,,http://kuh5nj4q.rostelekom.xyz/iptv/L2V5UH7V8S27BG/9344/index.m3u8,79
1766722307,,,http://kuh5nj4q.rostelekom.xyz/iptv/L2V5UH7V8S27BG/9346/index.m3u8,79
1766722315,,,http://kuh5nj4q.rostelekom.xyz/iptv/L2V5UH7V8S27BG/9347/index.m3u8,79
1766722321,,,http://kuh5nj4q.rostelekom.xyz/iptv/L2V5UH7V8S27BG/11051/index.m3u8,80
1766722324,,,http://kuh5nj4q.rostelekom.xyz/iptv/L2V5UH7V8S27BG/11052/index.m3u8,80
1766918630,15,StrahTV KinoXXX,http://kuh5nj4q.rostelekom.xyz/iptv/L2V5UH7V8S27BG/11052/index.m3u8,97
1766918635,20,StrahTV Ох-Ах HD,http://kuh5nj4q.rostelekom.xyz/iptv/L2V5UH7V8S27BG/11068/index.m3u8,102
1766918644,14,VF Cartoon 18+,http://kuh5nj4q.rostelekom.xyz/iptv/L2V5UH7V8S27BG/11117/index.m3u8,96
1766918648,10,Alba XXX 1,http://kuh5nj4q.rostelekom.xyz/iptv/L2V5UH7V8S27BG/12106/index.m3u8,92
1766918650,9,Exotic 4k,http://kuh5nj4q.rostelekom.xyz/iptv/L2V5UH7V8S27BG/12107/index.m3u8,90
1766918671,19,Euro Girls On Girls,http://kuh5nj4q.rostelekom.xyz/iptv/L2V5UH7V8S27BG/12108/index.m3u8,101
1766918682,9,Erotica X,http://kuh5nj4q.rostelekom.xyz/iptv/L2V5UH7V8S27BG/12109/index.m3u8,90
1766918689,12,Erotic Spice,http://kuh5nj4q.rostelekom.xyz/iptv/L2V5UH7V8S27BG/12110/index.m3u8,94
1766918691,11,DP Fanatics,http://kuh5nj4q.rostelekom.xyz/iptv/L2V5UH7V8S27BG/12111/index.m3u8,93
1766918696,21,Brazzers TV Europe HD,http://kuh5nj4q.rostelekom.xyz/iptv/L2V5UH7V8S27BG/12113/index.m3u8,103
1766918701,8,SuperOne,http://kuh5nj4q.rostelekom.xyz/iptv/L2V5UH7V8S27BG/12121/index.m3u8,89
1766955652,8,SuperOne,http://kuh5nj4q.rostelekom.xyz/iptv/L2V5UH7V8S27BG/12121/index.m3u8,89
1766955656,16,Dirty Wives Club,http://kuh5nj4q.rostelekom.xyz/iptv/L2V5UH7V8S27BG/12122/index.m3u8,98
1766955659,12,French Lover,http://kuh5nj4q.rostelekom.xyz/iptv/L2V5UH7V8S27BG/12124/index.m3u8,94
1766955662,18,Meiden Van Holland,http://kuh5nj4q.rostelekom.xyz/iptv/L2V5UH7V8S27BG/12125/index.m3u8,100
1766955665,13,Dirty Masseur,http://kuh5nj4q.rostelekom.xyz/iptv/L2V5UH7V8S27BG/12128/index.m3u8,95
1766955667,10,Dirty Flix,http://kuh5nj4q.rostelekom.xyz/iptv/L2V5UH7V8S27BG/12130/index.m3u8,92
1766955671,9,Dorcel TV,http://kuh5nj4q.rostelekom.xyz/iptv/L2V5UH7V8S27BG/12131/index.m3u8,90
1766955675,15,Kinky Family HD,http://kuh5nj4q.rostelekom.xyz/iptv/L2V5UH7V8S27BG/12133/index.m3u8,97
1766955680,10,Playboy LA,http://kuh5nj4q.rostelekom.xyz/iptv/L2V5UH7V8S27BG/12135/index.m3u8,92
1766955684,13,Passie XXX TV,http://kuh5nj4q.rostelekom.xyz/iptv/L2V5UH7V8S27BG/12136/index.m3u8,95
1766955687,14,Devils Film HD,http://kuh5nj4q.rostelekom.xyz/iptv/L2V5UH7V8S27BG/12137/index.m3u8,96
1766955691,18,Deep Throat Sirens,http://kuh5nj4q.rostelekom.xyz/iptv/L2V5UH7V8S27BG/12138/index.m3u8,100
1766955694,9,Deep Lush,http://kuh5nj4q.rostelekom.xyz/iptv/L2V5UH7V8S27BG/12139/index.m3u8,90
1766955697,6,Dark X,http://kuh5nj4q.rostelekom.xyz/iptv/L2V5UH7V8S27BG/12140/index.m3u8,87
1766955700,18,Veraporn Group Sex,http://kuh5nj4q.rostelekom.xyz/iptv/L2V5UH7V8S27BG/12141/index.m3u8,100
1766955704,20,Veraporn Group Sex 2,http://kuh5nj4q.rostelekom.xyz/iptv/L2V5UH7V8S27BG/12142/index.m3u8,102
1766955706,10,Dane Jones,http://kuh5nj4q.rostelekom.xyz/iptv/L2V5UH7V8S27BG/12143/index.m3u8,92
1767041159,10,Dane Jones,http://kuh5nj4q.rostelekom.xyz/iptv/L2V5UH7V8S27BG/12143/index.m3u8,92
1767041169,12,Dancing Bear,http://kuh5nj4q.rostelekom.xyz/iptv/L2V5UH7V8S27BG/12144/index.m3u8,94
1767041172,16,Pink Erotic 1 HD,http://kuh5nj4q.rostelekom.xyz/iptv/L2V5UH7V8S27BG/12146/index.m3u8,98
1767041183,9,Dad Crush,http://kuh5nj4q.rostelekom.xyz/iptv/L2V5UH7V8S27BG/12154/index.m3u8,90
1767041188,11,Family Swap,http://kuh5nj4q.rostelekom.xyz/iptv/L2V5UH7V8S27BG/12155/index.m3u8,93
1767041191,14,Family Strokes,http://kuh5nj4q.rostelekom.xyz/iptv/L2V5UH7V8S27BG/12156/index.m3u8,96
1767041200,9,Cum4k UHD,http://kuh5nj4q.rostelekom.xyz/iptv/L2V5UH7V8S27BG/12157/index.m3u8,90
1767041218,14,Cum Perfection,http://kuh5nj4q.rostelekom.xyz/iptv/L2V5UH7V8S27BG/12158/index.m3u8,96
1767066696,14,Cum Perfection,http://kuh5nj4q.rostelekom.xyz/iptv/L2V5UH7V8S27BG/12158/index.m3u8,96
1767066705,9,Cum4k UHD,http://kuh5nj4q.rostelekom.xyz/iptv/L2V5UH7V8S27BG/12157/index.m3u8,90
1767066709,14,Cum Perfection,http://kuh5nj4q.rostelekom.xyz/iptv/L2V5UH7V8S27BG/12158/index.m3u8,96
1767066711,10,MetArt FHD,http://kuh5nj4q.rostelekom.xyz/iptv/L2V5UH7V8S27BG/12160/index.m3u8,92
1767066713,10,Bratty Sis,http://kuh5nj4q.rostelekom.xyz/iptv/L2V5UH7V8S27BG/12161/index.m3u8,92
1767066725,18,Brand New Amateurs,http://kuh5nj4q.rostelekom.xyz/iptv/L2V5UH7V8S27BG/12162/index.m3u8,100
1767066727,10,Beate Uhse,http://kuh5nj4q.rostelekom.xyz/iptv/L2V5UH7V8S27BG/12163/index.m3u8,92
1767066728,7,BBC Pie,http://kuh5nj4q.rostelekom.xyz/iptv/L2V5UH7V8S27BG/12164/index.m3u8,88
1767066735,15,Barely Legal TV,http://kuh5nj4q.rostelekom.xyz/iptv/L2V5UH7V8S27BG/12165/index.m3u8,97
1767066738,8,Bang POV,http://kuh5nj4q.rostelekom.xyz/iptv/L2V5UH7V8S27BG/12166/index.m3u8,89
1767066741,8,Bang Bus,http://kuh5nj4q.rostelekom.xyz/iptv/L2V5UH7V8S27BG/12167/index.m3u8,89
1767066745,12,Banana Fever,http://kuh5nj4q.rostelekom.xyz/iptv/L2V5UH7V8S27BG/12168/index.m3u8,94
1767066747,13,Asshole Fever,http://kuh5nj4q.rostelekom.xyz/iptv/L2V5UH7V8S27BG/12169/index.m3u8,95
1767066749,10,Ass Parade,http://kuh5nj4q.rostelekom.xyz/iptv/L2V5UH7V8S27BG/12178/index.m3u8,92
1767066750,9,Anal Time,http://kuh5nj4q.rostelekom.xyz/iptv/L2V5UH7V8S27BG/12181/index.m3u8,90
1767066752,16,Anal Teen Angels,http://kuh5nj4q.rostelekom.xyz/iptv/L2V5UH7V8S27BG/12183/index.m3u8,98
1767066754,9,Anal Only,http://kuh5nj4q.rostelekom.xyz/iptv/L2V5UH7V8S27BG/12184/index.m3u8,90
1767066755,12,Hot Wife XXX,http://kuh5nj4q.rostelekom.xyz/iptv/L2V5UH7V8S27BG/12187/index.m3u8,94
1767071226,12,Hot Wife XXX,http://kuh5nj4q.rostelekom.xyz/iptv/L2V5UH7V8S27BG/12187/index.m3u8,94
1767071232,5,Tushy,http://kuh5nj4q.rostelekom.xyz/iptv/L2V5UH7V8S27BG/12188/index.m3u8,86
1767071260,8,Anal Mom,http://kuh5nj4q.rostelekom.xyz/iptv/L2V5UH7V8S27BG/12189/index.m3u8,89
1767071263,7,Anal 4K,http://kuh5nj4q.rostelekom.xyz/iptv/L2V5UH7V8S27BG/12190/index.m3u8,88
1767071265,13,Amateur Boxxx,http://kuh5nj4q.rostelekom.xyz/iptv/L2V5UH7V8S27BG/12191/index.m3u8,95
1767071269,8,All Anal,http://kuh5nj4q.rostelekom.xyz/iptv/L2V5UH7V8S27BG/12192/index.m3u8,89
1767071271,11,Alex Legend,http://kuh5nj4q.rostelekom.xyz/iptv/L2V5UH7V8S27BG/12193/index.m3u8,93
1767071274,13,Alba XXX 2 HD,http://kuh5nj4q.rostelekom.xyz/iptv/L2V5UH7V8S27BG/12194/index.m3u8,95
1767071280,13,Alba XXX 1 HD,http://kuh5nj4q.rostelekom.xyz/iptv/L2V5UH7V8S27BG/12204/index.m3u8,95
1767071282,10,21 Sextury,http://kuh5nj4q.rostelekom.xyz/iptv/L2V5UH7V8S27BG/12205/index.m3u8,92
1767071348,,,http://kuh5nj4q.rostelekom.xyz/iptv/L2V5UH7V8S27BG/12205/index.m3u8,80
1767071353,,,http://kuh5nj4q.rostelekom.xyz/iptv/L2V5UH7V8S27BG/14140/index.m3u8,80
1767071356,,,http://kuh5nj4q.rostelekom.xyz/iptv/L2V5UH7V8S27BG/14176/index.m3u8,80
1767071359,,,http://kuh5nj4q.rostelekom.xyz/iptv/L2V5UH7V8S27BG/16069/index.m3u8,80
1767071361,,,http://kuh5nj4q.rostelekom.xyz/iptv/L2V5UH7V8S27BG/18060/index.m3u8,80
1767071363,,,http://kuh5nj4q.rostelekom.xyz/iptv/L2V5UH7V8S27BG/18075/index.m3u8,80
1767071365,,,http://kuh5nj4q.rostelekom.xyz/iptv/L2V5UH7V8S27BG/18076/index.m3u8,80
1767071367,,,http://kuh5nj4q.rostelekom.xyz/iptv/L2V5UH7V8S27BG/18053/index.m3u8,80
1767071368,,,http://kuh5nj4q.rostelekom.xyz/iptv/L2V5UH7V8S27BG/20089/index.m3u8,80
1767071371,,,http://kuh5nj4q.rostelekom.xyz/iptv/L2V5UH7V8S27BG/20090/index.m3u8,80
1767071375,,,http://kuh5nj4q.rostelekom.xyz/iptv/L2V5UH7V8S27BG/31707/index.m3u8,80
1767071382,,,http://kuh5nj4q.rostelekom.xyz/iptv/L2V5UH7V8S27BG/31709/index.m3u8,80
1767071384,,,http://kuh5nj4q.rostelekom.xyz/iptv/L2V5UH7V8S27BG/31716/index.m3u8,80
1767071392,,,http://kuh5nj4q.rostelekom.xyz/iptv/L2V5UH7V8S27BG/12187/index.m3u8,80
1767071394,,,http://kuh5nj4q.rostelekom.xyz/iptv/L2V5UH7V8S27BG/12184/index.m3u8,80
1767071396,,,http://kuh5nj4q.rostelekom.xyz/iptv/L2V5UH7V8S27BG/12183/index.m3u8,80
1767071400,,,http://kuh5nj4q.rostelekom.xyz/iptv/L2V5UH7V8S27BG/12181/index.m3u8,80
1767071402,,,http://kuh5nj4q.rostelekom.xyz/iptv/L2V5UH7V8S27BG/12178/index.m3u8,80
1767071404,,,http://kuh5nj4q.rostelekom.xyz/iptv/L2V5UH7V8S27BG/12169/index.m3u8,80
1767071406,,,http://kuh5nj4q.rostelekom.xyz/iptv/L2V5UH7V8S27BG/12168/index.m3u8,80
1767071408,,,http://kuh5nj4q.rostelekom.xyz/iptv/L2V5UH7V8S27BG/12167/index.m3u8,80
1767071410,,,http://kuh5nj4q.rostelekom.xyz/iptv/L2V5UH7V8S27BG/12166/index.m3u8,80
1767071412,,,http://kuh5nj4q.rostelekom.xyz/iptv/L2V5UH7V8S27BG/12165/index.m3u8,80
1767071415,,,http://kuh5nj4q.rostelekom.xyz/iptv/L2V5UH7V8S27BG/12164/index.m3u8,80
1767071441,,,http://kuh5nj4q.rostelekom.xyz/iptv/L2V5UH7V8S27BG/12163/index.m3u8,80
1767071443,,,http://kuh5nj4q.rostelekom.xyz/iptv/L2V5UH7V8S27BG/12162/index.m3u8,80
1767071445,,,http://kuh5nj4q.rostelekom.xyz/iptv/L2V5UH7V8S27BG/12161/index.m3u8,80
1767071447,,,http://kuh5nj4q.rostelekom.xyz/iptv/L2V5UH7V8S27BG/12160/index.m3u8,80
1767071449,,,http://kuh5nj4q.rostelekom.xyz/iptv/L2V5UH7V8S27BG/12158/index.m3u8,80
1767071451,,,http://kuh5nj4q.rostelekom.xyz/iptv/L2V5UH7V8S27BG/12157/index.m3u8,80
1767071460,,,http://kuh5nj4q.rostelekom.xyz/iptv/L2V5UH7V8S27BG/12156/index.m3u8,80
1767071463,,,http://kuh5nj4q.rostelekom.xyz/iptv/L2V5UH7V8S27BG/12155/index.m3u8,80
1767071465,,,http://kuh5nj4q.rostelekom.xyz/iptv/L2V5UH7V8S27BG/12154/index.m3u8,80
1767071467,,,http://kuh5nj4q.rostelekom.xyz/iptv/L2V5UH7V8S27BG/12153/index.m3u8,80
1767071469,,,http://kuh5nj4q.rostelekom.xyz/iptv/L2V5UH7V8S27BG/12152/index.m3u8,80
1767071470,,,http://kuh5nj4q.rostelekom.xyz/iptv/L2V5UH7V8S27BG/12151/index.m3u8,80
1767071475,,,http://kuh5nj4q.rostelekom.xyz/iptv/L2V5UH7V8S27BG/12147/index.m3u8,80
1767071477,,,http://kuh5nj4q.rostelekom.xyz/iptv/L2V5UH7V8S27BG/12146/index.m3u8,80
1767071478,,,http://kuh5nj4q.rostelekom.xyz/iptv/L2V5UH7V8S27BG/12144/index.m3u8,80
1767071480,,,http://kuh5nj4q.rostelekom.xyz/iptv/L2V5UH7V8S27BG/12143/index.m3u8,80
1767071482,,,http://kuh5nj4q.rostelekom.xyz/iptv/L2V5UH7V8S27BG/12142/index.m3u8,80
1767071485,,,http://kuh5nj4q.rostelekom.xyz/iptv/L2V5UH7V8S27BG/12141/index.m3u8,80
1767071488,,,http://kuh5nj4q.rostelekom.xyz/iptv/L2V5UH7V8S27BG/12140/index.m3u8,80
1767071489,,,http://kuh5nj4q.rostelekom.xyz/iptv/L2V5UH7V8S27BG/12139/index.m3u8,80
1767071491,,,http://kuh5nj4q.rostelekom.xyz/iptv/L2V5UH7V8S27BG/12138/index.m3u8,80
1767071493,,,http://kuh5nj4q.rostelekom.xyz/iptv/L2V5UH7V8S27BG/12137/index.m3u8,80
1767071494,,,http://kuh5nj4q.rostelekom.xyz/iptv/L2V5UH7V8S27BG/12136/index.m3u8,80
1767071497,,,http://kuh5nj4q.rostelekom.xyz/iptv/L2V5UH7V8S27BG/12135/index.m3u8,80
1767071498,,,http://kuh5nj4q.rostelekom.xyz/iptv/L2V5UH7V8S27BG/12133/index.m3u8,80
1767071500,,,http://kuh5nj4q.rostelekom.xyz/iptv/L2V5UH7V8S27BG/12131/index.m3u8,80
1767071504,,,http://kuh5nj4q.rostelekom.xyz/iptv/L2V5UH7V8S27BG/12130/index.m3u8,80
1767071505,,,http://kuh5nj4q.rostelekom.xyz/iptv/L2V5UH7V8S27BG/12128/index.m3u8,80
1767071507,,,http://kuh5nj4q.rostelekom.xyz/iptv/L2V5UH7V8S27BG/12125/index.m3u8,80
1767071509,,,http://kuh5nj4q.rostelekom.xyz/iptv/L2V5UH7V8S27BG/12124/index.m3u8,80
1767071510,,,http://kuh5nj4q.rostelekom.xyz/iptv/L2V5UH7V8S27BG/12122/index.m3u8,80
1767071512,,,http://kuh5nj4q.rostelekom.xyz/iptv/L2V5UH7V8S27BG/12121/index.m3u8,80
1767071515,,,http://kuh5nj4q.rostelekom.xyz/iptv/L2V5UH7V8S27BG/12121/index.m3u8,80
1767071517,,,http://kuh5nj4q.rostelekom.xyz/iptv/L2V5UH7V8S27BG/12121/index.m3u8,80
1767071519,,,http://kuh5nj4q.rostelekom.xyz/iptv/L2V5UH7V8S27BG/12121/index.m3u8,80
1767071521,,,http://kuh5nj4q.rostelekom.xyz/iptv/L2V5UH7V8S27BG/12121/index.m3u8,80
1767071523,,,http://kuh5nj4q.rostelekom.xyz/iptv/L2V5UH7V8S27BG/12121/index.m3u8,80
1767071527,,,http://kuh5nj4q.rostelekom.xyz/iptv/L2V5UH7V8S27BG/12113/index.m3u8,80
1767071538,,,http://kuh5nj4q.rostelekom.xyz/iptv/L2V5UH7V8S27BG/12113/index.m3u8,80
1767071542,,,http://kuh5nj4q.rostelekom.xyz/iptv/L2V5UH7V8S27BG/12113/index.m3u8,80
1767071547,,,http://kuh5nj4q.rostelekom.xyz/iptv/L2V5UH7V8S27BG/12111/index.m3u8,80
1767071557,,,http://kuh5nj4q.rostelekom.xyz/iptv/L2V5UH7V8S27BG/12110/index.m3u8,80
1767071559,,,http://kuh5nj4q.rostelekom.xyz/iptv/L2V5UH7V8S27BG/12109/index.m3u8,80
1767071560,,,http://kuh5nj4q.rostelekom.xyz/iptv/L2V5UH7V8S27BG/12108/index.m3u8,80
1767071562,,,http://kuh5nj4q.rostelekom.xyz/iptv/L2V5UH7V8S27BG/12107/index.m3u8,80
1767071564,,,http://kuh5nj4q.rostelekom.xyz/iptv/L2V5UH7V8S27BG/12106/index.m3u8,80
1767071566,,,http://kuh5nj4q.rostelekom.xyz/iptv/L2V5UH7V8S27BG/11117/index.m3u8,80
1767071569,,,http://kuh5nj4q.rostelekom.xyz/iptv/L2V5UH7V8S27BG/11068/index.m3u8,80
1767071570,,,http://kuh5nj4q.rostelekom.xyz/iptv/L2V5UH7V8S27BG/11052/index.m3u8,80
1767071572,,,http://kuh5nj4q.rostelekom.xyz/iptv/L2V5UH7V8S27BG/11051/index.m3u8,80
1767071583,,,http://kuh5nj4q.rostelekom.xyz/iptv/L2V5UH7V8S27BG/9347/index.m3u8,79
1767071585,,,http://kuh5nj4q.rostelekom.xyz/iptv/L2V5UH7V8S27BG/9346/index.m3u8,79
1767071586,,,http://kuh5nj4q.rostelekom.xyz/iptv/L2V5UH7V8S27BG/9344/index.m3u8,79
1767071594,,,http://kuh5nj4q.rostelekom.xyz/iptv/L2V5UH7V8S27BG/9066/index.m3u8,79
1767071596,,,http://kuh5nj4q.rostelekom.xyz/iptv/L2V5UH7V8S27BG/9065/index.m3u8,79
1767071599,,,http://kuh5nj4q.rostelekom.xyz/iptv/L2V5UH7V8S27BG/9064/index.m3u8,79
1767071601,,,http://kuh5nj4q.rostelekom.xyz/iptv/L2V5UH7V8S27BG/6298/index.m3u8,79
1767071603,,,http://kuh5nj4q.rostelekom.xyz/iptv/L2V5UH7V8S27BG/6296/index.m3u8,79
1767071605,,,http://kuh5nj4q.rostelekom.xyz/iptv/L2V5UH7V8S27BG/6295/index.m3u8,79
1767071606,,,http://kuh5nj4q.rostelekom.xyz/iptv/L2V5UH7V8S27BG/6294/index.m3u8,79
1767071608,,,http://kuh5nj4q.rostelekom.xyz/iptv/L2V5UH7V8S27BG/6293/index.m3u8,79
1767071609,,,http://kuh5nj4q.rostelekom.xyz/iptv/L2V5UH7V8S27BG/6292/index.m3u8,79
1767071611,,,http://kuh5nj4q.rostelekom.xyz/iptv/L2V5UH7V8S27BG/6291/index.m3u8,79
1767071612,,,http://kuh5nj4q.rostelekom.xyz/iptv/L2V5UH7V8S27BG/6290/index.m3u8,79
1767071613,,,http://kuh5nj4q.rostelekom.xyz/iptv/L2V5UH7V8S27BG/6289/index.m3u8,79
1767071614,,,http://kuh5nj4q.rostelekom.xyz/iptv/L2V5UH7V8S27BG/6288/index.m3u8,79
1767071616,,,http://kuh5nj4q.rostelekom.xyz/iptv/L2V5UH7V8S27BG/6287/index.m3u8,79
1767071617,,,http://kuh5nj4q.rostelekom.xyz/iptv/L2V5UH7V8S27BG/6286/index.m3u8,79
1767071619,,,http://kuh5nj4q.rostelekom.xyz/iptv/L2V5UH7V8S27BG/6285/index.m3u8,79
1767071621,,,http://kuh5nj4q.rostelekom.xyz/iptv/L2V5UH7V8S27BG/6284/index.m3u8,79
1767071628,,,http://kuh5nj4q.rostelekom.xyz/iptv/L2V5UH7V8S27BG/6282/index.m3u8,79
1767071629,,,http://kuh5nj4q.rostelekom.xyz/iptv/L2V5UH7V8S27BG/6281/index.m3u8,79
1767071631,,,http://kuh5nj4q.rostelekom.xyz/iptv/L2V5UH7V8S27BG/6277/index.m3u8,79
1767071633,,,http://kuh5nj4q.rostelekom.xyz/iptv/L2V5UH7V8S27BG/6275/index.m3u8,79
1767071644,,,http://kuh5nj4q.rostelekom.xyz/iptv/L2V5UH7V8S27BG/6275/index.m3u8,79
1767071646,,,http://kuh5nj4q.rostelekom.xyz/iptv/L2V5UH7V8S27BG/6275/index.m3u8,79
1767071650,,,http://kuh5nj4q.rostelekom.xyz/iptv/L2V5UH7V8S27BG/6272/index.m3u8,79
1767071653,,,http://kuh5nj4q.rostelekom.xyz/iptv/L2V5UH7V8S27BG/6271/index.m3u8,79
1767071655,,,http://kuh5nj4q.rostelekom.xyz/iptv/L2V5UH7V8S27BG/6270/index.m3u8,79
1767071657,,,http://kuh5nj4q.rostelekom.xyz/iptv/L2V5UH7V8S27BG/6269/index.m3u8,79
1767071660,,,http://kuh5nj4q.rostelekom.xyz/iptv/L2V5UH7V8S27BG/6268/index.m3u8,79
1767071714,,,http://kuh5nj4q.rostelekom.xyz/iptv/L2V5UH7V8S27BG/6267/index.m3u8,79
1767071720,,,http://kuh5nj4q.rostelekom.xyz/iptv/L2V5UH7V8S27BG/6266/index.m3u8,79
1767071722,,,http://kuh5nj4q.rostelekom.xyz/iptv/L2V5UH7V8S27BG/6265/index.m3u8,79
1767071772,,,http://kuh5nj4q.rostelekom.xyz/iptv/L2V5UH7V8S27BG/6264/index.m3u8,79
1767071776,,,http://kuh5nj4q.rostelekom.xyz/iptv/L2V5UH7V8S27BG/6263/index.m3u8,79
1767071778,,,http://kuh5nj4q.rostelekom.xyz/iptv/L2V5UH7V8S27BG/6262/index.m3u8,79
1767071826,,,http://kuh5nj4q.rostelekom.xyz/iptv/L2V5UH7V8S27BG/6261/index.m3u8,79
1767071828,,,http://kuh5nj4q.rostelekom.xyz/iptv/L2V5UH7V8S27BG/6260/index.m3u8,79
1767071830,,,http://kuh5nj4q.rostelekom.xyz/iptv/L2V5UH7V8S27BG/6259/index.m3u8,79
1767071833,,,http://kuh5nj4q.rostelekom.xyz/iptv/L2V5UH7V8S27BG/6258/index.m3u8,79
1767071840,,,http://kuh5nj4q.rostelekom.xyz/iptv/L2V5UH7V8S27BG/6257/index.m3u8,79
1767071843,,,http://kuh5nj4q.rostelekom.xyz/iptv/L2V5UH7V8S27BG/6256/index.m3u8,79
1767071847,,,http://kuh5nj4q.rostelekom.xyz/iptv/L2V5UH7V8S27BG/6255/index.m3u8,79
1767071848,,,http://kuh5nj4q.rostelekom.xyz/iptv/L2V5UH7V8S27BG/6253/index.m3u8,79
1767071853,,,http://kuh5nj4q.rostelekom.xyz/iptv/L2V5UH7V8S27BG/6252/index.m3u8,79
1767071857,,,http://kuh5nj4q.rostelekom.xyz/iptv/L2V5UH7V8S27BG/6251/index.m3u8,79
1767071860,,,http://kuh5nj4q.rostelekom.xyz/iptv/L2V5UH7V8S27BG/6250/index.m3u8,79
1767071862,,,http://kuh5nj4q.rostelekom.xyz/iptv/L2V5UH7V8S27BG/6249/index.m3u8,79
1767071871,,,http://kuh5nj4q.rostelekom.xyz/iptv/L2V5UH7V8S27BG/6248/index.m3u8,79
1767071872,,,http://kuh5nj4q.rostelekom.xyz/iptv/L2V5UH7V8S27BG/6247/index.m3u8,79
1767071878,,,http://kuh5nj4q.rostelekom.xyz/iptv/L2V5UH7V8S27BG/6246/index.m3u8,79
1767071880,,,http://kuh5nj4q.rostelekom.xyz/iptv/L2V5UH7V8S27BG/6245/index.m3u8,79
1767071883,,,http://kuh5nj4q.rostelekom.xyz/iptv/L2V5UH7V8S27BG/6246/index.m3u8,79
1767072022,,,http://kuh5nj4q.rostelekom.xyz/iptv/L2V5UH7V8S27BG/6245/index.m3u8,79
1767072025,,,http://kuh5nj4q.rostelekom.xyz/iptv/L2V5UH7V8S27BG/6244/index.m3u8,79
1767072028,,,http://kuh5nj4q.rostelekom.xyz/iptv/L2V5UH7V8S27BG/6243/index.m3u8,79
1767072030,,,http://kuh5nj4q.rostelekom.xyz/iptv/L2V5UH7V8S27BG/6242/index.m3u8,79
1767072048,22,index 2025-12-30 08:20,http://kuh5nj4q.rostelekom.xyz/iptv/L2V5UH7V8S27BG/6240/index.m3u8,103
1767072051,,,http://kuh5nj4q.rostelekom.xyz/iptv/L2V5UH7V8S27BG/6238/index.m3u8,79
1767072054,,,http://kuh5nj4q.rostelekom.xyz/iptv/L2V5UH7V8S27BG/6237/index.m3u8,79
1767072057,,,http://kuh5nj4q.rostelekom.xyz/iptv/L2V5UH7V8S27BG/6236/index.m3u8,79
1767072060,,,http://kuh5nj4q.rostelekom.xyz/iptv/L2V5UH7V8S27BG/6235/index.m3u8,79
1767072062,,,http://kuh5nj4q.rostelekom.xyz/iptv/L2V5UH7V8S27BG/6234/index.m3u8,79
1767072067,,,http://kuh5nj4q.rostelekom.xyz/iptv/L2V5UH7V8S27BG/6233/index.m3u8,79
1767072070,,,http://kuh5nj4q.rostelekom.xyz/iptv/L2V5UH7V8S27BG/6232/index.m3u8,79
1767072073,,,http://kuh5nj4q.rostelekom.xyz/iptv/L2V5UH7V8S27BG/6231/index.m3u8,79
1767072075,,,http://kuh5nj4q.rostelekom.xyz/iptv/L2V5UH7V8S27BG/6230/index.m3u8,79
1767072078,,,http://kuh5nj4q.rostelekom.xyz/iptv/L2V5UH7V8S27BG/6229/index.m3u8,79
1767072081,,,http://kuh5nj4q.rostelekom.xyz/iptv/L2V5UH7V8S27BG/6228/index.m3u8,79
1767072085,,,http://kuh5nj4q.rostelekom.xyz/iptv/L2V5UH7V8S27BG/6227/index.m3u8,79
1767072088,,,http://kuh5nj4q.rostelekom.xyz/iptv/L2V5UH7V8S27BG/6226/index.m3u8,79
1767072090,,,http://kuh5nj4q.rostelekom.xyz/iptv/L2V5UH7V8S27BG/6225/index.m3u8,79
1767072094,,,http://kuh5nj4q.rostelekom.xyz/iptv/L2V5UH7V8S27BG/6224/index.m3u8,79
1767072096,,,http://kuh5nj4q.rostelekom.xyz/iptv/L2V5UH7V8S27BG/6223/index.m3u8,79
1767072103,,,http://kuh5nj4q.rostelekom.xyz/iptv/L2V5UH7V8S27BG/6222/index.m3u8,79
1767072105,,,http://kuh5nj4q.rostelekom.xyz/iptv/L2V5UH7V8S27BG/6221/index.m3u8,79
1767072107,,,http://kuh5nj4q.rostelekom.xyz/iptv/L2V5UH7V8S27BG/6220/index.m3u8,79
1767072109,,,http://kuh5nj4q.rostelekom.xyz/iptv/L2V5UH7V8S27BG/6219/index.m3u8,79
1767072112,,,http://kuh5nj4q.rostelekom.xyz/iptv/L2V5UH7V8S27BG/6218/index.m3u8,79
1767072163,,,http://kuh5nj4q.rostelekom.xyz/iptv/L2V5UH7V8S27BG/6218/index.m3u8,79
1767072166,,,http://kuh5nj4q.rostelekom.xyz/iptv/L2V5UH7V8S27BG/6217/index.m3u8,79
1767072184,,,http://kuh5nj4q.rostelekom.xyz/iptv/L2V5UH7V8S27BG/6216/index.m3u8,79
1767072192,,,http://kuh5nj4q.rostelekom.xyz/iptv/L2V5UH7V8S27BG/6215/index.m3u8,79
1767072196,,,http://kuh5nj4q.rostelekom.xyz/iptv/L2V5UH7V8S27BG/6214/index.m3u8,79
1767072198,,,http://kuh5nj4q.rostelekom.xyz/iptv/L2V5UH7V8S27BG/6213/index.m3u8,79
1767072200,,,http://kuh5nj4q.rostelekom.xyz/iptv/L2V5UH7V8S27BG/6212/index.m3u8,79
1767072202,,,http://kuh5nj4q.rostelekom.xyz/iptv/L2V5UH7V8S27BG/6208/index.m3u8,79
1767072205,,,http://kuh5nj4q.rostelekom.xyz/iptv/L2V5UH7V8S27BG/6202/index.m3u8,79
1767072210,,,http://kuh5nj4q.rostelekom.xyz/iptv/L2V5UH7V8S27BG/6200/index.m3u8,79
1767072214,,,http://kuh5nj4q.rostelekom.xyz/iptv/L2V5UH7V8S27BG/6199/index.m3u8,79
1767072225,,,http://kuh5nj4q.rostelekom.xyz/iptv/L2V5UH7V8S27BG/6198/index.m3u8,79
1767072229,,,http://kuh5nj4q.rostelekom.xyz/iptv/L2V5UH7V8S27BG/6197/index.m3u8,79
1767072231,,,http://kuh5nj4q.rostelekom.xyz/iptv/L2V5UH7V8S27BG/6196/index.m3u8,79
1767072235,,,http://kuh5nj4q.rostelekom.xyz/iptv/L2V5UH7V8S27BG/6195/index.m3u8,79
1767072237,,,http://kuh5nj4q.rostelekom.xyz/iptv/L2V5UH7V8S27BG/6194/index.m3u8,79
1767072286,,,http://kuh5nj4q.rostelekom.xyz/iptv/L2V5UH7V8S27BG/6193/index.m3u8,79
1767072289,,,http://kuh5nj4q.rostelekom.xyz/iptv/L2V5UH7V8S27BG/6192/index.m3u8,79
1767072291,,,http://kuh5nj4q.rostelekom.xyz/iptv/L2V5UH7V8S27BG/6191/index.m3u8,79
1767072294,,,http://kuh5nj4q.rostelekom.xyz/iptv/L2V5UH7V8S27BG/6189/index.m3u8,79
1767072297,,,http://kuh5nj4q.rostelekom.xyz/iptv/L2V5UH7V8S27BG/6188/index.m3u8,79
1767072300,,,http://kuh5nj4q.rostelekom.xyz/iptv/L2V5UH7V8S27BG/6187/index.m3u8,79
1767072304,,,http://kuh5nj4q.rostelekom.xyz/iptv/L2V5UH7V8S27BG/6186/index.m3u8,79
1767072308,,,http://kuh5nj4q.rostelekom.xyz/iptv/L2V5UH7V8S27BG/6185/index.m3u8,79
1767072310,,,http://kuh5nj4q.rostelekom.xyz/iptv/L2V5UH7V8S27BG/6183/index.m3u8,79
1767072313,,,http://kuh5nj4q.rostelekom.xyz/iptv/L2V5UH7V8S27BG/6182/index.m3u8,79
1767072316,,,http://kuh5nj4q.rostelekom.xyz/iptv/L2V5UH7V8S27BG/6181/index.m3u8,79
1767072318,,,http://kuh5nj4q.rostelekom.xyz/iptv/L2V5UH7V8S27BG/6182/index.m3u8,79
1767072325,,,http://kuh5nj4q.rostelekom.xyz/iptv/L2V5UH7V8S27BG/6181/index.m3u8,79
1767072328,,,http://kuh5nj4q.rostelekom.xyz/iptv/L2V5UH7V8S27BG/6180/index.m3u8,79
1767072330,,,http://kuh5nj4q.rostelekom.xyz/iptv/L2V5UH7V8S27BG/6178/index.m3u8,79
1767072401,,,http://kuh5nj4q.rostelekom.xyz/iptv/L2V5UH7V8S27BG/6178/index.m3u8,79
1767072405,,,http://kuh5nj4q.rostelekom.xyz/iptv/L2V5UH7V8S27BG/6177/index.m3u8,79
1767072408,,,http://kuh5nj4q.rostelekom.xyz/iptv/L2V5UH7V8S27BG/6176/index.m3u8,79
1767072412,,,http://kuh5nj4q.rostelekom.xyz/iptv/L2V5UH7V8S27BG/6175/index.m3u8,79
1767072415,,,http://kuh5nj4q.rostelekom.xyz/iptv/L2V5UH7V8S27BG/6174/index.m3u8,79
1767072420,,,http://kuh5nj4q.rostelekom.xyz/iptv/L2V5UH7V8S27BG/6173/index.m3u8,79
1767072424,,,http://kuh5nj4q.rostelekom.xyz/iptv/L2V5UH7V8S27BG/6172/index.m3u8,79
1767072426,,,http://kuh5nj4q.rostelekom.xyz/iptv/L2V5UH7V8S27BG/6171/index.m3u8,79
1767072430,,,http://kuh5nj4q.rostelekom.xyz/iptv/L2V5UH7V8S27BG/6168/index.m3u8,79
1767072434,,,http://kuh5nj4q.rostelekom.xyz/iptv/L2V5UH7V8S27BG/6167/index.m3u8,79
1767072438,,,http://kuh5nj4q.rostelekom.xyz/iptv/L2V5UH7V8S27BG/6166/index.m3u8,79
1767072460,,,http://kuh5nj4q.rostelekom.xyz/iptv/L2V5UH7V8S27BG/6165/index.m3u8,79
1767072463,,,http://kuh5nj4q.rostelekom.xyz/iptv/L2V5UH7V8S27BG/5015/index.m3u8,79
1767072465,,,http://kuh5nj4q.rostelekom.xyz/iptv/L2V5UH7V8S27BG/5014/index.m3u8,79
1767072471,,,http://kuh5nj4q.rostelekom.xyz/iptv/L2V5UH7V8S27BG/5013/index.m3u8,79
1767072484,,,http://kuh5nj4q.rostelekom.xyz/iptv/L2V5UH7V8S27BG/5012/index.m3u8,79
1767072486,,,http://kuh5nj4q.rostelekom.xyz/iptv/L2V5UH7V8S27BG/5011/index.m3u8,79
1767072490,,,http://kuh5nj4q.rostelekom.xyz/iptv/L2V5UH7V8S27BG/5010/index.m3u8,79
1767072492,,,http://kuh5nj4q.rostelekom.xyz/iptv/L2V5UH7V8S27BG/5009/index.m3u8,79
1767072497,,,http://kuh5nj4q.rostelekom.xyz/iptv/L2V5UH7V8S27BG/2397/index.m3u8,79
1767072507,,,http://kuh5nj4q.rostelekom.xyz/iptv/L2V5UH7V8S27BG/2162/index.m3u8,79
1767072512,,,http://kuh5nj4q.rostelekom.xyz/iptv/L2V5UH7V8S27BG/2161/index.m3u8,79
1767072515,,,http://kuh5nj4q.rostelekom.xyz/iptv/L2V5UH7V8S27BG/245/index.m3u8,78
1767072520,,,http://kuh5nj4q.rostelekom.xyz/iptv/L2V5UH7V8S27BG/244/index.m3u8,78
1767072523,,,http://kuh5nj4q.rostelekom.xyz/iptv/L2V5UH7V8S27BG/243/index.m3u8,78
1767072525,,,http://kuh5nj4q.rostelekom.xyz/iptv/L2V5UH7V8S27BG/242/index.m3u8,78
1767072530,,,http://kuh5nj4q.rostelekom.xyz/iptv/L2V5UH7V8S27BG/1064/index.m3u8,79
1767072533,,,http://kuh5nj4q.rostelekom.xyz/iptv/L2V5UH7V8S27BG/910/index.m3u8,78
1767072540,,,http://kuh5nj4q.rostelekom.xyz/iptv/L2V5UH7V8S27BG/147/index.m3u8,78
1767072543,,,http://kuh5nj4q.rostelekom.xyz/iptv/L2V5UH7V8S27BG/10049/index.m3u8,80
1767072548,,,http://kuh5nj4q.rostelekom.xyz/iptv/L2V5UH7V8S27BG/527/index.m3u8,78
1767072552,,,http://kuh5nj4q.rostelekom.xyz/iptv/L2V5UH7V8S27BG/14158/index.m3u8,80
1767072558,,,http://kuh5nj4q.rostelekom.xyz/iptv/L2V5UH7V8S27BG/6166/index.m3u8,79
1767687362,10,Adult Time,http://kuh5nj4q.rostelekom.xyz/iptv/L2V5UH7V8S27BG/6166/index.m3u8,91
1767687370,9,SexArt HD,http://kuh5nj4q.rostelekom.xyz/iptv/L2V5UH7V8S27BG/6165/index.m3u8,89
1767687382,9,Eroxxx HD,http://kuh5nj4q.rostelekom.xyz/iptv/L2V5UH7V8S27BG/5015/index.m3u8,89
1767687385,18,Extasy Platinum 4K,http://kuh5nj4q.rostelekom.xyz/iptv/L2V5UH7V8S27BG/5014/index.m3u8,99
1767687393,24,Penthouse Reality TV FHD,http://kuh5nj4q.rostelekom.xyz/iptv/L2V5UH7V8S27BG/5013/index.m3u8,105
1767687400,23,Penthouse Reality TV HD,http://kuh5nj4q.rostelekom.xyz/iptv/L2V5UH7V8S27BG/5012/index.m3u8,104
1767687411,17,Penthouse Gold HD,http://kuh5nj4q.rostelekom.xyz/iptv/L2V5UH7V8S27BG/5011/index.m3u8,98
1767687437,20,Penthouse Passion HD,http://kuh5nj4q.rostelekom.xyz/iptv/L2V5UH7V8S27BG/5010/index.m3u8,101
1767687440,3,XXL,http://kuh5nj4q.rostelekom.xyz/iptv/L2V5UH7V8S27BG/5009/index.m3u8,83
1767687445,12,Exxxotica HD,http://kuh5nj4q.rostelekom.xyz/iptv/L2V5UH7V8S27BG/2397/index.m3u8,93
1767687449,12,Vivid Red HD,http://kuh5nj4q.rostelekom.xyz/iptv/L2V5UH7V8S27BG/2162/index.m3u8,93
1767709814,23,VF Граиндхаус,http://kuh5nj4q.rostelekom.xyz/iptv/L2V5UH7V8S27BG/14158/index.m3u8,105
1767709818,7,Playboy,http://kuh5nj4q.rostelekom.xyz/iptv/L2V5UH7V8S27BG/527/index.m3u8,86
1767709849,11,Eromania 4K,http://kuh5nj4q.rostelekom.xyz/iptv/L2V5UH7V8S27BG/10049/index.m3u8,93
1767709863,23,Русская Ночь,http://kuh5nj4q.rostelekom.xyz/iptv/L2V5UH7V8S27BG/147/index.m3u8,103
1767709865,31,Brazzers TV Europe Россия,http://kuh5nj4q.rostelekom.xyz/iptv/L2V5UH7V8S27BG/910/index.m3u8,111
1767709868,12,Blue Hustler,http://kuh5nj4q.rostelekom.xyz/iptv/L2V5UH7V8S27BG/1064/index.m3u8,93
1767709873,31,Brazzers TV Europe Россия,http://kuh5nj4q.rostelekom.xyz/iptv/L2V5UH7V8S27BG/910/index.m3u8,111
1767709875,23,Русская Ночь,http://kuh5nj4q.rostelekom.xyz/iptv/L2V5UH7V8S27BG/147/index.m3u8,103
1767709877,11,Eromania 4K,http://kuh5nj4q.rostelekom.xyz/iptv/L2V5UH7V8S27BG/10049/index.m3u8,93
1767709921,23,Русская Ночь,http://kuh5nj4q.rostelekom.xyz/iptv/L2V5UH7V8S27BG/147/index.m3u8,103
1767709924,31,Brazzers TV Europe Россия,http://kuh5nj4q.rostelekom.xyz/iptv/L2V5UH7V8S27BG/910/index.m3u8,111
1767709926,12,Blue Hustler,http://kuh5nj4q.rostelekom.xyz/iptv/L2V5UH7V8S27BG/1064/index.m3u8,93
1767709928,11,Redlight HD,http://kuh5nj4q.rostelekom.xyz/iptv/L2V5UH7V8S27BG/242/index.m3u8,91
1767709931,10,Private TV,http://kuh5nj4q.rostelekom.xyz/iptv/L2V5UH7V8S27BG/243/index.m3u8,90
1767709935,10,Hustler HD,http://kuh5nj4q.rostelekom.xyz/iptv/L2V5UH7V8S27BG/244/index.m3u8,90
1767709948,12,Dorcel TV HD,http://kuh5nj4q.rostelekom.xyz/iptv/L2V5UH7V8S27BG/245/index.m3u8,92
1767709951,8,Babes TV,http://kuh5nj4q.rostelekom.xyz/iptv/L2V5UH7V8S27BG/2161/index.m3u8,88
1767709954,12,Vivid Red HD,http://kuh5nj4q.rostelekom.xyz/iptv/L2V5UH7V8S27BG/2162/index.m3u8,93
1767709958,12,Exxxotica HD,http://kuh5nj4q.rostelekom.xyz/iptv/L2V5UH7V8S27BG/2397/index.m3u8,93
1767709960,3,XXL,http://kuh5nj4q.rostelekom.xyz/iptv/L2V5UH7V8S27BG/5009/index.m3u8,83
1767709967,20,Penthouse Passion HD,http://kuh5nj4q.rostelekom.xyz/iptv/L2V5UH7V8S27BG/5010/index.m3u8,101
1767709970,17,Penthouse Gold HD,http://kuh5nj4q.rostelekom.xyz/iptv/L2V5UH7V8S27BG/5011/index.m3u8,98
1767709975,23,Penthouse Reality TV HD,http://kuh5nj4q.rostelekom.xyz/iptv/L2V5UH7V8S27BG/5012/index.m3u8,104
1767709977,24,Penthouse Reality TV FHD,http://kuh5nj4q.rostelekom.xyz/iptv/L2V5UH7V8S27BG/5013/index.m3u8,105
1767709980,18,Extasy Platinum 4K,http://kuh5nj4q.rostelekom.xyz/iptv/L2V5UH7V8S27BG/5014/index.m3u8,99
1767709988,9,Eroxxx HD,http://kuh5nj4q.rostelekom.xyz/iptv/L2V5UH7V8S27BG/5015/index.m3u8,89
1767709990,9,SexArt HD,http://kuh5nj4q.rostelekom.xyz/iptv/L2V5UH7V8S27BG/6165/index.m3u8,89
1767710029,10,Adult Time,http://kuh5nj4q.rostelekom.xyz/iptv/L2V5UH7V8S27BG/6166/index.m3u8,91
1767710031,11,Red TV Anal,http://kuh5nj4q.rostelekom.xyz/iptv/L2V5UH7V8S27BG/6167/index.m3u8,92
1767710034,11,Analized HD,http://kuh5nj4q.rostelekom.xyz/iptv/L2V5UH7V8S27BG/6168/index.m3u8,92
1767710037,12,Babes.com HD,http://kuh5nj4q.rostelekom.xyz/iptv/L2V5UH7V8S27BG/6171/index.m3u8,93
1767710040,5,Babes,http://kuh5nj4q.rostelekom.xyz/iptv/L2V5UH7V8S27BG/6172/index.m3u8,85
1767710041,12,Bang Bros HD,http://kuh5nj4q.rostelekom.xyz/iptv/L2V5UH7V8S27BG/6173/index.m3u8,93
1767710049,5,Bang!,http://kuh5nj4q.rostelekom.xyz/iptv/L2V5UH7V8S27BG/6174/index.m3u8,85
1767710051,14,Red TV Big Ass,http://kuh5nj4q.rostelekom.xyz/iptv/L2V5UH7V8S27BG/6175/index.m3u8,95
1767710054,15,Red TV Big Dick,http://kuh5nj4q.rostelekom.xyz/iptv/L2V5UH7V8S27BG/6176/index.m3u8,96
1767710056,15,Red TV Big Tits,http://kuh5nj4q.rostelekom.xyz/iptv/L2V5UH7V8S27BG/6177/index.m3u8,96
1767710059,10,Blacked HD,http://kuh5nj4q.rostelekom.xyz/iptv/L2V5UH7V8S27BG/6178/index.m3u8,91
1767710063,14,Red TV Blowjob,http://kuh5nj4q.rostelekom.xyz/iptv/L2V5UH7V8S27BG/6180/index.m3u8,95
1767710065,15,Brazzers eXXtra,http://kuh5nj4q.rostelekom.xyz/iptv/L2V5UH7V8S27BG/6181/index.m3u8,96
1767710068,11,Brazzers HD,http://kuh5nj4q.rostelekom.xyz/iptv/L2V5UH7V8S27BG/6182/index.m3u8,92
1767710075,15,Red TV Brunette,http://kuh5nj4q.rostelekom.xyz/iptv/L2V5UH7V8S27BG/6183/index.m3u8,96
1767710086,12,Cherry Pimps,http://kuh5nj4q.rostelekom.xyz/iptv/L2V5UH7V8S27BG/6185/index.m3u8,93
1767710091,19,Club Sweethearts HD,http://kuh5nj4q.rostelekom.xyz/iptv/L2V5UH7V8S27BG/6186/index.m3u8,100
1767710097,18,Red TV Compilation,http://kuh5nj4q.rostelekom.xyz/iptv/L2V5UH7V8S27BG/6187/index.m3u8,99
1767710100,14,Red TV Cuckold,http://kuh5nj4q.rostelekom.xyz/iptv/L2V5UH7V8S27BG/6188/index.m3u8,95
1767710123,10,Cum Louder,http://kuh5nj4q.rostelekom.xyz/iptv/L2V5UH7V8S27BG/6189/index.m3u8,91
1767710127,13,Daughter Swap,http://kuh5nj4q.rostelekom.xyz/iptv/L2V5UH7V8S27BG/6191/index.m3u8,94
1767710130,19,Day with a Pornstar,http://kuh5nj4q.rostelekom.xyz/iptv/L2V5UH7V8S27BG/6192/index.m3u8,100
1767730200,19,Day with a Pornstar,http://kuh5nj4q.rostelekom.xyz/iptv/L2V5UH7V8S27BG/6192/index.m3u8,100
1767730207,9,DDF Busty,http://kuh5nj4q.rostelekom.xyz/iptv/L2V5UH7V8S27BG/6193/index.m3u8,89
1767730213,11,DDF Network,http://kuh5nj4q.rostelekom.xyz/iptv/L2V5UH7V8S27BG/6194/index.m3u8,92
1767730217,17,Digital Desire HD,http://kuh5nj4q.rostelekom.xyz/iptv/L2V5UH7V8S27BG/6195/index.m3u8,98
1767730232,21,Digital Playground HD,http://kuh5nj4q.rostelekom.xyz/iptv/L2V5UH7V8S27BG/6196/index.m3u8,102
1767730239,11,Dorcel Club,http://kuh5nj4q.rostelekom.xyz/iptv/L2V5UH7V8S27BG/6197/index.m3u8,92
1767730250,11,Porn Angels,http://kuh5nj4q.rostelekom.xyz/iptv/L2V5UH7V8S27BG/6198/index.m3u8,92
1767730252,13,Evil Angel HD,http://kuh5nj4q.rostelekom.xyz/iptv/L2V5UH7V8S27BG/6199/index.m3u8,94
1767730255,14,Evolved Fights,http://kuh5nj4q.rostelekom.xyz/iptv/L2V5UH7V8S27BG/6200/index.m3u8,95
1767730266,12,Fake Taxi HD,http://kuh5nj4q.rostelekom.xyz/iptv/L2V5UH7V8S27BG/6202/index.m3u8,93
1767730269,18,Fap TV Compilation,http://kuh5nj4q.rostelekom.xyz/iptv/L2V5UH7V8S27BG/6208/index.m3u8,99
1767730271,6,FemJoy,http://kuh5nj4q.rostelekom.xyz/iptv/L2V5UH7V8S27BG/6212/index.m3u8,86
1767776283,6,FemJoy,http://kuh5nj4q.rostelekom.xyz/iptv/L2V5UH7V8S27BG/6212/index.m3u8,86
1767815966,6,FemJoy,http://kuh5nj4q.rostelekom.xyz/iptv/L2V5UH7V8S27BG/6212/index.m3u8,86
1767820180,6,FemJoy,http://kuh5nj4q.rostelekom.xyz/iptv/L2V5UH7V8S27BG/6212/index.m3u8,86
1767864774,6,FemJoy,http://kuh5nj4q.rostelekom.xyz/iptv/L2V5UH7V8S27BG/6212/index.m3u8,86
1767886996,6,FemJoy,http://kuh5nj4q.rostelekom.xyz/iptv/L2V5UH7V8S27BG/6212/index.m3u8,86
1767893779,6,FemJoy,http://kuh5nj4q.rostelekom.xyz/iptv/L2V5UH7V8S27BG/6212/index.m3u8,86
1767894434,6,FemJoy,http://kuh5nj4q.rostelekom.xyz/iptv/L2V5UH7V8S27BG/6212/index.m3u8,86
1767909246,6,FemJoy,http://kuh5nj4q.rostelekom.xyz/iptv/L2V5UH7V8S27BG/6212/index.m3u8,86
1767989099,6,FemJoy,http://kuh5nj4q.rostelekom.xyz/iptv/L2V5UH7V8S27BG/6212/index.m3u8,86
1767994805,6,FemJoy,http://kuh5nj4q.rostelekom.xyz/iptv/L2V5UH7V8S27BG/6212/index.m3u8,86
1768081145,6,FemJoy,http://kuh5nj4q.rostelekom.xyz/iptv/L2V5UH7V8S27BG/6212/index.m3u8,86
1768081364,18,Fap TV Compilation,http://kuh5nj4q.rostelekom.xyz/iptv/L2V5UH7V8S27BG/6208/index.m3u8,99
1768081382,12,Fake Taxi HD,http://kuh5nj4q.rostelekom.xyz/iptv/L2V5UH7V8S27BG/6202/index.m3u8,93
1768081386,14,Evolved Fights,http://kuh5nj4q.rostelekom.xyz/iptv/L2V5UH7V8S27BG/6200/index.m3u8,95
1768081390,13,Evil Angel HD,http://kuh5nj4q.rostelekom.xyz/iptv/L2V5UH7V8S27BG/6199/index.m3u8,94
1768081404,11,Porn Angels,http://kuh5nj4q.rostelekom.xyz/iptv/L2V5UH7V8S27BG/6198/index.m3u8,92
1768081408,11,Dorcel Club,http://kuh5nj4q.rostelekom.xyz/iptv/L2V5UH7V8S27BG/6197/index.m3u8,92
1768081417,21,Digital Playground HD,http://kuh5nj4q.rostelekom.xyz/iptv/L2V5UH7V8S27BG/6196/index.m3u8,102
1768081435,17,Digital Desire HD,http://kuh5nj4q.rostelekom.xyz/iptv/L2V5UH7V8S27BG/6195/index.m3u8,98
1768081452,11,DDF Network,http://kuh5nj4q.rostelekom.xyz/iptv/L2V5UH7V8S27BG/6194/index.m3u8,92
1768081455,9,DDF Busty,http://kuh5nj4q.rostelekom.xyz/iptv/L2V5UH7V8S27BG/6193/index.m3u8,89
1768081460,19,Day with a Pornstar,http://kuh5nj4q.rostelekom.xyz/iptv/L2V5UH7V8S27BG/6192/index.m3u8,100
1768081463,13,Daughter Swap,http://kuh5nj4q.rostelekom.xyz/iptv/L2V5UH7V8S27BG/6191/index.m3u8,94
1768081477,10,Cum Louder,http://kuh5nj4q.rostelekom.xyz/iptv/L2V5UH7V8S27BG/6189/index.m3u8,91
1768081487,14,Red TV Cuckold,http://kuh5nj4q.rostelekom.xyz/iptv/L2V5UH7V8S27BG/6188/index.m3u8,95
1768081490,18,Red TV Compilation,http://kuh5nj4q.rostelekom.xyz/iptv/L2V5UH7V8S27BG/6187/index.m3u8,99
1768081493,19,Club Sweethearts HD,http://kuh5nj4q.rostelekom.xyz/iptv/L2V5UH7V8S27BG/6186/index.m3u8,100
1768081508,12,Cherry Pimps,http://kuh5nj4q.rostelekom.xyz/iptv/L2V5UH7V8S27BG/6185/index.m3u8,93
1768081514,15,Red TV Brunette,http://kuh5nj4q.rostelekom.xyz/iptv/L2V5UH7V8S27BG/6183/index.m3u8,96
1768081528,11,Brazzers HD,http://kuh5nj4q.rostelekom.xyz/iptv/L2V5UH7V8S27BG/6182/index.m3u8,92
1768081535,15,Brazzers eXXtra,http://kuh5nj4q.rostelekom.xyz/iptv/L2V5UH7V8S27BG/6181/index.m3u8,96
1768081547,14,Red TV Blowjob,http://kuh5nj4q.rostelekom.xyz/iptv/L2V5UH7V8S27BG/6180/index.m3u8,95
1768081550,10,Blacked HD,http://kuh5nj4q.rostelekom.xyz/iptv/L2V5UH7V8S27BG/6178/index.m3u8,91
1768081553,15,Red TV Big Tits,http://kuh5nj4q.rostelekom.xyz/iptv/L2V5UH7V8S27BG/6177/index.m3u8,96
1768081556,15,Red TV Big Dick,http://kuh5nj4q.rostelekom.xyz/iptv/L2V5UH7V8S27BG/6176/index.m3u8,96
1768081562,14,Red TV Big Ass,http://kuh5nj4q.rostelekom.xyz/iptv/L2V5UH7V8S27BG/6175/index.m3u8,95
1768081567,5,Bang!,http://kuh5nj4q.rostelekom.xyz/iptv/L2V5UH7V8S27BG/6174/index.m3u8,85
1768081570,12,Bang Bros HD,http://kuh5nj4q.rostelekom.xyz/iptv/L2V5UH7V8S27BG/6173/index.m3u8,93
1768081583,6,FemJoy,http://kuh5nj4q.rostelekom.xyz/iptv/L2V5UH7V8S27BG/6212/index.m3u8,86
1768081585,,,http://kuh5nj4q.rostelekom.xyz/iptv/L2V5UH7V8S27BG/6212/index.m3u8,79
1768588052,6,FemJoy,http://kuh5nj4q.rostelekom.xyz/iptv/L2V5UH7V8S27BG/6212/index.m3u8,86
1768591521,6,FemJoy,http://kuh5nj4q.rostelekom.xyz/iptv/L2V5UH7V8S27BG/6212/index.m3u8,86
1770489564,6,FemJoy,http://kuh5nj4q.rostelekom.xyz/iptv/L2V5UH7V8S27BG/6212/index.m3u8,86
1770660534,6,FemJoy,http://kuh5nj4q.rostelekom.xyz/iptv/L2V5UH7V8S27BG/6212/index.m3u8,86
1770748705,6,FemJoy,http://kuh5nj4q.rostelekom.xyz/iptv/L2V5UH7V8S27BG/6212/index.m3u8,86
1770920302,6,FemJoy,http://kuh5nj4q.rostelekom.xyz/iptv/L2V5UH7V8S27BG/6212/index.m3u8,86
1771006890,6,FemJoy,http://kuh5nj4q.rostelekom.xyz/iptv/L2V5UH7V8S27BG/6212/index.m3u8,86
1771561364,6,FemJoy,http://kuh5nj4q.rostelekom.xyz/iptv/L2V5UH7V8S27BG/6212/index.m3u8,86
1771561375,13,Red TV Fetish,http://kuh5nj4q.rostelekom.xyz/iptv/L2V5UH7V8S27BG/6213/index.m3u8,94
1771561380,15,Red TV Gangbang,http://kuh5nj4q.rostelekom.xyz/iptv/L2V5UH7V8S27BG/6214/index.m3u8,96
1771561427,15,Red TV Gangbang,http://kuh5nj4q.rostelekom.xyz/iptv/L2V5UH7V8S27BG/6214/index.m3u8,96
1771561432,10,Red TV Gay,http://kuh5nj4q.rostelekom.xyz/iptv/L2V5UH7V8S27BG/6215/index.m3u8,91
1771561443,15,Red TV Gangbang,http://kuh5nj4q.rostelekom.xyz/iptv/L2V5UH7V8S27BG/6214/index.m3u8,96
1771561445,13,Red TV Fetish,http://kuh5nj4q.rostelekom.xyz/iptv/L2V5UH7V8S27BG/6213/index.m3u8,94
1771561500,15,Red TV Gangbang,http://kuh5nj4q.rostelekom.xyz/iptv/L2V5UH7V8S27BG/6214/index.m3u8,96
1771561503,13,Red TV Fetish,http://kuh5nj4q.rostelekom.xyz/iptv/L2V5UH7V8S27BG/6213/index.m3u8,94
1771561848,13,Red TV Fetish,http://kuh5nj4q.rostelekom.xyz/iptv/L2V5UH7V8S27BG/6213/index.m3u8,94
1771561853,15,Red TV Gangbang,http://kuh5nj4q.rostelekom.xyz/iptv/L2V5UH7V8S27BG/6214/index.m3u8,96
1771561858,10,Red TV Gay,http://kuh5nj4q.rostelekom.xyz/iptv/L2V5UH7V8S27BG/6215/index.m3u8,91
1771561861,8,Got MYLF,http://kuh5nj4q.rostelekom.xyz/iptv/L2V5UH7V8S27BG/6216/index.m3u8,88
1771561865,21,DDF Hands on Hardcore,http://kuh5nj4q.rostelekom.xyz/iptv/L2V5UH7V8S27BG/6217/index.m3u8,102
1771561868,6,Hard X,http://kuh5nj4q.rostelekom.xyz/iptv/L2V5UH7V8S27BG/6218/index.m3u8,86
1771561904,15,Red TV Hardcore,http://kuh5nj4q.rostelekom.xyz/iptv/L2V5UH7V8S27BG/6219/index.m3u8,96
1771561912,12,Hitzefrei HD,http://kuh5nj4q.rostelekom.xyz/iptv/L2V5UH7V8S27BG/6220/index.m3u8,93
1771561917,5,Holed,http://kuh5nj4q.rostelekom.xyz/iptv/L2V5UH7V8S27BG/6221/index.m3u8,85
1771561920,12,Hot and Mean,http://kuh5nj4q.rostelekom.xyz/iptv/L2V5UH7V8S27BG/6222/index.m3u8,93
1771561941,13,Hot Guys Fuck,http://kuh5nj4q.rostelekom.xyz/iptv/L2V5UH7V8S27BG/6223/index.m3u8,94
1771561947,18,Red TV Interracial,http://kuh5nj4q.rostelekom.xyz/iptv/L2V5UH7V8S27BG/6224/index.m3u8,99
1771561949,9,Japan HDV,http://kuh5nj4q.rostelekom.xyz/iptv/L2V5UH7V8S27BG/6225/index.m3u8,89
1771561952,13,Red TV Latina,http://kuh5nj4q.rostelekom.xyz/iptv/L2V5UH7V8S27BG/6226/index.m3u8,94
1771561954,6,Lesbea,http://kuh5nj4q.rostelekom.xyz/iptv/L2V5UH7V8S27BG/6227/index.m3u8,86
1771561972,14,Red TV Lesbian,http://kuh5nj4q.rostelekom.xyz/iptv/L2V5UH7V8S27BG/6228/index.m3u8,95
1771561975,15,Lethal Hardcore,http://kuh5nj4q.rostelekom.xyz/iptv/L2V5UH7V8S27BG/6229/index.m3u8,96
1771561981,16,Little Asians HD,http://kuh5nj4q.rostelekom.xyz/iptv/L2V5UH7V8S27BG/6230/index.m3u8,97
1771561997,16,Red TV Live Cams,http://kuh5nj4q.rostelekom.xyz/iptv/L2V5UH7V8S27BG/6231/index.m3u8,97
1771561999,11,Lust Cinema,http://kuh5nj4q.rostelekom.xyz/iptv/L2V5UH7V8S27BG/6232/index.m3u8,92
1771562003,9,MetArt HD,http://kuh5nj4q.rostelekom.xyz/iptv/L2V5UH7V8S27BG/6233/index.m3u8,89
1771562008,11,Red TV Milf,http://kuh5nj4q.rostelekom.xyz/iptv/L2V5UH7V8S27BG/6234/index.m3u8,92
1771562014,16,Monsters of Cock,http://kuh5nj4q.rostelekom.xyz/iptv/L2V5UH7V8S27BG/6235/index.m3u8,97
1771562027,10,MYLF TV HD,http://kuh5nj4q.rostelekom.xyz/iptv/L2V5UH7V8S27BG/6236/index.m3u8,91
1771562060,15,Naughty America,http://kuh5nj4q.rostelekom.xyz/iptv/L2V5UH7V8S27BG/6237/index.m3u8,96
1771562631,13,Nubiles TV HD,http://kuh5nj4q.rostelekom.xyz/iptv/L2V5UH7V8S27BG/6238/index.m3u8,94
1771562634,13,Pink Erotic 3,http://kuh5nj4q.rostelekom.xyz/iptv/L2V5UH7V8S27BG/6240/index.m3u8,94
1771562641,13,Pink Erotic 4,http://kuh5nj4q.rostelekom.xyz/iptv/L2V5UH7V8S27BG/6241/index.m3u8,94
1771562645,12,Playboy Plus,http://kuh5nj4q.rostelekom.xyz/iptv/L2V5UH7V8S27BG/6242/index.m3u8,93
1771562647,15,Red TV Pornstar,http://kuh5nj4q.rostelekom.xyz/iptv/L2V5UH7V8S27BG/6243/index.m3u8,96
1771562650,10,Red TV POV,http://kuh5nj4q.rostelekom.xyz/iptv/L2V5UH7V8S27BG/6244/index.m3u8,91
1771562654,14,Private.com HD,http://kuh5nj4q.rostelekom.xyz/iptv/L2V5UH7V8S27BG/6245/index.m3u8,95
1771562947,12,Public Agent,http://kuh5nj4q.rostelekom.xyz/iptv/L2V5UH7V8S27BG/6246/index.m3u8,93
1771562951,16,Reality Kings HD,http://kuh5nj4q.rostelekom.xyz/iptv/L2V5UH7V8S27BG/6247/index.m3u8,97
1771562953,8,RK Prime,http://kuh5nj4q.rostelekom.xyz/iptv/L2V5UH7V8S27BG/6248/index.m3u8,88
1771562956,5,RK TV,http://kuh5nj4q.rostelekom.xyz/iptv/L2V5UH7V8S27BG/6249/index.m3u8,85
1771562959,12,Red TV Rough,http://kuh5nj4q.rostelekom.xyz/iptv/L2V5UH7V8S27BG/6250/index.m3u8,93
1771562966,14,Red TV Russian,http://kuh5nj4q.rostelekom.xyz/iptv/L2V5UH7V8S27BG/6251/index.m3u8,95
1771562972,16,Sex With Muslims,http://kuh5nj4q.rostelekom.xyz/iptv/L2V5UH7V8S27BG/6252/index.m3u8,97
1771562981,6,SexArt,http://kuh5nj4q.rostelekom.xyz/iptv/L2V5UH7V8S27BG/6253/index.m3u8,86
1771563004,10,SINematica,http://kuh5nj4q.rostelekom.xyz/iptv/L2V5UH7V8S27BG/6255/index.m3u8,91
1771563007,11,Red TV Teen,http://kuh5nj4q.rostelekom.xyz/iptv/L2V5UH7V8S27BG/6256/index.m3u8,92
1771563016,16,Red TV Threesome,http://kuh5nj4q.rostelekom.xyz/iptv/L2V5UH7V8S27BG/6257/index.m3u8,97
1771563020,6,Tiny4K,http://kuh5nj4q.rostelekom.xyz/iptv/L2V5UH7V8S27BG/6258/index.m3u8,86
1771563023,12,Trans Angels,http://kuh5nj4q.rostelekom.xyz/iptv/L2V5UH7V8S27BG/6259/index.m3u8,93
1771563026,13,True Amateurs,http://kuh5nj4q.rostelekom.xyz/iptv/L2V5UH7V8S27BG/6260/index.m3u8,94
1771563030,8,Tushy HD,http://kuh5nj4q.rostelekom.xyz/iptv/L2V5UH7V8S27BG/6261/index.m3u8,88
1771563046,12,Tushy RAW HD,http://kuh5nj4q.rostelekom.xyz/iptv/L2V5UH7V8S27BG/6262/index.m3u8,93
1771563047,10,Visit-X TV,http://kuh5nj4q.rostelekom.xyz/iptv/L2V5UH7V8S27BG/6263/index.m3u8,91
1771563049,15,Vivid TV Europe,http://kuh5nj4q.rostelekom.xyz/iptv/L2V5UH7V8S27BG/6264/index.m3u8,96
1771563052,8,Vixen HD,http://kuh5nj4q.rostelekom.xyz/iptv/L2V5UH7V8S27BG/6265/index.m3u8,88
1771563189,16,We Live Together,http://kuh5nj4q.rostelekom.xyz/iptv/L2V5UH7V8S27BG/6266/index.m3u8,97
1771563207,11,White Boxxx,http://kuh5nj4q.rostelekom.xyz/iptv/L2V5UH7V8S27BG/6267/index.m3u8,92
1771563212,6,Wicked,http://kuh5nj4q.rostelekom.xyz/iptv/L2V5UH7V8S27BG/6268/index.m3u8,86
1771563215,10,Xpanded TV,http://kuh5nj4q.rostelekom.xyz/iptv/L2V5UH7V8S27BG/6269/index.m3u8,91
1771563217,13,Balkan Erotic,http://kuh5nj4q.rostelekom.xyz/iptv/L2V5UH7V8S27BG/6270/index.m3u8,94
1771563220,8,Red Lips,http://kuh5nj4q.rostelekom.xyz/iptv/L2V5UH7V8S27BG/6271/index.m3u8,88
1771563224,9,Leo TV HD,http://kuh5nj4q.rostelekom.xyz/iptv/L2V5UH7V8S27BG/6272/index.m3u8,89
1771563229,3,HOT,http://kuh5nj4q.rostelekom.xyz/iptv/L2V5UH7V8S27BG/6275/index.m3u8,83
1771563232,12,Hot Pleasure,http://kuh5nj4q.rostelekom.xyz/iptv/L2V5UH7V8S27BG/6277/index.m3u8,93
1771563234,7,Red XXX,http://kuh5nj4q.rostelekom.xyz/iptv/L2V5UH7V8S27BG/6281/index.m3u8,87
1771563236,8,Sexy Hot,http://kuh5nj4q.rostelekom.xyz/iptv/L2V5UH7V8S27BG/6282/index.m3u8,88
1771563238,5,Venus,http://kuh5nj4q.rostelekom.xyz/iptv/L2V5UH7V8S27BG/6284/index.m3u8,85
1771563240,4,X-MO,http://kuh5nj4q.rostelekom.xyz/iptv/L2V5UH7V8S27BG/6285/index.m3u8,84
1771563243,9,XY Max HD,http://kuh5nj4q.rostelekom.xyz/iptv/L2V5UH7V8S27BG/6286/index.m3u8,89
1771563253,9,XY Mix HD,http://kuh5nj4q.rostelekom.xyz/iptv/L2V5UH7V8S27BG/6287/index.m3u8,89
1771563257,10,XY Plus HD,http://kuh5nj4q.rostelekom.xyz/iptv/L2V5UH7V8S27BG/6288/index.m3u8,91
1771563258,13,Pink Erotic 1,http://kuh5nj4q.rostelekom.xyz/iptv/L2V5UH7V8S27BG/6289/index.m3u8,94
1771563261,13,Pink Erotic 2,http://kuh5nj4q.rostelekom.xyz/iptv/L2V5UH7V8S27BG/6290/index.m3u8,94
1771563262,13,Pink Erotic 3,http://kuh5nj4q.rostelekom.xyz/iptv/L2V5UH7V8S27BG/6291/index.m3u8,94
1771563264,13,Pink Erotic 4,http://kuh5nj4q.rostelekom.xyz/iptv/L2V5UH7V8S27BG/6292/index.m3u8,94
1771563265,13,Pink Erotic 6,http://kuh5nj4q.rostelekom.xyz/iptv/L2V5UH7V8S27BG/6293/index.m3u8,94
1771563267,13,Pink Erotic 7,http://kuh5nj4q.rostelekom.xyz/iptv/L2V5UH7V8S27BG/6294/index.m3u8,94
1771563269,13,Pink Erotic 8,http://kuh5nj4q.rostelekom.xyz/iptv/L2V5UH7V8S27BG/6295/index.m3u8,94
1771563277,7,Erox HD,http://kuh5nj4q.rostelekom.xyz/iptv/L2V5UH7V8S27BG/6296/index.m3u8,87
1771563280,11,SuperOne HD,http://kuh5nj4q.rostelekom.xyz/iptv/L2V5UH7V8S27BG/6298/index.m3u8,92
1771563302,17,Dorcel TV HD orig,http://kuh5nj4q.rostelekom.xyz/iptv/L2V5UH7V8S27BG/9064/index.m3u8,98
1771563314,15,Hustler HD orig,http://kuh5nj4q.rostelekom.xyz/iptv/L2V5UH7V8S27BG/9065/index.m3u8,96
1771563838,16,Redlight HD orig,http://kuh5nj4q.rostelekom.xyz/iptv/L2V5UH7V8S27BG/9066/index.m3u8,97
1771563983,28,Русская Ночь orig,http://kuh5nj4q.rostelekom.xyz/iptv/L2V5UH7V8S27BG/9344/index.m3u8,109
1771563986,17,Exxxotica HD orig,http://kuh5nj4q.rostelekom.xyz/iptv/L2V5UH7V8S27BG/9346/index.m3u8,98
1771563987,12,Shot TV orig,http://kuh5nj4q.rostelekom.xyz/iptv/L2V5UH7V8S27BG/9347/index.m3u8,93
1771563990,17,StrahTV Extasy HD,http://kuh5nj4q.rostelekom.xyz/iptv/L2V5UH7V8S27BG/11051/index.m3u8,99
1771563993,15,StrahTV KinoXXX,http://kuh5nj4q.rostelekom.xyz/iptv/L2V5UH7V8S27BG/11052/index.m3u8,97
1771563995,20,StrahTV Ох-Ах HD,http://kuh5nj4q.rostelekom.xyz/iptv/L2V5UH7V8S27BG/11068/index.m3u8,102
1771563997,14,VF Cartoon 18+,http://kuh5nj4q.rostelekom.xyz/iptv/L2V5UH7V8S27BG/11117/index.m3u8,96
1771564000,10,Alba XXX 1,http://kuh5nj4q.rostelekom.xyz/iptv/L2V5UH7V8S27BG/12106/index.m3u8,92
1771564003,9,Exotic 4k,http://kuh5nj4q.rostelekom.xyz/iptv/L2V5UH7V8S27BG/12107/index.m3u8,90
1771564005,19,Euro Girls On Girls,http://kuh5nj4q.rostelekom.xyz/iptv/L2V5UH7V8S27BG/12108/index.m3u8,101
1771564008,9,Erotica X,http://kuh5nj4q.rostelekom.xyz/iptv/L2V5UH7V8S27BG/12109/index.m3u8,90
1771564010,12,Erotic Spice,http://kuh5nj4q.rostelekom.xyz/iptv/L2V5UH7V8S27BG/12110/index.m3u8,94
1771564012,11,DP Fanatics,http://kuh5nj4q.rostelekom.xyz/iptv/L2V5UH7V8S27BG/12111/index.m3u8,93
1771564015,21,Brazzers TV Europe HD,http://kuh5nj4q.rostelekom.xyz/iptv/L2V5UH7V8S27BG/12113/index.m3u8,103
1771564019,8,SuperOne,http://kuh5nj4q.rostelekom.xyz/iptv/L2V5UH7V8S27BG/12121/index.m3u8,89
1771564021,16,Dirty Wives Club,http://kuh5nj4q.rostelekom.xyz/iptv/L2V5UH7V8S27BG/12122/index.m3u8,98
1771564023,12,French Lover,http://kuh5nj4q.rostelekom.xyz/iptv/L2V5UH7V8S27BG/12124/index.m3u8,94
1771907865,103,[XXXClub.to]MomSwap.23.11.20.Katrina.Colt.And.Millie.Morgan.Taste.It.With.The.Tip.XXX.2160p.MP4-P2P[XC],/mnt/game/Downloads/4k xxx/MomSwap.23.11.20.Katrina.Colt.And.Millie.Morgan.Taste.It.With.The.Tip.XXX.2160p.MP4-P2P[XC]/momswap.23.11.20.katrina.colt.and.millie.morgan.taste.it.with.the.tip.xxx.mp4,315
1771908172,,,/mnt/game/Downloads/4k xxx/STFAC___2160__2023/01.mp4,65
1771908242,12,French Lover,http://kuh5nj4q.rostelekom.xyz/iptv/L2V5UH7V8S27BG/12124/index.m3u8,94
1771908292,12,French Lover,http://kuh5nj4q.rostelekom.xyz/iptv/L2V5UH7V8S27BG/12124/index.m3u8,94
1771908326,12,French Lover,http://kuh5nj4q.rostelekom.xyz/iptv/L2V5UH7V8S27BG/12124/index.m3u8,94
1771908418,,,/mnt/game/Downloads/4k xxx/TOP/CIMC6_2160_2021.mp4,63
1771908722,12,French Lover,http://kuh5nj4q.rostelekom.xyz/iptv/L2V5UH7V8S27BG/12124/index.m3u8,94
1771909645,23,VF Граиндхаус,http://cpu7cxvy.rostelekom.xyz/iptv/VQ7RFHEBBENGT9/14158/index.m3u8,105
1771909649,7,Playboy,http://cpu7cxvy.rostelekom.xyz/iptv/VQ7RFHEBBENGT9/527/index.m3u8,86
1771909651,11,Eromania 4K,http://cpu7cxvy.rostelekom.xyz/iptv/VQ7RFHEBBENGT9/10049/index.m3u8,93
1771909654,23,Русская Ночь,http://cpu7cxvy.rostelekom.xyz/iptv/VQ7RFHEBBENGT9/147/index.m3u8,103
1771909658,31,Brazzers TV Europe Россия,http://cpu7cxvy.rostelekom.xyz/iptv/VQ7RFHEBBENGT9/910/index.m3u8,111
1771909687,12,Blue Hustler,http://cpu7cxvy.rostelekom.xyz/iptv/VQ7RFHEBBENGT9/1064/index.m3u8,93
1771909690,11,Redlight HD,http://cpu7cxvy.rostelekom.xyz/iptv/VQ7RFHEBBENGT9/242/index.m3u8,91
1771909692,10,Private TV,http://cpu7cxvy.rostelekom.xyz/iptv/VQ7RFHEBBENGT9/243/index.m3u8,90
1771909694,10,Hustler HD,http://cpu7cxvy.rostelekom.xyz/iptv/VQ7RFHEBBENGT9/244/index.m3u8,90
1771909696,12,Dorcel TV HD,http://cpu7cxvy.rostelekom.xyz/iptv/VQ7RFHEBBENGT9/245/index.m3u8,92
1771910085,12,French Lover,http://kuh5nj4q.rostelekom.xyz/iptv/L2V5UH7V8S27BG/12124/index.m3u8,94
1771910109,12,Dorcel TV HD,http://cpu7cxvy.rostelekom.xyz/iptv/VQ7RFHEBBENGT9/245/index.m3u8,92
1771910177,8,Babes TV,http://cpu7cxvy.rostelekom.xyz/iptv/VQ7RFHEBBENGT9/2161/index.m3u8,88
1771910179,12,Vivid Red HD,http://cpu7cxvy.rostelekom.xyz/iptv/VQ7RFHEBBENGT9/2162/index.m3u8,93
1771910182,12,Exxxotica HD,http://cpu7cxvy.rostelekom.xyz/iptv/VQ7RFHEBBENGT9/2397/index.m3u8,93
1771910184,3,XXL,http://cpu7cxvy.rostelekom.xyz/iptv/VQ7RFHEBBENGT9/5009/index.m3u8,83
1771910186,20,Penthouse Passion HD,http://cpu7cxvy.rostelekom.xyz/iptv/VQ7RFHEBBENGT9/5010/index.m3u8,101
1771910189,17,Penthouse Gold HD,http://cpu7cxvy.rostelekom.xyz/iptv/VQ7RFHEBBENGT9/5011/index.m3u8,98
1771910190,23,Penthouse Reality TV HD,http://cpu7cxvy.rostelekom.xyz/iptv/VQ7RFHEBBENGT9/5012/index.m3u8,104
1771910192,24,Penthouse Reality TV FHD,http://cpu7cxvy.rostelekom.xyz/iptv/VQ7RFHEBBENGT9/5013/index.m3u8,105
1771910194,18,Extasy Platinum 4K,http://cpu7cxvy.rostelekom.xyz/iptv/VQ7RFHEBBENGT9/5014/index.m3u8,99
1771910196,9,Eroxxx HD,http://cpu7cxvy.rostelekom.xyz/iptv/VQ7RFHEBBENGT9/5015/index.m3u8,89
1771910312,9,SexArt HD,http://cpu7cxvy.rostelekom.xyz/iptv/VQ7RFHEBBENGT9/6165/index.m3u8,89
1771910316,10,Adult Time,http://cpu7cxvy.rostelekom.xyz/iptv/VQ7RFHEBBENGT9/6166/index.m3u8,91
1771910319,11,Red TV Anal,http://cpu7cxvy.rostelekom.xyz/iptv/VQ7RFHEBBENGT9/6167/index.m3u8,92
1771910322,11,Analized HD,http://cpu7cxvy.rostelekom.xyz/iptv/VQ7RFHEBBENGT9/6168/index.m3u8,92
1771910324,12,Babes.com HD,http://cpu7cxvy.rostelekom.xyz/iptv/VQ7RFHEBBENGT9/6171/index.m3u8,93
1771910431,5,Babes,http://cpu7cxvy.rostelekom.xyz/iptv/VQ7RFHEBBENGT9/6172/index.m3u8,85
1771910475,12,Bang Bros HD,http://cpu7cxvy.rostelekom.xyz/iptv/VQ7RFHEBBENGT9/6173/index.m3u8,93
1771910477,5,Bang!,http://cpu7cxvy.rostelekom.xyz/iptv/VQ7RFHEBBENGT9/6174/index.m3u8,85
1771910479,14,Red TV Big Ass,http://cpu7cxvy.rostelekom.xyz/iptv/VQ7RFHEBBENGT9/6175/index.m3u8,95
1771910481,15,Red TV Big Dick,http://cpu7cxvy.rostelekom.xyz/iptv/VQ7RFHEBBENGT9/6176/index.m3u8,96
1771910483,15,Red TV Big Tits,http://cpu7cxvy.rostelekom.xyz/iptv/VQ7RFHEBBENGT9/6177/index.m3u8,96
1771910485,10,Blacked HD,http://cpu7cxvy.rostelekom.xyz/iptv/VQ7RFHEBBENGT9/6178/index.m3u8,91
1771910509,14,Red TV Blowjob,http://cpu7cxvy.rostelekom.xyz/iptv/VQ7RFHEBBENGT9/6180/index.m3u8,95
1771910512,15,Brazzers eXXtra,http://cpu7cxvy.rostelekom.xyz/iptv/VQ7RFHEBBENGT9/6181/index.m3u8,96
1771910514,11,Brazzers HD,http://cpu7cxvy.rostelekom.xyz/iptv/VQ7RFHEBBENGT9/6182/index.m3u8,92
1771910516,15,Red TV Brunette,http://cpu7cxvy.rostelekom.xyz/iptv/VQ7RFHEBBENGT9/6183/index.m3u8,96
1771910520,12,Cherry Pimps,http://cpu7cxvy.rostelekom.xyz/iptv/VQ7RFHEBBENGT9/6185/index.m3u8,93
1771910521,19,Club Sweethearts HD,http://cpu7cxvy.rostelekom.xyz/iptv/VQ7RFHEBBENGT9/6186/index.m3u8,100
1771910525,18,Red TV Compilation,http://cpu7cxvy.rostelekom.xyz/iptv/VQ7RFHEBBENGT9/6187/index.m3u8,99
1771910527,14,Red TV Cuckold,http://cpu7cxvy.rostelekom.xyz/iptv/VQ7RFHEBBENGT9/6188/index.m3u8,95
1771910529,10,Cum Louder,http://cpu7cxvy.rostelekom.xyz/iptv/VQ7RFHEBBENGT9/6189/index.m3u8,91
1771910531,13,Daughter Swap,http://cpu7cxvy.rostelekom.xyz/iptv/VQ7RFHEBBENGT9/6191/index.m3u8,94
1771910533,19,Day with a Pornstar,http://cpu7cxvy.rostelekom.xyz/iptv/VQ7RFHEBBENGT9/6192/index.m3u8,100
1771910535,9,DDF Busty,http://cpu7cxvy.rostelekom.xyz/iptv/VQ7RFHEBBENGT9/6193/index.m3u8,89
1771910536,11,DDF Network,http://cpu7cxvy.rostelekom.xyz/iptv/VQ7RFHEBBENGT9/6194/index.m3u8,92
1771910538,17,Digital Desire HD,http://cpu7cxvy.rostelekom.xyz/iptv/VQ7RFHEBBENGT9/6195/index.m3u8,98
1771910540,21,Digital Playground HD,http://cpu7cxvy.rostelekom.xyz/iptv/VQ7RFHEBBENGT9/6196/index.m3u8,102
1771910550,11,Dorcel Club,http://cpu7cxvy.rostelekom.xyz/iptv/VQ7RFHEBBENGT9/6197/index.m3u8,92
1771910553,21,Digital Playground HD,http://cpu7cxvy.rostelekom.xyz/iptv/VQ7RFHEBBENGT9/6196/index.m3u8,102
1771910581,11,Dorcel Club,http://cpu7cxvy.rostelekom.xyz/iptv/VQ7RFHEBBENGT9/6197/index.m3u8,92
1771910583,11,Porn Angels,http://cpu7cxvy.rostelekom.xyz/iptv/VQ7RFHEBBENGT9/6198/index.m3u8,92
1771910585,13,Evil Angel HD,http://cpu7cxvy.rostelekom.xyz/iptv/VQ7RFHEBBENGT9/6199/index.m3u8,94
1771910587,14,Evolved Fights,http://cpu7cxvy.rostelekom.xyz/iptv/VQ7RFHEBBENGT9/6200/index.m3u8,95
1771910589,12,Fake Taxi HD,http://cpu7cxvy.rostelekom.xyz/iptv/VQ7RFHEBBENGT9/6202/index.m3u8,93
1771910590,18,Fap TV Compilation,http://cpu7cxvy.rostelekom.xyz/iptv/VQ7RFHEBBENGT9/6208/index.m3u8,99
1771910592,6,FemJoy,http://cpu7cxvy.rostelekom.xyz/iptv/VQ7RFHEBBENGT9/6212/index.m3u8,86
1771910595,13,Red TV Fetish,http://cpu7cxvy.rostelekom.xyz/iptv/VQ7RFHEBBENGT9/6213/index.m3u8,94
1771910596,15,Red TV Gangbang,http://cpu7cxvy.rostelekom.xyz/iptv/VQ7RFHEBBENGT9/6214/index.m3u8,96
1771910599,10,Red TV Gay,http://cpu7cxvy.rostelekom.xyz/iptv/VQ7RFHEBBENGT9/6215/index.m3u8,91
1771910601,8,Got MYLF,http://cpu7cxvy.rostelekom.xyz/iptv/VQ7RFHEBBENGT9/6216/index.m3u8,88
1771910603,21,DDF Hands on Hardcore,http://cpu7cxvy.rostelekom.xyz/iptv/VQ7RFHEBBENGT9/6217/index.m3u8,102
1771910605,6,Hard X,http://cpu7cxvy.rostelekom.xyz/iptv/VQ7RFHEBBENGT9/6218/index.m3u8,86
1771910606,15,Red TV Hardcore,http://cpu7cxvy.rostelekom.xyz/iptv/VQ7RFHEBBENGT9/6219/index.m3u8,96
1771910608,12,Hitzefrei HD,http://cpu7cxvy.rostelekom.xyz/iptv/VQ7RFHEBBENGT9/6220/index.m3u8,93
1771910609,5,Holed,http://cpu7cxvy.rostelekom.xyz/iptv/VQ7RFHEBBENGT9/6221/index.m3u8,85
1771910627,12,Hot and Mean,http://cpu7cxvy.rostelekom.xyz/iptv/VQ7RFHEBBENGT9/6222/index.m3u8,93
1771910629,13,Hot Guys Fuck,http://cpu7cxvy.rostelekom.xyz/iptv/VQ7RFHEBBENGT9/6223/index.m3u8,94
1771910631,18,Red TV Interracial,http://cpu7cxvy.rostelekom.xyz/iptv/VQ7RFHEBBENGT9/6224/index.m3u8,99
1771910632,9,Japan HDV,http://cpu7cxvy.rostelekom.xyz/iptv/VQ7RFHEBBENGT9/6225/index.m3u8,89
1771910634,13,Red TV Latina,http://cpu7cxvy.rostelekom.xyz/iptv/VQ7RFHEBBENGT9/6226/index.m3u8,94
1771910636,6,Lesbea,http://cpu7cxvy.rostelekom.xyz/iptv/VQ7RFHEBBENGT9/6227/index.m3u8,86
1771910638,14,Red TV Lesbian,http://cpu7cxvy.rostelekom.xyz/iptv/VQ7RFHEBBENGT9/6228/index.m3u8,95
1771910639,15,Lethal Hardcore,http://cpu7cxvy.rostelekom.xyz/iptv/VQ7RFHEBBENGT9/6229/index.m3u8,96
1771910641,16,Little Asians HD,http://cpu7cxvy.rostelekom.xyz/iptv/VQ7RFHEBBENGT9/6230/index.m3u8,97
1771910643,16,Red TV Live Cams,http://cpu7cxvy.rostelekom.xyz/iptv/VQ7RFHEBBENGT9/6231/index.m3u8,97
1771910644,11,Lust Cinema,http://cpu7cxvy.rostelekom.xyz/iptv/VQ7RFHEBBENGT9/6232/index.m3u8,92
1771910646,9,MetArt HD,http://cpu7cxvy.rostelekom.xyz/iptv/VQ7RFHEBBENGT9/6233/index.m3u8,89
1771921915,24,Sky Sports News HD 50 UK,http://cpu7cxvy.rostelekom.xyz/iptv/VQ7RFHEBBENGT9/9314/index.m3u8,105
1771921919,33,Экоспаскоми (Коми),http://cpu7cxvy.rostelekom.xyz/iptv/VQ7RFHEBBENGT9/17018/index.m3u8,115
1771921925,16,Крик ТВ HD,http://cpu7cxvy.rostelekom.xyz/iptv/VQ7RFHEBBENGT9/15012/index.m3u8,98
1772131900,9,MetArt HD,http://cpu7cxvy.rostelekom.xyz/iptv/VQ7RFHEBBENGT9/6233/index.m3u8,89
1772131969,,,http://cpu7cxvy.rostelekom.xyz/iptv/VQ7RFHEBBENGT9/6233/index.m3u8,79
1772131998,,,http://cpu7cxvy.rostelekom.xyz/iptv/VQ7RFHEBBENGT9/6234/index.m3u8,79
1772132002,,,http://cpu7cxvy.rostelekom.xyz/iptv/VQ7RFHEBBENGT9/6235/index.m3u8,79
1772132007,,,http://cpu7cxvy.rostelekom.xyz/iptv/VQ7RFHEBBENGT9/6236/index.m3u8,79
1772173908,10,MYLF TV HD,http://cpu7cxvy.rostelekom.xyz/iptv/VQ7RFHEBBENGT9/6236/index.m3u8,91
1772173917,9,MetArt HD,http://cpu7cxvy.rostelekom.xyz/iptv/VQ7RFHEBBENGT9/6233/index.m3u8,89
1772991269,,,/mnt/sdd/Настюша.avi,40
1782681529,9,MetArt HD,http://cpu7cxvy.rostelekom.xyz/iptv/VQ7RFHEBBENGT9/6233/index.m3u8,89
1782681535,11,Red TV Milf,http://cpu7cxvy.rostelekom.xyz/iptv/VQ7RFHEBBENGT9/6234/index.m3u8,92
1782681539,16,Monsters of Cock,http://cpu7cxvy.rostelekom.xyz/iptv/VQ7RFHEBBENGT9/6235/index.m3u8,97
1782681542,10,MYLF TV HD,http://cpu7cxvy.rostelekom.xyz/iptv/VQ7RFHEBBENGT9/6236/index.m3u8,91
1782681545,15,Naughty America,http://cpu7cxvy.rostelekom.xyz/iptv/VQ7RFHEBBENGT9/6237/index.m3u8,96
1782681549,13,Nubiles TV HD,http://cpu7cxvy.rostelekom.xyz/iptv/VQ7RFHEBBENGT9/6238/index.m3u8,94
1782755483,,,/home/safe/Загрузки/arcane-jinx-fanart-5k-ij-3840x2160.jpg,79
1782756558,,,/home/safe/Загрузки/arcane-jinx-fanart-5k-ij-3840x2160.jpg,79
1782795037,13,Nubiles TV HD,http://cpu7cxvy.rostelekom.xyz/iptv/VQ7RFHEBBENGT9/6238/index.m3u8,94
1782795046,13,Pink Erotic 3,http://cpu7cxvy.rostelekom.xyz/iptv/VQ7RFHEBBENGT9/6240/index.m3u8,94
1782795050,13,Pink Erotic 4,http://cpu7cxvy.rostelekom.xyz/iptv/VQ7RFHEBBENGT9/6241/index.m3u8,94
1782795095,23,VF Граиндхаус,http://cpu7cxvy.rostelekom.xyz/iptv/VQ7RFHEBBENGT9/14158/index.m3u8,105
1782795099,7,Playboy,http://cpu7cxvy.rostelekom.xyz/iptv/VQ7RFHEBBENGT9/527/index.m3u8,86
1782795102,11,Eromania 4K,http://cpu7cxvy.rostelekom.xyz/iptv/VQ7RFHEBBENGT9/10049/index.m3u8,93
1782795104,23,Русская Ночь,http://cpu7cxvy.rostelekom.xyz/iptv/VQ7RFHEBBENGT9/147/index.m3u8,103
1782795106,31,Brazzers TV Europe Россия,http://cpu7cxvy.rostelekom.xyz/iptv/VQ7RFHEBBENGT9/910/index.m3u8,111
1782795164,23,VF Граиндхаус,http://cpu7cxvy.rostelekom.xyz/iptv/VQ7RFHEBBENGT9/14158/index.m3u8,105
1782795172,11,Redlight HD,http://cpu7cxvy.rostelekom.xyz/iptv/VQ7RFHEBBENGT9/242/index.m3u8,91
1782795175,10,Private TV,http://cpu7cxvy.rostelekom.xyz/iptv/VQ7RFHEBBENGT9/243/index.m3u8,90
1782795179,10,Hustler HD,http://cpu7cxvy.rostelekom.xyz/iptv/VQ7RFHEBBENGT9/244/index.m3u8,90
1782795258,23,VF Граиндхаус,http://cpu7cxvy.rostelekom.xyz/iptv/VQ7RFHEBBENGT9/14158/index.m3u8,105
1782795268,10,Hustler HD,http://cpu7cxvy.rostelekom.xyz/iptv/VQ7RFHEBBENGT9/244/index.m3u8,90
1782795273,12,Dorcel TV HD,http://cpu7cxvy.rostelekom.xyz/iptv/VQ7RFHEBBENGT9/245/index.m3u8,92
1782795276,8,Babes TV,http://cpu7cxvy.rostelekom.xyz/iptv/VQ7RFHEBBENGT9/2161/index.m3u8,88
1782795279,12,Vivid Red HD,http://cpu7cxvy.rostelekom.xyz/iptv/VQ7RFHEBBENGT9/2162/index.m3u8,93
1782796270,23,VF Граиндхаус,http://cpu7cxvy.rostelekom.xyz/iptv/VQ7RFHEBBENGT9/14158/index.m3u8,105
1782796273,7,Playboy,http://cpu7cxvy.rostelekom.xyz/iptv/VQ7RFHEBBENGT9/527/index.m3u8,86
1782796275,11,Eromania 4K,http://cpu7cxvy.rostelekom.xyz/iptv/VQ7RFHEBBENGT9/10049/index.m3u8,93
1782796278,23,Русская Ночь,http://cpu7cxvy.rostelekom.xyz/iptv/VQ7RFHEBBENGT9/147/index.m3u8,103
1782796281,31,Brazzers TV Europe Россия,http://cpu7cxvy.rostelekom.xyz/iptv/VQ7RFHEBBENGT9/910/index.m3u8,111
1782796457,23,VF Граиндхаус,http://cpu7cxvy.rostelekom.xyz/iptv/VQ7RFHEBBENGT9/14158/index.m3u8,105
1782796460,7,Playboy,http://cpu7cxvy.rostelekom.xyz/iptv/VQ7RFHEBBENGT9/527/index.m3u8,86
1782796469,11,Eromania 4K,http://cpu7cxvy.rostelekom.xyz/iptv/VQ7RFHEBBENGT9/10049/index.m3u8,93
1782796471,23,Русская Ночь,http://cpu7cxvy.rostelekom.xyz/iptv/VQ7RFHEBBENGT9/147/index.m3u8,103
1782796474,31,Brazzers TV Europe Россия,http://cpu7cxvy.rostelekom.xyz/iptv/VQ7RFHEBBENGT9/910/index.m3u8,111
1782796476,12,Blue Hustler,http://cpu7cxvy.rostelekom.xyz/iptv/VQ7RFHEBBENGT9/1064/index.m3u8,93
1782796478,11,Redlight HD,http://cpu7cxvy.rostelekom.xyz/iptv/VQ7RFHEBBENGT9/242/index.m3u8,91
1782796481,10,Private TV,http://cpu7cxvy.rostelekom.xyz/iptv/VQ7RFHEBBENGT9/243/index.m3u8,90
1782796486,10,Hustler HD,http://cpu7cxvy.rostelekom.xyz/iptv/VQ7RFHEBBENGT9/244/index.m3u8,90
1782796490,12,Dorcel TV HD,http://cpu7cxvy.rostelekom.xyz/iptv/VQ7RFHEBBENGT9/245/index.m3u8,92
1782796519,24,Sky Sports News HD 50 UK,http://cpu7cxvy.rostelekom.xyz/iptv/VQ7RFHEBBENGT9/9314/index.m3u8,105
1782797359,23,VF Граиндхаус,http://cpu7cxvy.rostelekom.xyz/iptv/VQ7RFHEBBENGT9/14158/index.m3u8,105
1782797362,7,Playboy,http://cpu7cxvy.rostelekom.xyz/iptv/VQ7RFHEBBENGT9/527/index.m3u8,86
1782797365,11,Eromania 4K,http://cpu7cxvy.rostelekom.xyz/iptv/VQ7RFHEBBENGT9/10049/index.m3u8,93
1782797368,23,Русская Ночь,http://cpu7cxvy.rostelekom.xyz/iptv/VQ7RFHEBBENGT9/147/index.m3u8,103
1782797371,31,Brazzers TV Europe Россия,http://cpu7cxvy.rostelekom.xyz/iptv/VQ7RFHEBBENGT9/910/index.m3u8,111
1782797438,23,VF Граиндхаус,http://cpu7cxvy.rostelekom.xyz/iptv/VQ7RFHEBBENGT9/14158/index.m3u8,105
1782797441,7,Playboy,http://cpu7cxvy.rostelekom.xyz/iptv/VQ7RFHEBBENGT9/527/index.m3u8,86
1782797443,11,Eromania 4K,http://cpu7cxvy.rostelekom.xyz/iptv/VQ7RFHEBBENGT9/10049/index.m3u8,93
1782797446,23,Русская Ночь,http://cpu7cxvy.rostelekom.xyz/iptv/VQ7RFHEBBENGT9/147/index.m3u8,103
1782797448,31,Brazzers TV Europe Россия,http://cpu7cxvy.rostelekom.xyz/iptv/VQ7RFHEBBENGT9/910/index.m3u8,111
1782797863,23,VF Граиндхаус,http://cpu7cxvy.rostelekom.xyz/iptv/VQ7RFHEBBENGT9/14158/index.m3u8,105
1782797874,11,Eromania 4K,http://cpu7cxvy.rostelekom.xyz/iptv/VQ7RFHEBBENGT9/10049/index.m3u8,93
1782798160,23,VF Граиндхаус,http://cpu7cxvy.rostelekom.xyz/iptv/VQ7RFHEBBENGT9/14158/index.m3u8,105
1782798163,7,Playboy,http://cpu7cxvy.rostelekom.xyz/iptv/VQ7RFHEBBENGT9/527/index.m3u8,86
1782798166,11,Eromania 4K,http://cpu7cxvy.rostelekom.xyz/iptv/VQ7RFHEBBENGT9/10049/index.m3u8,93
1782798170,23,Русская Ночь,http://cpu7cxvy.rostelekom.xyz/iptv/VQ7RFHEBBENGT9/147/index.m3u8,103
1782798172,31,Brazzers TV Europe Россия,http://cpu7cxvy.rostelekom.xyz/iptv/VQ7RFHEBBENGT9/910/index.m3u8,111
1782798175,12,Blue Hustler,http://cpu7cxvy.rostelekom.xyz/iptv/VQ7RFHEBBENGT9/1064/index.m3u8,93
1782798241,23,VF Граиндхаус,http://cpu7cxvy.rostelekom.xyz/iptv/VQ7RFHEBBENGT9/14158/index.m3u8,105
1782798246,7,Playboy,http://cpu7cxvy.rostelekom.xyz/iptv/VQ7RFHEBBENGT9/527/index.m3u8,86
1782798248,11,Eromania 4K,http://cpu7cxvy.rostelekom.xyz/iptv/VQ7RFHEBBENGT9/10049/index.m3u8,93
1782798251,23,Русская Ночь,http://cpu7cxvy.rostelekom.xyz/iptv/VQ7RFHEBBENGT9/147/index.m3u8,103
1782798254,31,Brazzers TV Europe Россия,http://cpu7cxvy.rostelekom.xyz/iptv/VQ7RFHEBBENGT9/910/index.m3u8,111
1782798256,12,Blue Hustler,http://cpu7cxvy.rostelekom.xyz/iptv/VQ7RFHEBBENGT9/1064/index.m3u8,93
1782798258,11,Redlight HD,http://cpu7cxvy.rostelekom.xyz/iptv/VQ7RFHEBBENGT9/242/index.m3u8,91
1782798261,10,Private TV,http://cpu7cxvy.rostelekom.xyz/iptv/VQ7RFHEBBENGT9/243/index.m3u8,90
1782798263,10,Hustler HD,http://cpu7cxvy.rostelekom.xyz/iptv/VQ7RFHEBBENGT9/244/index.m3u8,90
1782798265,12,Dorcel TV HD,http://cpu7cxvy.rostelekom.xyz/iptv/VQ7RFHEBBENGT9/245/index.m3u8,92
1782798268,8,Babes TV,http://cpu7cxvy.rostelekom.xyz/iptv/VQ7RFHEBBENGT9/2161/index.m3u8,88
1782798270,12,Vivid Red HD,http://cpu7cxvy.rostelekom.xyz/iptv/VQ7RFHEBBENGT9/2162/index.m3u8,93
1782798272,12,Exxxotica HD,http://cpu7cxvy.rostelekom.xyz/iptv/VQ7RFHEBBENGT9/2397/index.m3u8,93
1782798276,3,XXL,http://cpu7cxvy.rostelekom.xyz/iptv/VQ7RFHEBBENGT9/5009/index.m3u8,83
1782798313,17,Penthouse Gold HD,http://cpu7cxvy.rostelekom.xyz/iptv/VQ7RFHEBBENGT9/5011/index.m3u8,98
1782798324,23,Penthouse Reality TV HD,http://cpu7cxvy.rostelekom.xyz/iptv/VQ7RFHEBBENGT9/5012/index.m3u8,104
1782798604,23,Penthouse Reality TV HD,http://cpu7cxvy.rostelekom.xyz/iptv/VQ7RFHEBBENGT9/5012/index.m3u8,104
1782798609,24,Penthouse Reality TV FHD,http://cpu7cxvy.rostelekom.xyz/iptv/VQ7RFHEBBENGT9/5013/index.m3u8,105
1782798611,18,Extasy Platinum 4K,http://cpu7cxvy.rostelekom.xyz/iptv/VQ7RFHEBBENGT9/5014/index.m3u8,99
1782798614,9,Eroxxx HD,http://cpu7cxvy.rostelekom.xyz/iptv/VQ7RFHEBBENGT9/5015/index.m3u8,89
1782798615,9,SexArt HD,http://cpu7cxvy.rostelekom.xyz/iptv/VQ7RFHEBBENGT9/6165/index.m3u8,89
1782798617,10,Adult Time,http://cpu7cxvy.rostelekom.xyz/iptv/VQ7RFHEBBENGT9/6166/index.m3u8,91
1782798619,11,Red TV Anal,http://cpu7cxvy.rostelekom.xyz/iptv/VQ7RFHEBBENGT9/6167/index.m3u8,92
1782798621,11,Analized HD,http://cpu7cxvy.rostelekom.xyz/iptv/VQ7RFHEBBENGT9/6168/index.m3u8,92
1782798623,12,Babes.com HD,http://cpu7cxvy.rostelekom.xyz/iptv/VQ7RFHEBBENGT9/6171/index.m3u8,93
1782798627,5,Babes,http://cpu7cxvy.rostelekom.xyz/iptv/VQ7RFHEBBENGT9/6172/index.m3u8,85
1782798631,12,Bang Bros HD,http://cpu7cxvy.rostelekom.xyz/iptv/VQ7RFHEBBENGT9/6173/index.m3u8,93
1782798636,5,Bang!,http://cpu7cxvy.rostelekom.xyz/iptv/VQ7RFHEBBENGT9/6174/index.m3u8,85
1782798641,14,Red TV Big Ass,http://cpu7cxvy.rostelekom.xyz/iptv/VQ7RFHEBBENGT9/6175/index.m3u8,95
1782798644,15,Red TV Big Dick,http://cpu7cxvy.rostelekom.xyz/iptv/VQ7RFHEBBENGT9/6176/index.m3u8,96
1782798647,15,Red TV Big Tits,http://cpu7cxvy.rostelekom.xyz/iptv/VQ7RFHEBBENGT9/6177/index.m3u8,96
1782798650,10,Blacked HD,http://cpu7cxvy.rostelekom.xyz/iptv/VQ7RFHEBBENGT9/6178/index.m3u8,91
1782798694,,,http://cpu7cxvy.rostelekom.xyz/iptv/VQ7RFHEBBENGT9/6178/index.m3u8,79
1782798741,,,http://cpu7cxvy.rostelekom.xyz/iptv/VQ7RFHEBBENGT9/6178/index.m3u8,79
1782798784,,,http://cpu7cxvy.rostelekom.xyz/iptv/VQ7RFHEBBENGT9/6178/index.m3u8,79
1782798826,,,http://cpu7cxvy.rostelekom.xyz/iptv/VQ7RFHEBBENGT9/6178/index.m3u8,79
1782798867,,,http://cpu7cxvy.rostelekom.xyz/iptv/VQ7RFHEBBENGT9/6178/index.m3u8,79
1782798908,,,http://cpu7cxvy.rostelekom.xyz/iptv/VQ7RFHEBBENGT9/6178/index.m3u8,79
1782798949,,,http://cpu7cxvy.rostelekom.xyz/iptv/VQ7RFHEBBENGT9/6178/index.m3u8,79
1782798992,,,http://cpu7cxvy.rostelekom.xyz/iptv/VQ7RFHEBBENGT9/6178/index.m3u8,79
1782799037,,,http://cpu7cxvy.rostelekom.xyz/iptv/VQ7RFHEBBENGT9/6178/index.m3u8,79
1782799084,,,http://cpu7cxvy.rostelekom.xyz/iptv/VQ7RFHEBBENGT9/6178/index.m3u8,79
1782799130,,,http://cpu7cxvy.rostelekom.xyz/iptv/VQ7RFHEBBENGT9/6178/index.m3u8,79
1782799172,,,http://cpu7cxvy.rostelekom.xyz/iptv/VQ7RFHEBBENGT9/6178/index.m3u8,79
1782799221,,,http://cpu7cxvy.rostelekom.xyz/iptv/VQ7RFHEBBENGT9/6178/index.m3u8,79
1782799263,,,http://cpu7cxvy.rostelekom.xyz/iptv/VQ7RFHEBBENGT9/6178/index.m3u8,79
1782799305,,,http://cpu7cxvy.rostelekom.xyz/iptv/VQ7RFHEBBENGT9/6178/index.m3u8,79
1782799392,10,Blacked HD,http://cpu7cxvy.rostelekom.xyz/iptv/VQ7RFHEBBENGT9/6178/index.m3u8,91
1782799396,14,Red TV Blowjob,http://cpu7cxvy.rostelekom.xyz/iptv/VQ7RFHEBBENGT9/6180/index.m3u8,95
1782799406,11,Brazzers HD,http://cpu7cxvy.rostelekom.xyz/iptv/VQ7RFHEBBENGT9/6182/index.m3u8,92
1782799409,15,Red TV Brunette,http://cpu7cxvy.rostelekom.xyz/iptv/VQ7RFHEBBENGT9/6183/index.m3u8,96
1782799418,19,Club Sweethearts HD,http://cpu7cxvy.rostelekom.xyz/iptv/VQ7RFHEBBENGT9/6186/index.m3u8,100
1782799425,18,Red TV Compilation,http://cpu7cxvy.rostelekom.xyz/iptv/VQ7RFHEBBENGT9/6187/index.m3u8,99
1782799430,14,Red TV Cuckold,http://cpu7cxvy.rostelekom.xyz/iptv/VQ7RFHEBBENGT9/6188/index.m3u8,95
1782799432,10,Cum Louder,http://cpu7cxvy.rostelekom.xyz/iptv/VQ7RFHEBBENGT9/6189/index.m3u8,91
1782799434,13,Daughter Swap,http://cpu7cxvy.rostelekom.xyz/iptv/VQ7RFHEBBENGT9/6191/index.m3u8,94
1782799438,19,Day with a Pornstar,http://cpu7cxvy.rostelekom.xyz/iptv/VQ7RFHEBBENGT9/6192/index.m3u8,100
1782799441,9,DDF Busty,http://cpu7cxvy.rostelekom.xyz/iptv/VQ7RFHEBBENGT9/6193/index.m3u8,89
1782799514,23,VF Граиндхаус,http://cpu7cxvy.rostelekom.xyz/iptv/VQ7RFHEBBENGT9/14158/index.m3u8,105
1782799518,7,Playboy,http://cpu7cxvy.rostelekom.xyz/iptv/VQ7RFHEBBENGT9/527/index.m3u8,86
1782799694,23,VF Граиндхаус,http://cpu7cxvy.rostelekom.xyz/iptv/VQ7RFHEBBENGT9/14158/index.m3u8,105
1782799696,7,Playboy,http://cpu7cxvy.rostelekom.xyz/iptv/VQ7RFHEBBENGT9/527/index.m3u8,86
1782799699,11,Eromania 4K,http://cpu7cxvy.rostelekom.xyz/iptv/VQ7RFHEBBENGT9/10049/index.m3u8,93
1782799704,31,Brazzers TV Europe Россия,http://cpu7cxvy.rostelekom.xyz/iptv/VQ7RFHEBBENGT9/910/index.m3u8,111
1782799707,12,Blue Hustler,http://cpu7cxvy.rostelekom.xyz/iptv/VQ7RFHEBBENGT9/1064/index.m3u8,93
1782799710,11,Redlight HD,http://cpu7cxvy.rostelekom.xyz/iptv/VQ7RFHEBBENGT9/242/index.m3u8,91
1782799712,10,Private TV,http://cpu7cxvy.rostelekom.xyz/iptv/VQ7RFHEBBENGT9/243/index.m3u8,90
1782799715,10,Hustler HD,http://cpu7cxvy.rostelekom.xyz/iptv/VQ7RFHEBBENGT9/244/index.m3u8,90
1782799718,12,Dorcel TV HD,http://cpu7cxvy.rostelekom.xyz/iptv/VQ7RFHEBBENGT9/245/index.m3u8,92
1782799720,8,Babes TV,http://cpu7cxvy.rostelekom.xyz/iptv/VQ7RFHEBBENGT9/2161/index.m3u8,88
1782799724,12,Vivid Red HD,http://cpu7cxvy.rostelekom.xyz/iptv/VQ7RFHEBBENGT9/2162/index.m3u8,93
1782799726,12,Exxxotica HD,http://cpu7cxvy.rostelekom.xyz/iptv/VQ7RFHEBBENGT9/2397/index.m3u8,93
1782799729,3,XXL,http://cpu7cxvy.rostelekom.xyz/iptv/VQ7RFHEBBENGT9/5009/index.m3u8,83
1782799733,20,Penthouse Passion HD,http://cpu7cxvy.rostelekom.xyz/iptv/VQ7RFHEBBENGT9/5010/index.m3u8,101
1782799743,17,Penthouse Gold HD,http://cpu7cxvy.rostelekom.xyz/iptv/VQ7RFHEBBENGT9/5011/index.m3u8,98
1782799775,23,Penthouse Reality TV HD,http://cpu7cxvy.rostelekom.xyz/iptv/VQ7RFHEBBENGT9/5012/index.m3u8,104
1782799779,24,Penthouse Reality TV FHD,http://cpu7cxvy.rostelekom.xyz/iptv/VQ7RFHEBBENGT9/5013/index.m3u8,105
1782799781,18,Extasy Platinum 4K,http://cpu7cxvy.rostelekom.xyz/iptv/VQ7RFHEBBENGT9/5014/index.m3u8,99
1782799786,9,Eroxxx HD,http://cpu7cxvy.rostelekom.xyz/iptv/VQ7RFHEBBENGT9/5015/index.m3u8,89
1782799790,9,SexArt HD,http://cpu7cxvy.rostelekom.xyz/iptv/VQ7RFHEBBENGT9/6165/index.m3u8,89
1782799793,10,Adult Time,http://cpu7cxvy.rostelekom.xyz/iptv/VQ7RFHEBBENGT9/6166/index.m3u8,91
1782806317,,,/mnt/game/`Наше Видео с кассеты 4k/2024.01.05 [4K] Новогодняя дискотека 2024.mkv,129
1782806326,,,/mnt/game/`Наше Видео с кассеты 4k/2025.01.05 [4K] Новый год 2025.mkv,107
1782806369,,,/mnt/game/Downloads/4k xxx/Lisa A aka Lisa Asil, Lisa Nixon - I Need A Spicy Reward! (02.02.2024)_2160p.mp4,120
1782806389,,,/mnt/game/Downloads/4k xxx/emily_thorne_sexy_pirata_4k.mp4,71
1782806400,,,/mnt/game/Downloads/4k xxx/TES_TSS6_2160_2021.mp4,62
1782806413,,,/mnt/game/Downloads/4k xxx/Precious Gold-The Loft-2160p.mp4,72
1782806428,,,/mnt/game/Downloads/4k xxx/Bubble butt blonde Athena Fleurs bangs friend's brother after a bad breakup.mp4,119
1782806600,16,Крик ТВ HD,http://cpu7cxvy.rostelekom.xyz/iptv/VQ7RFHEBBENGT9/15012/index.m3u8,98
1782806615,12,РБК HD 50,http://cpu7cxvy.rostelekom.xyz/iptv/VQ7RFHEBBENGT9/10029/index.m3u8,94
1782806632,15,BBC First HD UK,http://cpu7cxvy.rostelekom.xyz/iptv/VQ7RFHEBBENGT9/19181/index.m3u8,97
1782806663,,,http://cpu7cxvy.rostelekom.xyz/iptv/VQ7RFHEBBENGT9/19181/index.m3u8,80
1782806700,,,http://cpu7cxvy.rostelekom.xyz/iptv/VQ7RFHEBBENGT9/19183/index.m3u8,80
1782806710,,,http://cpu7cxvy.rostelekom.xyz/iptv/VQ7RFHEBBENGT9/16075/index.m3u8,80
1782806713,,,http://cpu7cxvy.rostelekom.xyz/iptv/VQ7RFHEBBENGT9/15447/index.m3u8,80
1782806716,,,http://cpu7cxvy.rostelekom.xyz/iptv/VQ7RFHEBBENGT9/15465/index.m3u8,80
1782806740,,,http://cpu7cxvy.rostelekom.xyz/iptv/VQ7RFHEBBENGT9/106/index.m3u8,78
1782806746,,,http://cpu7cxvy.rostelekom.xyz/iptv/VQ7RFHEBBENGT9/112/index.m3u8,78
1782806764,,,http://cpu7cxvy.rostelekom.xyz/iptv/VQ7RFHEBBENGT9/523/index.m3u8,78
1782806770,,,http://cpu7cxvy.rostelekom.xyz/iptv/VQ7RFHEBBENGT9/712/index.m3u8,78
1782827458,,,/home/safe/Загрузки/arcane-jinx-fanart-5k-ij-3840x2160.jpg,79
1782827529,,,/home/safe/Загрузки/8e4e3871-7e95-4ae4-94b8-c81ca4e1e2d9_1000097936.jpg,92
1782827676,,,/home/safe/Загрузки/arcane-jinx-fanart-5k-ij-3840x2160.jpg,79
1782841473,,,/run/user/1000/kio-fuse-hlNadq/smb/keenetic.local/Happy/ZyXEL_torrent/download/XXX/1080p/Sex/Lexi Swallow/kin8tengoku1230.wmv,138
1782841528,,,/run/user/1000/kio-fuse-hlNadq/smb/keenetic.local/Happy/ZyXEL_torrent/download/XXX/1080p/Sex/Lexi Swallow/kin8tengoku1230.wmv,138
1782841558,56,RARBG - FamilyHookups.E112.Alexis.Fawx.XXX.1080p.MP4-KTR,/run/user/1000/kio-fuse-hlNadq/smb/keenetic.local/Happy/ZyXEL_torrent/download/XXX/1080p/Sex/Alexis Fawx - Horny Stepson [Familyhookups.com].mp4,215
1782841579,,,/run/user/1000/kio-fuse-hlNadq/smb/keenetic.local/Happy/ZyXEL_torrent/download/XXX/1080p/Bukkake/PB - Maria Teen #4 - Bukkake - 1080p.mkv,150
1782841647,,,/run/user/1000/kio-fuse-hlNadq/smb/keenetic.local/Happy/ZyXEL_torrent/download/music/ Ну Просто Чумовая Песня Которую Знают ВСЕ !!!   Томик и Анжела   В Стиле Ласков_HD.mp4,244
1782841658,,,/run/user/1000/kio-fuse-hlNadq/smb/keenetic.local/Happy/ZyXEL_torrent/download/music/Миша ТаланТ  -  Сольёмся!.mp4,145
1782841675,,,/run/user/1000/kio-fuse-hlNadq/smb/keenetic.local/Happy/ZyXEL_torrent/download/music/Русский шансон от ALEXnROCK avi часть 1/Русский шансон от ALEXnROCK avi часть 1/005 Михаил Круг - Жиган-лимон.avi,271
1782841724,39,Van Helsing - 01.03 [003] - Stay Inside,/run/user/1000/kio-fuse-hlNadq/smb/keenetic.local/Happy/ZyXEL_torrent/download/`Serials/Van Helsing/Van Helsing Season 01 WEB-DL 1080p/s01e03-Stay Inside WEB-DL 1080p.mkv,224
1782841762,44,Ночные стражи.2016.Rip by: ollan,/run/user/1000/kio-fuse-hlNadq/smb/keenetic.local/Happy/ZyXEL_torrent/download/`Films/Ночные стражи/Nochnye.Strazhi.2016.x264.BDRip.(1080p).OlLanDGroup.mkv,226
1782846344,138,Мурашки от этой песни! Душу рвет! Послушайте! НЕЗНАКОМКА Вячеслав Сидоренко,https://www.youtube.com/watch?v=SSFGmtdEtms,197
1782846660,102,Секс с двумя грудастыми ALICE и AMIGA возля старого замка 2160р,https://vkvideo.ru/video-216462421_456239096,162
1782847837,102,Секс с двумя грудастыми ALICE и AMIGA возля старого замка 2160р,https://vkvideo.ru/video-216462421_456239096,162
1782847847,113,Худенькая MISSY LUV стала раком и дала овладеть своей писечкой 2160p,https://vkvideo.ru/video-216462421_456239095,173
1782847855,102,Секс с двумя грудастыми ALICE и AMIGA возля старого замка 2160р,https://vkvideo.ru/video-216462421_456239096,162
1782847866,102,Секс с двумя грудастыми ALICE и AMIGA возля старого замка 2160р,https://vkvideo.ru/video-216462421_456239096,162
1782847947,92,Фитоняшку Athena Faris отодрали после пренеровки Ultra HD 4k,https://vkvideo.ru/video-216462421_456239087,151
1782847974,77,4K 傑薩羅茲(2022)Jessa Rhodes - [PlayboyPlus.com] - [2022] - Sweet Escape,https://vkvideo.ru/video-221036181_456239574,136
1782902996,,,/home/safe/Загрузки/Xolop.3.2026.O.TELECINE.avi,68
1783016851,,,/home/safe/Загрузки/Scary.Movie.2026.D.TELECINE.avi,72
1783016868,43,Furiosa: A Mad Max Saga (2024) from seleZen,/home/safe/Загрузки/Furiosa.A.Mad.Max.Saga.2024.BDREMUX.2160p.HDR.DVP7.seleZen.mkv,148
1783176084,10,Adult Time,http://cpu7cxvy.rostelekom.xyz/iptv/VQ7RFHEBBENGT9/6166/index.m3u8,91
1783277157,10,Adult Time,http://cpu7cxvy.rostelekom.xyz/iptv/VQ7RFHEBBENGT9/6166/index.m3u8,91
1783277163,11,Red TV Anal,http://cpu7cxvy.rostelekom.xyz/iptv/VQ7RFHEBBENGT9/6167/index.m3u8,92
1783277169,11,Analized HD,http://cpu7cxvy.rostelekom.xyz/iptv/VQ7RFHEBBENGT9/6168/index.m3u8,92
1783277173,12,Babes.com HD,http://cpu7cxvy.rostelekom.xyz/iptv/VQ7RFHEBBENGT9/6171/index.m3u8,93
1783277413,12,Babes.com HD,http://cpu7cxvy.rostelekom.xyz/iptv/VQ7RFHEBBENGT9/6171/index.m3u8,93
1783400149,12,Babes.com HD,http://cpu7cxvy.rostelekom.xyz/iptv/VQ7RFHEBBENGT9/6171/index.m3u8,93
1783400157,5,Babes,http://cpu7cxvy.rostelekom.xyz/iptv/VQ7RFHEBBENGT9/6172/index.m3u8,85
1783400161,12,Bang Bros HD,http://cpu7cxvy.rostelekom.xyz/iptv/VQ7RFHEBBENGT9/6173/index.m3u8,93
1783400164,5,Bang!,http://cpu7cxvy.rostelekom.xyz/iptv/VQ7RFHEBBENGT9/6174/index.m3u8,85
1783400166,14,Red TV Big Ass,http://cpu7cxvy.rostelekom.xyz/iptv/VQ7RFHEBBENGT9/6175/index.m3u8,95
1783400169,15,Red TV Big Dick,http://cpu7cxvy.rostelekom.xyz/iptv/VQ7RFHEBBENGT9/6176/index.m3u8,96
1783400179,15,Red TV Big Tits,http://cpu7cxvy.rostelekom.xyz/iptv/VQ7RFHEBBENGT9/6177/index.m3u8,96
1783400181,10,Blacked HD,http://cpu7cxvy.rostelekom.xyz/iptv/VQ7RFHEBBENGT9/6178/index.m3u8,91
1783400185,14,Red TV Blowjob,http://cpu7cxvy.rostelekom.xyz/iptv/VQ7RFHEBBENGT9/6180/index.m3u8,95
1783400196,15,Brazzers eXXtra,http://cpu7cxvy.rostelekom.xyz/iptv/VQ7RFHEBBENGT9/6181/index.m3u8,96
1783400201,11,Brazzers HD,http://cpu7cxvy.rostelekom.xyz/iptv/VQ7RFHEBBENGT9/6182/index.m3u8,92
1783400204,15,Red TV Brunette,http://cpu7cxvy.rostelekom.xyz/iptv/VQ7RFHEBBENGT9/6183/index.m3u8,96
1783400209,12,Cherry Pimps,http://cpu7cxvy.rostelekom.xyz/iptv/VQ7RFHEBBENGT9/6185/index.m3u8,93
1783400250,19,Club Sweethearts HD,http://cpu7cxvy.rostelekom.xyz/iptv/VQ7RFHEBBENGT9/6186/index.m3u8,100
1783400253,18,Red TV Compilation,http://cpu7cxvy.rostelekom.xyz/iptv/VQ7RFHEBBENGT9/6187/index.m3u8,99
1783400255,14,Red TV Cuckold,http://cpu7cxvy.rostelekom.xyz/iptv/VQ7RFHEBBENGT9/6188/index.m3u8,95
1783400258,10,Cum Louder,http://cpu7cxvy.rostelekom.xyz/iptv/VQ7RFHEBBENGT9/6189/index.m3u8,91
1783400260,13,Daughter Swap,http://cpu7cxvy.rostelekom.xyz/iptv/VQ7RFHEBBENGT9/6191/index.m3u8,94
1783400264,19,Day with a Pornstar,http://cpu7cxvy.rostelekom.xyz/iptv/VQ7RFHEBBENGT9/6192/index.m3u8,100
1783400288,9,DDF Busty,http://cpu7cxvy.rostelekom.xyz/iptv/VQ7RFHEBBENGT9/6193/index.m3u8,89
1783400301,11,DDF Network,http://cpu7cxvy.rostelekom.xyz/iptv/VQ7RFHEBBENGT9/6194/index.m3u8,92
1783400303,17,Digital Desire HD,http://cpu7cxvy.rostelekom.xyz/iptv/VQ7RFHEBBENGT9/6195/index.m3u8,98
1783400305,21,Digital Playground HD,http://cpu7cxvy.rostelekom.xyz/iptv/VQ7RFHEBBENGT9/6196/index.m3u8,102
1783400308,11,Dorcel Club,http://cpu7cxvy.rostelekom.xyz/iptv/VQ7RFHEBBENGT9/6197/index.m3u8,92
1783400362,11,Porn Angels,http://cpu7cxvy.rostelekom.xyz/iptv/VQ7RFHEBBENGT9/6198/index.m3u8,92
1783400365,13,Evil Angel HD,http://cpu7cxvy.rostelekom.xyz/iptv/VQ7RFHEBBENGT9/6199/index.m3u8,94
1783400367,14,Evolved Fights,http://cpu7cxvy.rostelekom.xyz/iptv/VQ7RFHEBBENGT9/6200/index.m3u8,95
1783400370,12,Fake Taxi HD,http://cpu7cxvy.rostelekom.xyz/iptv/VQ7RFHEBBENGT9/6202/index.m3u8,93
1783400373,18,Fap TV Compilation,http://cpu7cxvy.rostelekom.xyz/iptv/VQ7RFHEBBENGT9/6208/index.m3u8,99
1783400375,6,FemJoy,http://cpu7cxvy.rostelekom.xyz/iptv/VQ7RFHEBBENGT9/6212/index.m3u8,86
1783400376,13,Red TV Fetish,http://cpu7cxvy.rostelekom.xyz/iptv/VQ7RFHEBBENGT9/6213/index.m3u8,94
1783400378,15,Red TV Gangbang,http://cpu7cxvy.rostelekom.xyz/iptv/VQ7RFHEBBENGT9/6214/index.m3u8,96
1783400382,10,Red TV Gay,http://cpu7cxvy.rostelekom.xyz/iptv/VQ7RFHEBBENGT9/6215/index.m3u8,91
1783400385,8,Got MYLF,http://cpu7cxvy.rostelekom.xyz/iptv/VQ7RFHEBBENGT9/6216/index.m3u8,88
1783400412,21,DDF Hands on Hardcore,http://cpu7cxvy.rostelekom.xyz/iptv/VQ7RFHEBBENGT9/6217/index.m3u8,102
1783400421,6,Hard X,http://cpu7cxvy.rostelekom.xyz/iptv/VQ7RFHEBBENGT9/6218/index.m3u8,86
1783400424,15,Red TV Hardcore,http://cpu7cxvy.rostelekom.xyz/iptv/VQ7RFHEBBENGT9/6219/index.m3u8,96
1783400430,12,Hitzefrei HD,http://cpu7cxvy.rostelekom.xyz/iptv/VQ7RFHEBBENGT9/6220/index.m3u8,93
1783400437,5,Holed,http://cpu7cxvy.rostelekom.xyz/iptv/VQ7RFHEBBENGT9/6221/index.m3u8,85
1783400440,12,Hot and Mean,http://cpu7cxvy.rostelekom.xyz/iptv/VQ7RFHEBBENGT9/6222/index.m3u8,93
1783400443,13,Hot Guys Fuck,http://cpu7cxvy.rostelekom.xyz/iptv/VQ7RFHEBBENGT9/6223/index.m3u8,94
1783400448,18,Red TV Interracial,http://cpu7cxvy.rostelekom.xyz/iptv/VQ7RFHEBBENGT9/6224/index.m3u8,99
1783400450,9,Japan HDV,http://cpu7cxvy.rostelekom.xyz/iptv/VQ7RFHEBBENGT9/6225/index.m3u8,89
1783400455,13,Red TV Latina,http://cpu7cxvy.rostelekom.xyz/iptv/VQ7RFHEBBENGT9/6226/index.m3u8,94
1783400459,6,Lesbea,http://cpu7cxvy.rostelekom.xyz/iptv/VQ7RFHEBBENGT9/6227/index.m3u8,86
1783400461,14,Red TV Lesbian,http://cpu7cxvy.rostelekom.xyz/iptv/VQ7RFHEBBENGT9/6228/index.m3u8,95
1783400464,15,Lethal Hardcore,http://cpu7cxvy.rostelekom.xyz/iptv/VQ7RFHEBBENGT9/6229/index.m3u8,96
1783400469,16,Little Asians HD,http://cpu7cxvy.rostelekom.xyz/iptv/VQ7RFHEBBENGT9/6230/index.m3u8,97
1783400471,16,Red TV Live Cams,http://cpu7cxvy.rostelekom.xyz/iptv/VQ7RFHEBBENGT9/6231/index.m3u8,97
1783400473,11,Lust Cinema,http://cpu7cxvy.rostelekom.xyz/iptv/VQ7RFHEBBENGT9/6232/index.m3u8,92
1783400476,9,MetArt HD,http://cpu7cxvy.rostelekom.xyz/iptv/VQ7RFHEBBENGT9/6233/index.m3u8,89
1783400479,11,Red TV Milf,http://cpu7cxvy.rostelekom.xyz/iptv/VQ7RFHEBBENGT9/6234/index.m3u8,92
1783400521,16,Monsters of Cock,http://cpu7cxvy.rostelekom.xyz/iptv/VQ7RFHEBBENGT9/6235/index.m3u8,97
1783400525,10,MYLF TV HD,http://cpu7cxvy.rostelekom.xyz/iptv/VQ7RFHEBBENGT9/6236/index.m3u8,91
1783400528,15,Naughty America,http://cpu7cxvy.rostelekom.xyz/iptv/VQ7RFHEBBENGT9/6237/index.m3u8,96
1783400530,13,Nubiles TV HD,http://cpu7cxvy.rostelekom.xyz/iptv/VQ7RFHEBBENGT9/6238/index.m3u8,94
1783400533,13,Pink Erotic 3,http://cpu7cxvy.rostelekom.xyz/iptv/VQ7RFHEBBENGT9/6240/index.m3u8,94
1783400535,13,Pink Erotic 4,http://cpu7cxvy.rostelekom.xyz/iptv/VQ7RFHEBBENGT9/6241/index.m3u8,94
1783400539,12,Playboy Plus,http://cpu7cxvy.rostelekom.xyz/iptv/VQ7RFHEBBENGT9/6242/index.m3u8,93
1783400541,15,Red TV Pornstar,http://cpu7cxvy.rostelekom.xyz/iptv/VQ7RFHEBBENGT9/6243/index.m3u8,96
1783400543,10,Red TV POV,http://cpu7cxvy.rostelekom.xyz/iptv/VQ7RFHEBBENGT9/6244/index.m3u8,91
1783400545,14,Private.com HD,http://cpu7cxvy.rostelekom.xyz/iptv/VQ7RFHEBBENGT9/6245/index.m3u8,95
1783400548,12,Public Agent,http://cpu7cxvy.rostelekom.xyz/iptv/VQ7RFHEBBENGT9/6246/index.m3u8,93
1783400551,16,Reality Kings HD,http://cpu7cxvy.rostelekom.xyz/iptv/VQ7RFHEBBENGT9/6247/index.m3u8,97
1783400553,8,RK Prime,http://cpu7cxvy.rostelekom.xyz/iptv/VQ7RFHEBBENGT9/6248/index.m3u8,88
1783400556,5,RK TV,http://cpu7cxvy.rostelekom.xyz/iptv/VQ7RFHEBBENGT9/6249/index.m3u8,85
1783400563,12,Red TV Rough,http://cpu7cxvy.rostelekom.xyz/iptv/VQ7RFHEBBENGT9/6250/index.m3u8,93
1783400565,14,Red TV Russian,http://cpu7cxvy.rostelekom.xyz/iptv/VQ7RFHEBBENGT9/6251/index.m3u8,95
1783400567,16,Sex With Muslims,http://cpu7cxvy.rostelekom.xyz/iptv/VQ7RFHEBBENGT9/6252/index.m3u8,97
1783400570,6,SexArt,http://cpu7cxvy.rostelekom.xyz/iptv/VQ7RFHEBBENGT9/6253/index.m3u8,86
1783400572,10,SINematica,http://cpu7cxvy.rostelekom.xyz/iptv/VQ7RFHEBBENGT9/6255/index.m3u8,91
1783400575,11,Red TV Teen,http://cpu7cxvy.rostelekom.xyz/iptv/VQ7RFHEBBENGT9/6256/index.m3u8,92
1783400577,16,Red TV Threesome,http://cpu7cxvy.rostelekom.xyz/iptv/VQ7RFHEBBENGT9/6257/index.m3u8,97
1783400580,6,Tiny4K,http://cpu7cxvy.rostelekom.xyz/iptv/VQ7RFHEBBENGT9/6258/index.m3u8,86
1783400582,12,Trans Angels,http://cpu7cxvy.rostelekom.xyz/iptv/VQ7RFHEBBENGT9/6259/index.m3u8,93
1783400585,13,True Amateurs,http://cpu7cxvy.rostelekom.xyz/iptv/VQ7RFHEBBENGT9/6260/index.m3u8,94
1783400589,8,Tushy HD,http://cpu7cxvy.rostelekom.xyz/iptv/VQ7RFHEBBENGT9/6261/index.m3u8,88
1783400591,12,Tushy RAW HD,http://cpu7cxvy.rostelekom.xyz/iptv/VQ7RFHEBBENGT9/6262/index.m3u8,93
1783400594,10,Visit-X TV,http://cpu7cxvy.rostelekom.xyz/iptv/VQ7RFHEBBENGT9/6263/index.m3u8,91
1783400596,15,Vivid TV Europe,http://cpu7cxvy.rostelekom.xyz/iptv/VQ7RFHEBBENGT9/6264/index.m3u8,96
1783400598,8,Vixen HD,http://cpu7cxvy.rostelekom.xyz/iptv/VQ7RFHEBBENGT9/6265/index.m3u8,88
1783400681,16,We Live Together,http://cpu7cxvy.rostelekom.xyz/iptv/VQ7RFHEBBENGT9/6266/index.m3u8,97
1783400684,11,White Boxxx,http://cpu7cxvy.rostelekom.xyz/iptv/VQ7RFHEBBENGT9/6267/index.m3u8,92
1783400688,6,Wicked,http://cpu7cxvy.rostelekom.xyz/iptv/VQ7RFHEBBENGT9/6268/index.m3u8,86
1783400690,10,Xpanded TV,http://cpu7cxvy.rostelekom.xyz/iptv/VQ7RFHEBBENGT9/6269/index.m3u8,91
1783400694,13,Balkan Erotic,http://cpu7cxvy.rostelekom.xyz/iptv/VQ7RFHEBBENGT9/6270/index.m3u8,94
1783400696,8,Red Lips,http://cpu7cxvy.rostelekom.xyz/iptv/VQ7RFHEBBENGT9/6271/index.m3u8,88
1783400698,9,Leo TV HD,http://cpu7cxvy.rostelekom.xyz/iptv/VQ7RFHEBBENGT9/6272/index.m3u8,89
1783400702,3,HOT,http://cpu7cxvy.rostelekom.xyz/iptv/VQ7RFHEBBENGT9/6275/index.m3u8,83
1783400705,12,Hot Pleasure,http://cpu7cxvy.rostelekom.xyz/iptv/VQ7RFHEBBENGT9/6277/index.m3u8,93
1783400706,7,Red XXX,http://cpu7cxvy.rostelekom.xyz/iptv/VQ7RFHEBBENGT9/6281/index.m3u8,87
1783400708,8,Sexy Hot,http://cpu7cxvy.rostelekom.xyz/iptv/VQ7RFHEBBENGT9/6282/index.m3u8,88
1783400711,5,Venus,http://cpu7cxvy.rostelekom.xyz/iptv/VQ7RFHEBBENGT9/6284/index.m3u8,85
1783400713,9,XY Max HD,http://cpu7cxvy.rostelekom.xyz/iptv/VQ7RFHEBBENGT9/6286/index.m3u8,89
1783400716,9,XY Mix HD,http://cpu7cxvy.rostelekom.xyz/iptv/VQ7RFHEBBENGT9/6287/index.m3u8,89
1783400718,10,XY Plus HD,http://cpu7cxvy.rostelekom.xyz/iptv/VQ7RFHEBBENGT9/6288/index.m3u8,91
1783400721,13,Pink Erotic 1,http://cpu7cxvy.rostelekom.xyz/iptv/VQ7RFHEBBENGT9/6289/index.m3u8,94
1783400725,13,Pink Erotic 2,http://cpu7cxvy.rostelekom.xyz/iptv/VQ7RFHEBBENGT9/6290/index.m3u8,94
1783400728,13,Pink Erotic 3,http://cpu7cxvy.rostelekom.xyz/iptv/VQ7RFHEBBENGT9/6291/index.m3u8,94
1783400733,13,Pink Erotic 4,http://cpu7cxvy.rostelekom.xyz/iptv/VQ7RFHEBBENGT9/6292/index.m3u8,94
1783400737,13,Pink Erotic 6,http://cpu7cxvy.rostelekom.xyz/iptv/VQ7RFHEBBENGT9/6293/index.m3u8,94
1783400739,13,Pink Erotic 7,http://cpu7cxvy.rostelekom.xyz/iptv/VQ7RFHEBBENGT9/6294/index.m3u8,94
1783400743,13,Pink Erotic 8,http://cpu7cxvy.rostelekom.xyz/iptv/VQ7RFHEBBENGT9/6295/index.m3u8,94
1783400745,7,Erox HD,http://cpu7cxvy.rostelekom.xyz/iptv/VQ7RFHEBBENGT9/6296/index.m3u8,87
1783400747,11,SuperOne HD,http://cpu7cxvy.rostelekom.xyz/iptv/VQ7RFHEBBENGT9/6298/index.m3u8,92
1783400749,17,Dorcel TV HD orig,http://cpu7cxvy.rostelekom.xyz/iptv/VQ7RFHEBBENGT9/9064/index.m3u8,98
1783400751,15,Hustler HD orig,http://cpu7cxvy.rostelekom.xyz/iptv/VQ7RFHEBBENGT9/9065/index.m3u8,96
1783400754,16,Redlight HD orig,http://cpu7cxvy.rostelekom.xyz/iptv/VQ7RFHEBBENGT9/9066/index.m3u8,97
1783400757,28,Русская Ночь orig,http://cpu7cxvy.rostelekom.xyz/iptv/VQ7RFHEBBENGT9/9344/index.m3u8,109
1783400761,17,Exxxotica HD orig,http://cpu7cxvy.rostelekom.xyz/iptv/VQ7RFHEBBENGT9/9346/index.m3u8,98
1783400763,12,Shot TV orig,http://cpu7cxvy.rostelekom.xyz/iptv/VQ7RFHEBBENGT9/9347/index.m3u8,93
1783400765,17,StrahTV Extasy HD,http://cpu7cxvy.rostelekom.xyz/iptv/VQ7RFHEBBENGT9/11051/index.m3u8,99
1783400769,15,StrahTV KinoXXX,http://cpu7cxvy.rostelekom.xyz/iptv/VQ7RFHEBBENGT9/11052/index.m3u8,97
1783400772,20,StrahTV Ох-Ах HD,http://cpu7cxvy.rostelekom.xyz/iptv/VQ7RFHEBBENGT9/11068/index.m3u8,102
1783400774,14,VF Cartoon 18+,http://cpu7cxvy.rostelekom.xyz/iptv/VQ7RFHEBBENGT9/11117/index.m3u8,96
1783400778,10,Alba XXX 1,http://cpu7cxvy.rostelekom.xyz/iptv/VQ7RFHEBBENGT9/12106/index.m3u8,92
1783400782,9,Exotic 4k,http://cpu7cxvy.rostelekom.xyz/iptv/VQ7RFHEBBENGT9/12107/index.m3u8,90
1783400784,19,Euro Girls On Girls,http://cpu7cxvy.rostelekom.xyz/iptv/VQ7RFHEBBENGT9/12108/index.m3u8,101
1783400796,9,Erotica X,http://cpu7cxvy.rostelekom.xyz/iptv/VQ7RFHEBBENGT9/12109/index.m3u8,90
1783400804,12,Erotic Spice,http://cpu7cxvy.rostelekom.xyz/iptv/VQ7RFHEBBENGT9/12110/index.m3u8,94
1783400809,11,DP Fanatics,http://cpu7cxvy.rostelekom.xyz/iptv/VQ7RFHEBBENGT9/12111/index.m3u8,93
1783400819,21,Brazzers TV Europe HD,http://cpu7cxvy.rostelekom.xyz/iptv/VQ7RFHEBBENGT9/12113/index.m3u8,103
1783400823,8,SuperOne,http://cpu7cxvy.rostelekom.xyz/iptv/VQ7RFHEBBENGT9/12121/index.m3u8,89
1783400826,16,Dirty Wives Club,http://cpu7cxvy.rostelekom.xyz/iptv/VQ7RFHEBBENGT9/12122/index.m3u8,98
1783400829,12,French Lover,http://cpu7cxvy.rostelekom.xyz/iptv/VQ7RFHEBBENGT9/12124/index.m3u8,94
1783400831,18,Meiden Van Holland,http://cpu7cxvy.rostelekom.xyz/iptv/VQ7RFHEBBENGT9/12125/index.m3u8,100
1783400833,13,Dirty Masseur,http://cpu7cxvy.rostelekom.xyz/iptv/VQ7RFHEBBENGT9/12128/index.m3u8,95
1783400835,10,Dirty Flix,http://cpu7cxvy.rostelekom.xyz/iptv/VQ7RFHEBBENGT9/12130/index.m3u8,92
1783400837,9,Dorcel TV,http://cpu7cxvy.rostelekom.xyz/iptv/VQ7RFHEBBENGT9/12131/index.m3u8,90
1783400839,15,Kinky Family HD,http://cpu7cxvy.rostelekom.xyz/iptv/VQ7RFHEBBENGT9/12133/index.m3u8,97
1783400841,10,Playboy LA,http://cpu7cxvy.rostelekom.xyz/iptv/VQ7RFHEBBENGT9/12135/index.m3u8,92
1783400844,13,Passie XXX TV,http://cpu7cxvy.rostelekom.xyz/iptv/VQ7RFHEBBENGT9/12136/index.m3u8,95
1783400846,14,Devils Film HD,http://cpu7cxvy.rostelekom.xyz/iptv/VQ7RFHEBBENGT9/12137/index.m3u8,96
1783400849,18,Deep Throat Sirens,http://cpu7cxvy.rostelekom.xyz/iptv/VQ7RFHEBBENGT9/12138/index.m3u8,100
1783400851,9,Deep Lush,http://cpu7cxvy.rostelekom.xyz/iptv/VQ7RFHEBBENGT9/12139/index.m3u8,90
1783400855,6,Dark X,http://cpu7cxvy.rostelekom.xyz/iptv/VQ7RFHEBBENGT9/12140/index.m3u8,87
1783400857,18,Veraporn Group Sex,http://cpu7cxvy.rostelekom.xyz/iptv/VQ7RFHEBBENGT9/12141/index.m3u8,100
1783400860,20,Veraporn Group Sex 2,http://cpu7cxvy.rostelekom.xyz/iptv/VQ7RFHEBBENGT9/12142/index.m3u8,102
1783400862,10,Dane Jones,http://cpu7cxvy.rostelekom.xyz/iptv/VQ7RFHEBBENGT9/12143/index.m3u8,92
1783400865,12,Dancing Bear,http://cpu7cxvy.rostelekom.xyz/iptv/VQ7RFHEBBENGT9/12144/index.m3u8,94
1783400869,16,Pink Erotic 1 HD,http://cpu7cxvy.rostelekom.xyz/iptv/VQ7RFHEBBENGT9/12146/index.m3u8,98
1783400871,16,Pink Erotic 2 HD,http://cpu7cxvy.rostelekom.xyz/iptv/VQ7RFHEBBENGT9/12147/index.m3u8,98
1783400873,16,Pink Erotic 3 HD,http://cpu7cxvy.rostelekom.xyz/iptv/VQ7RFHEBBENGT9/12148/index.m3u8,98
1783400876,16,Pink Erotic 4 HD,http://cpu7cxvy.rostelekom.xyz/iptv/VQ7RFHEBBENGT9/12149/index.m3u8,98
1783400878,16,Pink Erotic 5 HD,http://cpu7cxvy.rostelekom.xyz/iptv/VQ7RFHEBBENGT9/12150/index.m3u8,98
1783400880,16,Pink Erotic 6 HD,http://cpu7cxvy.rostelekom.xyz/iptv/VQ7RFHEBBENGT9/12151/index.m3u8,98
1783400882,16,Pink Erotic 7 HD,http://cpu7cxvy.rostelekom.xyz/iptv/VQ7RFHEBBENGT9/12152/index.m3u8,98
1783400884,16,Pink Erotic 8 HD,http://cpu7cxvy.rostelekom.xyz/iptv/VQ7RFHEBBENGT9/12153/index.m3u8,98
1783400886,9,Dad Crush,http://cpu7cxvy.rostelekom.xyz/iptv/VQ7RFHEBBENGT9/12154/index.m3u8,90
1783400888,11,Family Swap,http://cpu7cxvy.rostelekom.xyz/iptv/VQ7RFHEBBENGT9/12155/index.m3u8,93
1783401090,14,Family Strokes,http://cpu7cxvy.rostelekom.xyz/iptv/VQ7RFHEBBENGT9/12156/index.m3u8,96
1783401093,9,Cum4k UHD,http://cpu7cxvy.rostelekom.xyz/iptv/VQ7RFHEBBENGT9/12157/index.m3u8,90
1783401099,14,Cum Perfection,http://cpu7cxvy.rostelekom.xyz/iptv/VQ7RFHEBBENGT9/12158/index.m3u8,96
1783401102,10,MetArt FHD,http://cpu7cxvy.rostelekom.xyz/iptv/VQ7RFHEBBENGT9/12160/index.m3u8,92
1783401108,10,Bratty Sis,http://cpu7cxvy.rostelekom.xyz/iptv/VQ7RFHEBBENGT9/12161/index.m3u8,92
1783401174,18,Brand New Amateurs,http://cpu7cxvy.rostelekom.xyz/iptv/VQ7RFHEBBENGT9/12162/index.m3u8,100
1783401177,10,Beate Uhse,http://cpu7cxvy.rostelekom.xyz/iptv/VQ7RFHEBBENGT9/12163/index.m3u8,92
1783401179,7,BBC Pie,http://cpu7cxvy.rostelekom.xyz/iptv/VQ7RFHEBBENGT9/12164/index.m3u8,88
1783401184,15,Barely Legal TV,http://cpu7cxvy.rostelekom.xyz/iptv/VQ7RFHEBBENGT9/12165/index.m3u8,97
1783401187,8,Bang POV,http://cpu7cxvy.rostelekom.xyz/iptv/VQ7RFHEBBENGT9/12166/index.m3u8,89
1783401216,8,Bang Bus,http://cpu7cxvy.rostelekom.xyz/iptv/VQ7RFHEBBENGT9/12167/index.m3u8,89
1783401232,12,Banana Fever,http://cpu7cxvy.rostelekom.xyz/iptv/VQ7RFHEBBENGT9/12168/index.m3u8,94
1783401238,13,Asshole Fever,http://cpu7cxvy.rostelekom.xyz/iptv/VQ7RFHEBBENGT9/12169/index.m3u8,95
1783401241,10,Ass Parade,http://cpu7cxvy.rostelekom.xyz/iptv/VQ7RFHEBBENGT9/12178/index.m3u8,92
1783401243,9,Anal Time,http://cpu7cxvy.rostelekom.xyz/iptv/VQ7RFHEBBENGT9/12181/index.m3u8,90
1783401246,16,Anal Teen Angels,http://cpu7cxvy.rostelekom.xyz/iptv/VQ7RFHEBBENGT9/12183/index.m3u8,98
1783401261,9,Anal Only,http://cpu7cxvy.rostelekom.xyz/iptv/VQ7RFHEBBENGT9/12184/index.m3u8,90
1783401266,12,Hot Wife XXX,http://cpu7cxvy.rostelekom.xyz/iptv/VQ7RFHEBBENGT9/12187/index.m3u8,94
1783401275,8,Anal Mom,http://cpu7cxvy.rostelekom.xyz/iptv/VQ7RFHEBBENGT9/12189/index.m3u8,89
1783401278,7,Anal 4K,http://cpu7cxvy.rostelekom.xyz/iptv/VQ7RFHEBBENGT9/12190/index.m3u8,88
1783401293,13,Amateur Boxxx,http://cpu7cxvy.rostelekom.xyz/iptv/VQ7RFHEBBENGT9/12191/index.m3u8,95
1783401295,8,All Anal,http://cpu7cxvy.rostelekom.xyz/iptv/VQ7RFHEBBENGT9/12192/index.m3u8,89
1783401298,11,Alex Legend,http://cpu7cxvy.rostelekom.xyz/iptv/VQ7RFHEBBENGT9/12193/index.m3u8,93
1783401300,13,Alba XXX 2 HD,http://cpu7cxvy.rostelekom.xyz/iptv/VQ7RFHEBBENGT9/12194/index.m3u8,95
1783401304,13,Alba XXX 1 HD,http://cpu7cxvy.rostelekom.xyz/iptv/VQ7RFHEBBENGT9/12204/index.m3u8,95
1783401306,10,21 Sextury,http://cpu7cxvy.rostelekom.xyz/iptv/VQ7RFHEBBENGT9/12205/index.m3u8,92
1783401310,19,XXX Love's Berry HD,http://cpu7cxvy.rostelekom.xyz/iptv/VQ7RFHEBBENGT9/14140/index.m3u8,101
1783401313,13,Yosso TV Sexy,http://cpu7cxvy.rostelekom.xyz/iptv/VQ7RFHEBBENGT9/14176/index.m3u8,95
1783401317,26,Liberty Эротика FHD,http://cpu7cxvy.rostelekom.xyz/iptv/VQ7RFHEBBENGT9/16069/index.m3u8,108
1783401320,17,Kinoshka Adult HD,http://cpu7cxvy.rostelekom.xyz/iptv/VQ7RFHEBBENGT9/18060/index.m3u8,99
1783401322,23,Tviksel Кино 18+ HD,http://cpu7cxvy.rostelekom.xyz/iptv/VQ7RFHEBBENGT9/18075/index.m3u8,105
1783401325,34,Tviksel Кино 18+ International,http://cpu7cxvy.rostelekom.xyz/iptv/VQ7RFHEBBENGT9/18076/index.m3u8,116
1783401329,12,BCU Charm HD,http://cpu7cxvy.rostelekom.xyz/iptv/VQ7RFHEBBENGT9/18053/index.m3u8,94
1783401334,14,CineMan ExExEx,http://cpu7cxvy.rostelekom.xyz/iptv/VQ7RFHEBBENGT9/20089/index.m3u8,96
1783401344,22,StrahTV PlayBoyz TV HD,http://cpu7cxvy.rostelekom.xyz/iptv/VQ7RFHEBBENGT9/31709/index.m3u8,104
1783401347,22,StrahTV Ню Арт HD,http://cpu7cxvy.rostelekom.xyz/iptv/VQ7RFHEBBENGT9/31716/index.m3u8,104
1783401360,23,VF Граиндхаус,http://cpu7cxvy.rostelekom.xyz/iptv/VQ7RFHEBBENGT9/14158/index.m3u8,105
1783401365,7,Playboy,http://cpu7cxvy.rostelekom.xyz/iptv/VQ7RFHEBBENGT9/527/index.m3u8,86
1783401372,11,Eromania 4K,http://cpu7cxvy.rostelekom.xyz/iptv/VQ7RFHEBBENGT9/10049/index.m3u8,93
1783401376,23,Русская Ночь,http://cpu7cxvy.rostelekom.xyz/iptv/VQ7RFHEBBENGT9/147/index.m3u8,103
1783401378,31,Brazzers TV Europe Россия,http://cpu7cxvy.rostelekom.xyz/iptv/VQ7RFHEBBENGT9/910/index.m3u8,111
1783401381,11,Redlight HD,http://cpu7cxvy.rostelekom.xyz/iptv/VQ7RFHEBBENGT9/242/index.m3u8,91
1783401383,10,Private TV,http://cpu7cxvy.rostelekom.xyz/iptv/VQ7RFHEBBENGT9/243/index.m3u8,90
1783401386,10,Hustler HD,http://cpu7cxvy.rostelekom.xyz/iptv/VQ7RFHEBBENGT9/244/index.m3u8,90
1783401388,12,Dorcel TV HD,http://cpu7cxvy.rostelekom.xyz/iptv/VQ7RFHEBBENGT9/245/index.m3u8,92
1783401389,8,Babes TV,http://cpu7cxvy.rostelekom.xyz/iptv/VQ7RFHEBBENGT9/2161/index.m3u8,88
1783401393,12,Vivid Red HD,http://cpu7cxvy.rostelekom.xyz/iptv/VQ7RFHEBBENGT9/2162/index.m3u8,93
1783401395,12,Exxxotica HD,http://cpu7cxvy.rostelekom.xyz/iptv/VQ7RFHEBBENGT9/2397/index.m3u8,93
1783401398,3,XXL,http://cpu7cxvy.rostelekom.xyz/iptv/VQ7RFHEBBENGT9/5009/index.m3u8,83
1783401402,20,Penthouse Passion HD,http://cpu7cxvy.rostelekom.xyz/iptv/VQ7RFHEBBENGT9/5010/index.m3u8,101
1783401407,17,Penthouse Gold HD,http://cpu7cxvy.rostelekom.xyz/iptv/VQ7RFHEBBENGT9/5011/index.m3u8,98
1783402276,23,Penthouse Reality TV HD,http://cpu7cxvy.rostelekom.xyz/iptv/VQ7RFHEBBENGT9/5012/index.m3u8,104
1783402279,24,Penthouse Reality TV FHD,http://cpu7cxvy.rostelekom.xyz/iptv/VQ7RFHEBBENGT9/5013/index.m3u8,105
1783402283,18,Extasy Platinum 4K,http://cpu7cxvy.rostelekom.xyz/iptv/VQ7RFHEBBENGT9/5014/index.m3u8,99
1783402290,9,Eroxxx HD,http://cpu7cxvy.rostelekom.xyz/iptv/VQ7RFHEBBENGT9/5015/index.m3u8,89
1783402293,9,SexArt HD,http://cpu7cxvy.rostelekom.xyz/iptv/VQ7RFHEBBENGT9/6165/index.m3u8,89
1783402299,10,Adult Time,http://cpu7cxvy.rostelekom.xyz/iptv/VQ7RFHEBBENGT9/6166/index.m3u8,91
1783402306,11,Red TV Anal,http://cpu7cxvy.rostelekom.xyz/iptv/VQ7RFHEBBENGT9/6167/index.m3u8,92
1783402308,11,Analized HD,http://cpu7cxvy.rostelekom.xyz/iptv/VQ7RFHEBBENGT9/6168/index.m3u8,92
1783402310,12,Babes.com HD,http://cpu7cxvy.rostelekom.xyz/iptv/VQ7RFHEBBENGT9/6171/index.m3u8,93
1783402379,5,Babes,http://cpu7cxvy.rostelekom.xyz/iptv/VQ7RFHEBBENGT9/6172/index.m3u8,85
1783402382,12,Bang Bros HD,http://cpu7cxvy.rostelekom.xyz/iptv/VQ7RFHEBBENGT9/6173/index.m3u8,93
1783402385,5,Bang!,http://cpu7cxvy.rostelekom.xyz/iptv/VQ7RFHEBBENGT9/6174/index.m3u8,85
1783402392,15,Red TV Big Dick,http://cpu7cxvy.rostelekom.xyz/iptv/VQ7RFHEBBENGT9/6176/index.m3u8,96
1783402396,15,Red TV Big Tits,http://cpu7cxvy.rostelekom.xyz/iptv/VQ7RFHEBBENGT9/6177/index.m3u8,96
1783402398,10,Blacked HD,http://cpu7cxvy.rostelekom.xyz/iptv/VQ7RFHEBBENGT9/6178/index.m3u8,91
1783402401,14,Red TV Blowjob,http://cpu7cxvy.rostelekom.xyz/iptv/VQ7RFHEBBENGT9/6180/index.m3u8,95
1783402403,15,Brazzers eXXtra,http://cpu7cxvy.rostelekom.xyz/iptv/VQ7RFHEBBENGT9/6181/index.m3u8,96
1783402406,11,Brazzers HD,http://cpu7cxvy.rostelekom.xyz/iptv/VQ7RFHEBBENGT9/6182/index.m3u8,92
1783402409,15,Red TV Brunette,http://cpu7cxvy.rostelekom.xyz/iptv/VQ7RFHEBBENGT9/6183/index.m3u8,96
1783402412,12,Cherry Pimps,http://cpu7cxvy.rostelekom.xyz/iptv/VQ7RFHEBBENGT9/6185/index.m3u8,93
1783402492,19,Club Sweethearts HD,http://cpu7cxvy.rostelekom.xyz/iptv/VQ7RFHEBBENGT9/6186/index.m3u8,100
1783402494,18,Red TV Compilation,http://cpu7cxvy.rostelekom.xyz/iptv/VQ7RFHEBBENGT9/6187/index.m3u8,99
1783402496,14,Red TV Cuckold,http://cpu7cxvy.rostelekom.xyz/iptv/VQ7RFHEBBENGT9/6188/index.m3u8,95
1783402498,10,Cum Louder,http://cpu7cxvy.rostelekom.xyz/iptv/VQ7RFHEBBENGT9/6189/index.m3u8,91
1783402504,19,Day with a Pornstar,http://cpu7cxvy.rostelekom.xyz/iptv/VQ7RFHEBBENGT9/6192/index.m3u8,100
1783402507,9,DDF Busty,http://cpu7cxvy.rostelekom.xyz/iptv/VQ7RFHEBBENGT9/6193/index.m3u8,89
1783402509,11,DDF Network,http://cpu7cxvy.rostelekom.xyz/iptv/VQ7RFHEBBENGT9/6194/index.m3u8,92
1783402513,17,Digital Desire HD,http://cpu7cxvy.rostelekom.xyz/iptv/VQ7RFHEBBENGT9/6195/index.m3u8,98
1783402519,21,Digital Playground HD,http://cpu7cxvy.rostelekom.xyz/iptv/VQ7RFHEBBENGT9/6196/index.m3u8,102
1783402522,11,Dorcel Club,http://cpu7cxvy.rostelekom.xyz/iptv/VQ7RFHEBBENGT9/6197/index.m3u8,92
1783402526,11,Porn Angels,http://cpu7cxvy.rostelekom.xyz/iptv/VQ7RFHEBBENGT9/6198/index.m3u8,92
1783402530,13,Evil Angel HD,http://cpu7cxvy.rostelekom.xyz/iptv/VQ7RFHEBBENGT9/6199/index.m3u8,94
1783402532,14,Evolved Fights,http://cpu7cxvy.rostelekom.xyz/iptv/VQ7RFHEBBENGT9/6200/index.m3u8,95
1783402534,12,Fake Taxi HD,http://cpu7cxvy.rostelekom.xyz/iptv/VQ7RFHEBBENGT9/6202/index.m3u8,93
1783402538,18,Fap TV Compilation,http://cpu7cxvy.rostelekom.xyz/iptv/VQ7RFHEBBENGT9/6208/index.m3u8,99
1783402541,6,FemJoy,http://cpu7cxvy.rostelekom.xyz/iptv/VQ7RFHEBBENGT9/6212/index.m3u8,86
1783402544,13,Red TV Fetish,http://cpu7cxvy.rostelekom.xyz/iptv/VQ7RFHEBBENGT9/6213/index.m3u8,94
1783402547,15,Red TV Gangbang,http://cpu7cxvy.rostelekom.xyz/iptv/VQ7RFHEBBENGT9/6214/index.m3u8,96
1783402549,10,Red TV Gay,http://cpu7cxvy.rostelekom.xyz/iptv/VQ7RFHEBBENGT9/6215/index.m3u8,91
1783402554,8,Got MYLF,http://cpu7cxvy.rostelekom.xyz/iptv/VQ7RFHEBBENGT9/6216/index.m3u8,88
1783402557,21,DDF Hands on Hardcore,http://cpu7cxvy.rostelekom.xyz/iptv/VQ7RFHEBBENGT9/6217/index.m3u8,102
1783402559,6,Hard X,http://cpu7cxvy.rostelekom.xyz/iptv/VQ7RFHEBBENGT9/6218/index.m3u8,86
1783402561,15,Red TV Hardcore,http://cpu7cxvy.rostelekom.xyz/iptv/VQ7RFHEBBENGT9/6219/index.m3u8,96
1783402562,12,Hitzefrei HD,http://cpu7cxvy.rostelekom.xyz/iptv/VQ7RFHEBBENGT9/6220/index.m3u8,93
1783402568,5,Holed,http://cpu7cxvy.rostelekom.xyz/iptv/VQ7RFHEBBENGT9/6221/index.m3u8,85
1783402570,12,Hot and Mean,http://cpu7cxvy.rostelekom.xyz/iptv/VQ7RFHEBBENGT9/6222/index.m3u8,93
1783402573,13,Hot Guys Fuck,http://cpu7cxvy.rostelekom.xyz/iptv/VQ7RFHEBBENGT9/6223/index.m3u8,94
1783402575,18,Red TV Interracial,http://cpu7cxvy.rostelekom.xyz/iptv/VQ7RFHEBBENGT9/6224/index.m3u8,99
1783402577,9,Japan HDV,http://cpu7cxvy.rostelekom.xyz/iptv/VQ7RFHEBBENGT9/6225/index.m3u8,89
1783402580,13,Red TV Latina,http://cpu7cxvy.rostelekom.xyz/iptv/VQ7RFHEBBENGT9/6226/index.m3u8,94
1783402586,14,Red TV Lesbian,http://cpu7cxvy.rostelekom.xyz/iptv/VQ7RFHEBBENGT9/6228/index.m3u8,95
1783402590,15,Lethal Hardcore,http://cpu7cxvy.rostelekom.xyz/iptv/VQ7RFHEBBENGT9/6229/index.m3u8,96
1783402595,16,Little Asians HD,http://cpu7cxvy.rostelekom.xyz/iptv/VQ7RFHEBBENGT9/6230/index.m3u8,97
1783402597,16,Red TV Live Cams,http://cpu7cxvy.rostelekom.xyz/iptv/VQ7RFHEBBENGT9/6231/index.m3u8,97
1783402672,11,Lust Cinema,http://cpu7cxvy.rostelekom.xyz/iptv/VQ7RFHEBBENGT9/6232/index.m3u8,92
1783402676,9,MetArt HD,http://cpu7cxvy.rostelekom.xyz/iptv/VQ7RFHEBBENGT9/6233/index.m3u8,89
1783402695,11,Red TV Milf,http://cpu7cxvy.rostelekom.xyz/iptv/VQ7RFHEBBENGT9/6234/index.m3u8,92
1783402699,16,Monsters of Cock,http://cpu7cxvy.rostelekom.xyz/iptv/VQ7RFHEBBENGT9/6235/index.m3u8,97
1783402846,10,MYLF TV HD,http://cpu7cxvy.rostelekom.xyz/iptv/VQ7RFHEBBENGT9/6236/index.m3u8,91
1783402848,15,Naughty America,http://cpu7cxvy.rostelekom.xyz/iptv/VQ7RFHEBBENGT9/6237/index.m3u8,96
1783402858,13,Pink Erotic 3,http://cpu7cxvy.rostelekom.xyz/iptv/VQ7RFHEBBENGT9/6240/index.m3u8,94
1783402867,13,Pink Erotic 4,http://cpu7cxvy.rostelekom.xyz/iptv/VQ7RFHEBBENGT9/6241/index.m3u8,94
1783402885,,,http://cpu7cxvy.rostelekom.xyz/iptv/VQ7RFHEBBENGT9/6241/index.m3u8,79
1783402898,,,http://cpu7cxvy.rostelekom.xyz/iptv/VQ7RFHEBBENGT9/6242/index.m3u8,79
1783402903,,,http://cpu7cxvy.rostelekom.xyz/iptv/VQ7RFHEBBENGT9/6243/index.m3u8,79
1783402914,,,http://cpu7cxvy.rostelekom.xyz/iptv/VQ7RFHEBBENGT9/6243/index.m3u8,79
1783402933,,,http://cpu7cxvy.rostelekom.xyz/iptv/VQ7RFHEBBENGT9/6244/index.m3u8,79
1783402936,,,http://cpu7cxvy.rostelekom.xyz/iptv/VQ7RFHEBBENGT9/6245/index.m3u8,79
1783402940,,,http://cpu7cxvy.rostelekom.xyz/iptv/VQ7RFHEBBENGT9/6246/index.m3u8,79
1783402945,,,http://cpu7cxvy.rostelekom.xyz/iptv/VQ7RFHEBBENGT9/6247/index.m3u8,79
1783402960,22,index 2026-07-07 08:42,http://cpu7cxvy.rostelekom.xyz/iptv/VQ7RFHEBBENGT9/6248/index.m3u8,103
1783402965,,,http://cpu7cxvy.rostelekom.xyz/iptv/VQ7RFHEBBENGT9/6249/index.m3u8,79
1783402971,,,http://cpu7cxvy.rostelekom.xyz/iptv/VQ7RFHEBBENGT9/6250/index.m3u8,79
1783402985,,,http://cpu7cxvy.rostelekom.xyz/iptv/VQ7RFHEBBENGT9/6252/index.m3u8,79
1783402989,,,http://cpu7cxvy.rostelekom.xyz/iptv/VQ7RFHEBBENGT9/6253/index.m3u8,79
1783402998,,,http://cpu7cxvy.rostelekom.xyz/iptv/VQ7RFHEBBENGT9/6255/index.m3u8,79
1783403000,,,http://cpu7cxvy.rostelekom.xyz/iptv/VQ7RFHEBBENGT9/6256/index.m3u8,79
1783403003,,,http://cpu7cxvy.rostelekom.xyz/iptv/VQ7RFHEBBENGT9/6257/index.m3u8,79
1783403008,,,http://cpu7cxvy.rostelekom.xyz/iptv/VQ7RFHEBBENGT9/6258/index.m3u8,79
1783403011,,,http://cpu7cxvy.rostelekom.xyz/iptv/VQ7RFHEBBENGT9/6259/index.m3u8,79
1783403015,,,http://cpu7cxvy.rostelekom.xyz/iptv/VQ7RFHEBBENGT9/6260/index.m3u8,79
1783403017,,,http://cpu7cxvy.rostelekom.xyz/iptv/VQ7RFHEBBENGT9/6261/index.m3u8,79
1783403021,,,http://cpu7cxvy.rostelekom.xyz/iptv/VQ7RFHEBBENGT9/6262/index.m3u8,79
1783403026,,,http://cpu7cxvy.rostelekom.xyz/iptv/VQ7RFHEBBENGT9/6263/index.m3u8,79
1783403028,,,http://cpu7cxvy.rostelekom.xyz/iptv/VQ7RFHEBBENGT9/6264/index.m3u8,79
1783403052,,,http://cpu7cxvy.rostelekom.xyz/iptv/VQ7RFHEBBENGT9/6267/index.m3u8,79
1783403084,,,http://cpu7cxvy.rostelekom.xyz/iptv/VQ7RFHEBBENGT9/6269/index.m3u8,79
1783403087,,,http://cpu7cxvy.rostelekom.xyz/iptv/VQ7RFHEBBENGT9/6270/index.m3u8,79
1783403090,,,http://cpu7cxvy.rostelekom.xyz/iptv/VQ7RFHEBBENGT9/6271/index.m3u8,79
1783403099,,,http://cpu7cxvy.rostelekom.xyz/iptv/VQ7RFHEBBENGT9/6272/index.m3u8,79
1783403103,,,http://cpu7cxvy.rostelekom.xyz/iptv/VQ7RFHEBBENGT9/6275/index.m3u8,79
1783403119,,,http://cpu7cxvy.rostelekom.xyz/iptv/VQ7RFHEBBENGT9/6277/index.m3u8,79
1783403122,,,http://cpu7cxvy.rostelekom.xyz/iptv/VQ7RFHEBBENGT9/6281/index.m3u8,79
1783403126,,,http://cpu7cxvy.rostelekom.xyz/iptv/VQ7RFHEBBENGT9/6282/index.m3u8,79
1783403129,,,http://cpu7cxvy.rostelekom.xyz/iptv/VQ7RFHEBBENGT9/6284/index.m3u8,79
1783403140,,,http://cpu7cxvy.rostelekom.xyz/iptv/VQ7RFHEBBENGT9/6286/index.m3u8,79
1783544732,,,/tmp/edge_test.mp3,31
1783544738,,,/tmp/en.wav,24
1783544738,,,/tmp/en_test.wav,29
1783544739,,,/tmp/en_test2.wav,30
1783544740,,,/tmp/fast.wav,26
1783544740,,,/tmp/high.wav,26
1783544741,,,/tmp/low.wav,25
1783544741,,,/tmp/ru_test.wav,29
1783544743,,,/tmp/screen_capture.png,36
1783613369,11,White Boxxx,http://cpu7cxvy.rostelekom.xyz/iptv/VQ7RFHEBBENGT9/6267/index.m3u8,92
1783613397,6,Wicked,http://cpu7cxvy.rostelekom.xyz/iptv/VQ7RFHEBBENGT9/6268/index.m3u8,86
1783613406,10,Xpanded TV,http://cpu7cxvy.rostelekom.xyz/iptv/VQ7RFHEBBENGT9/6269/index.m3u8,91
1783613409,13,Balkan Erotic,http://cpu7cxvy.rostelekom.xyz/iptv/VQ7RFHEBBENGT9/6270/index.m3u8,94
1783613413,8,Red Lips,http://cpu7cxvy.rostelekom.xyz/iptv/VQ7RFHEBBENGT9/6271/index.m3u8,88
1783613416,9,Leo TV HD,http://cpu7cxvy.rostelekom.xyz/iptv/VQ7RFHEBBENGT9/6272/index.m3u8,89
1783613448,3,HOT,http://cpu7cxvy.rostelekom.xyz/iptv/VQ7RFHEBBENGT9/6275/index.m3u8,83
1783613839,12,Hot Pleasure,http://cpu7cxvy.rostelekom.xyz/iptv/VQ7RFHEBBENGT9/6277/index.m3u8,93
1783613927,7,Red XXX,http://cpu7cxvy.rostelekom.xyz/iptv/VQ7RFHEBBENGT9/6281/index.m3u8,87
1783613933,8,Sexy Hot,http://cpu7cxvy.rostelekom.xyz/iptv/VQ7RFHEBBENGT9/6282/index.m3u8,88
1783613952,5,Venus,http://cpu7cxvy.rostelekom.xyz/iptv/VQ7RFHEBBENGT9/6284/index.m3u8,85
1783613959,9,XY Max HD,http://cpu7cxvy.rostelekom.xyz/iptv/VQ7RFHEBBENGT9/6286/index.m3u8,89
1783613969,9,XY Mix HD,http://cpu7cxvy.rostelekom.xyz/iptv/VQ7RFHEBBENGT9/6287/index.m3u8,89
1783614018,10,XY Plus HD,http://cpu7cxvy.rostelekom.xyz/iptv/VQ7RFHEBBENGT9/6288/index.m3u8,91
1783614023,13,Pink Erotic 1,http://cpu7cxvy.rostelekom.xyz/iptv/VQ7RFHEBBENGT9/6289/index.m3u8,94
1783614079,13,Pink Erotic 2,http://cpu7cxvy.rostelekom.xyz/iptv/VQ7RFHEBBENGT9/6290/index.m3u8,94
1783614082,13,Pink Erotic 3,http://cpu7cxvy.rostelekom.xyz/iptv/VQ7RFHEBBENGT9/6291/index.m3u8,94
1783614088,13,Pink Erotic 4,http://cpu7cxvy.rostelekom.xyz/iptv/VQ7RFHEBBENGT9/6292/index.m3u8,94
1783614090,13,Pink Erotic 6,http://cpu7cxvy.rostelekom.xyz/iptv/VQ7RFHEBBENGT9/6293/index.m3u8,94
1783614094,13,Pink Erotic 7,http://cpu7cxvy.rostelekom.xyz/iptv/VQ7RFHEBBENGT9/6294/index.m3u8,94
1783614400,13,Pink Erotic 8,http://cpu7cxvy.rostelekom.xyz/iptv/VQ7RFHEBBENGT9/6295/index.m3u8,94
1783614417,7,Erox HD,http://cpu7cxvy.rostelekom.xyz/iptv/VQ7RFHEBBENGT9/6296/index.m3u8,87
1783614420,11,SuperOne HD,http://cpu7cxvy.rostelekom.xyz/iptv/VQ7RFHEBBENGT9/6298/index.m3u8,92
1783614430,17,Dorcel TV HD orig,http://cpu7cxvy.rostelekom.xyz/iptv/VQ7RFHEBBENGT9/9064/index.m3u8,98
1783614435,15,Hustler HD orig,http://cpu7cxvy.rostelekom.xyz/iptv/VQ7RFHEBBENGT9/9065/index.m3u8,96
1783614645,16,Redlight HD orig,http://cpu7cxvy.rostelekom.xyz/iptv/VQ7RFHEBBENGT9/9066/index.m3u8,97
1783658505,16,Redlight HD orig,http://cpu7cxvy.rostelekom.xyz/iptv/VQ7RFHEBBENGT9/9066/index.m3u8,97
1783658510,28,Русская Ночь orig,http://cpu7cxvy.rostelekom.xyz/iptv/VQ7RFHEBBENGT9/9344/index.m3u8,109
1783658513,17,Exxxotica HD orig,http://cpu7cxvy.rostelekom.xyz/iptv/VQ7RFHEBBENGT9/9346/index.m3u8,98
1783658515,12,Shot TV orig,http://cpu7cxvy.rostelekom.xyz/iptv/VQ7RFHEBBENGT9/9347/index.m3u8,93
1783658518,17,StrahTV Extasy HD,http://cpu7cxvy.rostelekom.xyz/iptv/VQ7RFHEBBENGT9/11051/index.m3u8,99
1783658522,15,StrahTV KinoXXX,http://cpu7cxvy.rostelekom.xyz/iptv/VQ7RFHEBBENGT9/11052/index.m3u8,97
1783658524,20,StrahTV Ох-Ах HD,http://cpu7cxvy.rostelekom.xyz/iptv/VQ7RFHEBBENGT9/11068/index.m3u8,102
1783658527,14,VF Cartoon 18+,http://cpu7cxvy.rostelekom.xyz/iptv/VQ7RFHEBBENGT9/11117/index.m3u8,96
1783658530,10,Alba XXX 1,http://cpu7cxvy.rostelekom.xyz/iptv/VQ7RFHEBBENGT9/12106/index.m3u8,92
1783658540,9,Exotic 4k,http://cpu7cxvy.rostelekom.xyz/iptv/VQ7RFHEBBENGT9/12107/index.m3u8,90
1783658619,19,Euro Girls On Girls,http://cpu7cxvy.rostelekom.xyz/iptv/VQ7RFHEBBENGT9/12108/index.m3u8,101
1783658636,9,Erotica X,http://cpu7cxvy.rostelekom.xyz/iptv/VQ7RFHEBBENGT9/12109/index.m3u8,90
1783658642,12,Erotic Spice,http://cpu7cxvy.rostelekom.xyz/iptv/VQ7RFHEBBENGT9/12110/index.m3u8,94
1783658742,11,DP Fanatics,http://cpu7cxvy.rostelekom.xyz/iptv/VQ7RFHEBBENGT9/12111/index.m3u8,93
1783658755,21,Brazzers TV Europe HD,http://cpu7cxvy.rostelekom.xyz/iptv/VQ7RFHEBBENGT9/12113/index.m3u8,103
1783658761,8,SuperOne,http://cpu7cxvy.rostelekom.xyz/iptv/VQ7RFHEBBENGT9/12121/index.m3u8,89
1783658764,16,Dirty Wives Club,http://cpu7cxvy.rostelekom.xyz/iptv/VQ7RFHEBBENGT9/12122/index.m3u8,98
1783658769,12,French Lover,http://cpu7cxvy.rostelekom.xyz/iptv/VQ7RFHEBBENGT9/12124/index.m3u8,94
1783658773,18,Meiden Van Holland,http://cpu7cxvy.rostelekom.xyz/iptv/VQ7RFHEBBENGT9/12125/index.m3u8,100
1783658776,13,Dirty Masseur,http://cpu7cxvy.rostelekom.xyz/iptv/VQ7RFHEBBENGT9/12128/index.m3u8,95
1783658781,10,Dirty Flix,http://cpu7cxvy.rostelekom.xyz/iptv/VQ7RFHEBBENGT9/12130/index.m3u8,92
1783658796,9,Dorcel TV,http://cpu7cxvy.rostelekom.xyz/iptv/VQ7RFHEBBENGT9/12131/index.m3u8,90
1783658802,15,Kinky Family HD,http://cpu7cxvy.rostelekom.xyz/iptv/VQ7RFHEBBENGT9/12133/index.m3u8,97
1783658804,10,Playboy LA,http://cpu7cxvy.rostelekom.xyz/iptv/VQ7RFHEBBENGT9/12135/index.m3u8,92
1783658806,13,Passie XXX TV,http://cpu7cxvy.rostelekom.xyz/iptv/VQ7RFHEBBENGT9/12136/index.m3u8,95
1783658808,14,Devils Film HD,http://cpu7cxvy.rostelekom.xyz/iptv/VQ7RFHEBBENGT9/12137/index.m3u8,96
1783658841,18,Deep Throat Sirens,http://cpu7cxvy.rostelekom.xyz/iptv/VQ7RFHEBBENGT9/12138/index.m3u8,100
1783658843,9,Deep Lush,http://cpu7cxvy.rostelekom.xyz/iptv/VQ7RFHEBBENGT9/12139/index.m3u8,90
1783658846,6,Dark X,http://cpu7cxvy.rostelekom.xyz/iptv/VQ7RFHEBBENGT9/12140/index.m3u8,87
1783658848,18,Veraporn Group Sex,http://cpu7cxvy.rostelekom.xyz/iptv/VQ7RFHEBBENGT9/12141/index.m3u8,100
1783658851,20,Veraporn Group Sex 2,http://cpu7cxvy.rostelekom.xyz/iptv/VQ7RFHEBBENGT9/12142/index.m3u8,102
1783658857,10,Dane Jones,http://cpu7cxvy.rostelekom.xyz/iptv/VQ7RFHEBBENGT9/12143/index.m3u8,92
1783658870,12,Dancing Bear,http://cpu7cxvy.rostelekom.xyz/iptv/VQ7RFHEBBENGT9/12144/index.m3u8,94
1783658873,16,Pink Erotic 1 HD,http://cpu7cxvy.rostelekom.xyz/iptv/VQ7RFHEBBENGT9/12146/index.m3u8,98
1783658876,16,Pink Erotic 2 HD,http://cpu7cxvy.rostelekom.xyz/iptv/VQ7RFHEBBENGT9/12147/index.m3u8,98
1783658878,16,Pink Erotic 3 HD,http://cpu7cxvy.rostelekom.xyz/iptv/VQ7RFHEBBENGT9/12148/index.m3u8,98
1783658883,9,Dad Crush,http://cpu7cxvy.rostelekom.xyz/iptv/VQ7RFHEBBENGT9/12154/index.m3u8,90
1783658886,11,Family Swap,http://cpu7cxvy.rostelekom.xyz/iptv/VQ7RFHEBBENGT9/12155/index.m3u8,93
1783658915,14,Family Strokes,http://cpu7cxvy.rostelekom.xyz/iptv/VQ7RFHEBBENGT9/12156/index.m3u8,96
1783658919,9,Cum4k UHD,http://cpu7cxvy.rostelekom.xyz/iptv/VQ7RFHEBBENGT9/12157/index.m3u8,90
1783658961,,,http://cpu7cxvy.rostelekom.xyz/iptv/VQ7RFHEBBENGT9/12157/index.m3u8,80
1783659003,,,http://cpu7cxvy.rostelekom.xyz/iptv/VQ7RFHEBBENGT9/12157/index.m3u8,80
1783659045,,,http://cpu7cxvy.rostelekom.xyz/iptv/VQ7RFHEBBENGT9/12157/index.m3u8,80
1783659050,,,http://cpu7cxvy.rostelekom.xyz/iptv/VQ7RFHEBBENGT9/12158/index.m3u8,80
1783659061,,,http://cpu7cxvy.rostelekom.xyz/iptv/VQ7RFHEBBENGT9/12160/index.m3u8,80
1783659064,,,http://cpu7cxvy.rostelekom.xyz/iptv/VQ7RFHEBBENGT9/12161/index.m3u8,80
1783659067,,,http://cpu7cxvy.rostelekom.xyz/iptv/VQ7RFHEBBENGT9/12162/index.m3u8,80
1783659073,,,http://cpu7cxvy.rostelekom.xyz/iptv/VQ7RFHEBBENGT9/12163/index.m3u8,80
1783659076,,,http://cpu7cxvy.rostelekom.xyz/iptv/VQ7RFHEBBENGT9/12164/index.m3u8,80
1783659309,,,http://cpu7cxvy.rostelekom.xyz/iptv/VQ7RFHEBBENGT9/12165/index.m3u8,80
1783659336,,,http://cpu7cxvy.rostelekom.xyz/iptv/VQ7RFHEBBENGT9/12166/index.m3u8,80
1783659343,,,http://cpu7cxvy.rostelekom.xyz/iptv/VQ7RFHEBBENGT9/12167/index.m3u8,80
1783659351,,,http://cpu7cxvy.rostelekom.xyz/iptv/VQ7RFHEBBENGT9/12168/index.m3u8,80
1783659354,,,http://cpu7cxvy.rostelekom.xyz/iptv/VQ7RFHEBBENGT9/12169/index.m3u8,80
1783659358,,,http://cpu7cxvy.rostelekom.xyz/iptv/VQ7RFHEBBENGT9/12178/index.m3u8,80
1783659361,,,http://cpu7cxvy.rostelekom.xyz/iptv/VQ7RFHEBBENGT9/12181/index.m3u8,80
1783659363,,,http://cpu7cxvy.rostelekom.xyz/iptv/VQ7RFHEBBENGT9/12183/index.m3u8,80
1783659369,,,http://cpu7cxvy.rostelekom.xyz/iptv/VQ7RFHEBBENGT9/12184/index.m3u8,80
1783659373,,,http://cpu7cxvy.rostelekom.xyz/iptv/VQ7RFHEBBENGT9/12187/index.m3u8,80
1783659378,,,http://cpu7cxvy.rostelekom.xyz/iptv/VQ7RFHEBBENGT9/12188/index.m3u8,80
1783659379,,,http://cpu7cxvy.rostelekom.xyz/iptv/VQ7RFHEBBENGT9/12189/index.m3u8,80
1783659381,,,http://cpu7cxvy.rostelekom.xyz/iptv/VQ7RFHEBBENGT9/12190/index.m3u8,80
1783659383,,,http://cpu7cxvy.rostelekom.xyz/iptv/VQ7RFHEBBENGT9/12191/index.m3u8,80
1783659385,,,http://cpu7cxvy.rostelekom.xyz/iptv/VQ7RFHEBBENGT9/12192/index.m3u8,80
1783659387,,,http://cpu7cxvy.rostelekom.xyz/iptv/VQ7RFHEBBENGT9/12193/index.m3u8,80
1783659389,,,http://cpu7cxvy.rostelekom.xyz/iptv/VQ7RFHEBBENGT9/12194/index.m3u8,80
1783659392,,,http://cpu7cxvy.rostelekom.xyz/iptv/VQ7RFHEBBENGT9/12204/index.m3u8,80
1783659394,,,http://cpu7cxvy.rostelekom.xyz/iptv/VQ7RFHEBBENGT9/12205/index.m3u8,80
1783659399,,,http://cpu7cxvy.rostelekom.xyz/iptv/VQ7RFHEBBENGT9/14140/index.m3u8,80
1783659439,,,http://cpu7cxvy.rostelekom.xyz/iptv/VQ7RFHEBBENGT9/14140/index.m3u8,80
1783659442,,,http://cpu7cxvy.rostelekom.xyz/iptv/VQ7RFHEBBENGT9/14176/index.m3u8,80
1783659446,,,http://cpu7cxvy.rostelekom.xyz/iptv/VQ7RFHEBBENGT9/16069/index.m3u8,80
1783659449,,,http://cpu7cxvy.rostelekom.xyz/iptv/VQ7RFHEBBENGT9/18060/index.m3u8,80
1783659451,,,http://cpu7cxvy.rostelekom.xyz/iptv/VQ7RFHEBBENGT9/18075/index.m3u8,80
1783659454,,,http://cpu7cxvy.rostelekom.xyz/iptv/VQ7RFHEBBENGT9/18076/index.m3u8,80
1783659455,,,http://cpu7cxvy.rostelekom.xyz/iptv/VQ7RFHEBBENGT9/18053/index.m3u8,80
1783659459,,,http://cpu7cxvy.rostelekom.xyz/iptv/VQ7RFHEBBENGT9/20089/index.m3u8,80
1783659463,,,http://cpu7cxvy.rostelekom.xyz/iptv/VQ7RFHEBBENGT9/20090/index.m3u8,80
1783659467,,,http://cpu7cxvy.rostelekom.xyz/iptv/VQ7RFHEBBENGT9/31707/index.m3u8,80
1783659469,,,http://cpu7cxvy.rostelekom.xyz/iptv/VQ7RFHEBBENGT9/31709/index.m3u8,80
1783659471,,,http://cpu7cxvy.rostelekom.xyz/iptv/VQ7RFHEBBENGT9/31716/index.m3u8,80
1783659494,22,StrahTV Ню Арт HD,http://cpu7cxvy.rostelekom.xyz/iptv/VQ7RFHEBBENGT9/31716/index.m3u8,104
1783659507,23,VF Граиндхаус,http://cpu7cxvy.rostelekom.xyz/iptv/VQ7RFHEBBENGT9/14158/index.m3u8,105
1783659509,7,Playboy,http://cpu7cxvy.rostelekom.xyz/iptv/VQ7RFHEBBENGT9/527/index.m3u8,86
1783659516,11,Eromania 4K,http://cpu7cxvy.rostelekom.xyz/iptv/VQ7RFHEBBENGT9/10049/index.m3u8,93
1783659518,23,Русская Ночь,http://cpu7cxvy.rostelekom.xyz/iptv/VQ7RFHEBBENGT9/147/index.m3u8,103
1783659521,31,Brazzers TV Europe Россия,http://cpu7cxvy.rostelekom.xyz/iptv/VQ7RFHEBBENGT9/910/index.m3u8,111
1783659524,11,Redlight HD,http://cpu7cxvy.rostelekom.xyz/iptv/VQ7RFHEBBENGT9/242/index.m3u8,91
1783659525,10,Private TV,http://cpu7cxvy.rostelekom.xyz/iptv/VQ7RFHEBBENGT9/243/index.m3u8,90
1783659539,10,Hustler HD,http://cpu7cxvy.rostelekom.xyz/iptv/VQ7RFHEBBENGT9/244/index.m3u8,90
1783659542,12,Dorcel TV HD,http://cpu7cxvy.rostelekom.xyz/iptv/VQ7RFHEBBENGT9/245/index.m3u8,92
1783659544,8,Babes TV,http://cpu7cxvy.rostelekom.xyz/iptv/VQ7RFHEBBENGT9/2161/index.m3u8,88
1783659545,12,Vivid Red HD,http://cpu7cxvy.rostelekom.xyz/iptv/VQ7RFHEBBENGT9/2162/index.m3u8,93
1783659548,12,Exxxotica HD,http://cpu7cxvy.rostelekom.xyz/iptv/VQ7RFHEBBENGT9/2397/index.m3u8,93
1783659550,3,XXL,http://cpu7cxvy.rostelekom.xyz/iptv/VQ7RFHEBBENGT9/5009/index.m3u8,83
1783659552,20,Penthouse Passion HD,http://cpu7cxvy.rostelekom.xyz/iptv/VQ7RFHEBBENGT9/5010/index.m3u8,101
1783659554,17,Penthouse Gold HD,http://cpu7cxvy.rostelekom.xyz/iptv/VQ7RFHEBBENGT9/5011/index.m3u8,98
1783659560,23,Penthouse Reality TV HD,http://cpu7cxvy.rostelekom.xyz/iptv/VQ7RFHEBBENGT9/5012/index.m3u8,104
1783659562,24,Penthouse Reality TV FHD,http://cpu7cxvy.rostelekom.xyz/iptv/VQ7RFHEBBENGT9/5013/index.m3u8,105
1783659564,18,Extasy Platinum 4K,http://cpu7cxvy.rostelekom.xyz/iptv/VQ7RFHEBBENGT9/5014/index.m3u8,99
1783659624,9,Eroxxx HD,http://cpu7cxvy.rostelekom.xyz/iptv/VQ7RFHEBBENGT9/5015/index.m3u8,89
1783659627,9,SexArt HD,http://cpu7cxvy.rostelekom.xyz/iptv/VQ7RFHEBBENGT9/6165/index.m3u8,89
1783659630,10,Adult Time,http://cpu7cxvy.rostelekom.xyz/iptv/VQ7RFHEBBENGT9/6166/index.m3u8,91
1783659634,11,Red TV Anal,http://cpu7cxvy.rostelekom.xyz/iptv/VQ7RFHEBBENGT9/6167/index.m3u8,92
1783659636,11,Analized HD,http://cpu7cxvy.rostelekom.xyz/iptv/VQ7RFHEBBENGT9/6168/index.m3u8,92
1783659669,12,Babes.com HD,http://cpu7cxvy.rostelekom.xyz/iptv/VQ7RFHEBBENGT9/6171/index.m3u8,93
1783659672,5,Babes,http://cpu7cxvy.rostelekom.xyz/iptv/VQ7RFHEBBENGT9/6172/index.m3u8,85
1783659673,12,Bang Bros HD,http://cpu7cxvy.rostelekom.xyz/iptv/VQ7RFHEBBENGT9/6173/index.m3u8,93
1783659676,5,Bang!,http://cpu7cxvy.rostelekom.xyz/iptv/VQ7RFHEBBENGT9/6174/index.m3u8,85
1783659679,14,Red TV Big Ass,http://cpu7cxvy.rostelekom.xyz/iptv/VQ7RFHEBBENGT9/6175/index.m3u8,95
1783659684,15,Red TV Big Dick,http://cpu7cxvy.rostelekom.xyz/iptv/VQ7RFHEBBENGT9/6176/index.m3u8,96
1783659686,15,Red TV Big Tits,http://cpu7cxvy.rostelekom.xyz/iptv/VQ7RFHEBBENGT9/6177/index.m3u8,96
1783659689,10,Blacked HD,http://cpu7cxvy.rostelekom.xyz/iptv/VQ7RFHEBBENGT9/6178/index.m3u8,91
1783659712,14,Red TV Blowjob,http://cpu7cxvy.rostelekom.xyz/iptv/VQ7RFHEBBENGT9/6180/index.m3u8,95
1783659714,15,Brazzers eXXtra,http://cpu7cxvy.rostelekom.xyz/iptv/VQ7RFHEBBENGT9/6181/index.m3u8,96
1783659721,11,Brazzers HD,http://cpu7cxvy.rostelekom.xyz/iptv/VQ7RFHEBBENGT9/6182/index.m3u8,92
1783659737,15,Red TV Brunette,http://cpu7cxvy.rostelekom.xyz/iptv/VQ7RFHEBBENGT9/6183/index.m3u8,96
1783659739,12,Cherry Pimps,http://cpu7cxvy.rostelekom.xyz/iptv/VQ7RFHEBBENGT9/6185/index.m3u8,93
1783659742,19,Club Sweethearts HD,http://cpu7cxvy.rostelekom.xyz/iptv/VQ7RFHEBBENGT9/6186/index.m3u8,100
1783659747,12,Cherry Pimps,http://cpu7cxvy.rostelekom.xyz/iptv/VQ7RFHEBBENGT9/6185/index.m3u8,93
1783659764,19,Club Sweethearts HD,http://cpu7cxvy.rostelekom.xyz/iptv/VQ7RFHEBBENGT9/6186/index.m3u8,100
1783659770,18,Red TV Compilation,http://cpu7cxvy.rostelekom.xyz/iptv/VQ7RFHEBBENGT9/6187/index.m3u8,99
1783659771,14,Red TV Cuckold,http://cpu7cxvy.rostelekom.xyz/iptv/VQ7RFHEBBENGT9/6188/index.m3u8,95
1783659797,10,Cum Louder,http://cpu7cxvy.rostelekom.xyz/iptv/VQ7RFHEBBENGT9/6189/index.m3u8,91
1783659799,13,Daughter Swap,http://cpu7cxvy.rostelekom.xyz/iptv/VQ7RFHEBBENGT9/6191/index.m3u8,94
1783659802,19,Day with a Pornstar,http://cpu7cxvy.rostelekom.xyz/iptv/VQ7RFHEBBENGT9/6192/index.m3u8,100
1783659804,9,DDF Busty,http://cpu7cxvy.rostelekom.xyz/iptv/VQ7RFHEBBENGT9/6193/index.m3u8,89
1783659807,11,DDF Network,http://cpu7cxvy.rostelekom.xyz/iptv/VQ7RFHEBBENGT9/6194/index.m3u8,92
1783659835,17,Digital Desire HD,http://cpu7cxvy.rostelekom.xyz/iptv/VQ7RFHEBBENGT9/6195/index.m3u8,98
1783659837,21,Digital Playground HD,http://cpu7cxvy.rostelekom.xyz/iptv/VQ7RFHEBBENGT9/6196/index.m3u8,102
1783659842,11,Dorcel Club,http://cpu7cxvy.rostelekom.xyz/iptv/VQ7RFHEBBENGT9/6197/index.m3u8,92
1783659845,11,Porn Angels,http://cpu7cxvy.rostelekom.xyz/iptv/VQ7RFHEBBENGT9/6198/index.m3u8,92
1783659847,13,Evil Angel HD,http://cpu7cxvy.rostelekom.xyz/iptv/VQ7RFHEBBENGT9/6199/index.m3u8,94
1783659851,14,Evolved Fights,http://cpu7cxvy.rostelekom.xyz/iptv/VQ7RFHEBBENGT9/6200/index.m3u8,95
1783659854,12,Fake Taxi HD,http://cpu7cxvy.rostelekom.xyz/iptv/VQ7RFHEBBENGT9/6202/index.m3u8,93
1783659858,18,Fap TV Compilation,http://cpu7cxvy.rostelekom.xyz/iptv/VQ7RFHEBBENGT9/6208/index.m3u8,99
1783659862,6,FemJoy,http://cpu7cxvy.rostelekom.xyz/iptv/VQ7RFHEBBENGT9/6212/index.m3u8,86
1783659871,13,Red TV Fetish,http://cpu7cxvy.rostelekom.xyz/iptv/VQ7RFHEBBENGT9/6213/index.m3u8,94
1783659874,15,Red TV Gangbang,http://cpu7cxvy.rostelekom.xyz/iptv/VQ7RFHEBBENGT9/6214/index.m3u8,96
1783659876,10,Red TV Gay,http://cpu7cxvy.rostelekom.xyz/iptv/VQ7RFHEBBENGT9/6215/index.m3u8,91
1783659878,8,Got MYLF,http://cpu7cxvy.rostelekom.xyz/iptv/VQ7RFHEBBENGT9/6216/index.m3u8,88
1783659883,21,DDF Hands on Hardcore,http://cpu7cxvy.rostelekom.xyz/iptv/VQ7RFHEBBENGT9/6217/index.m3u8,102
1783659886,6,Hard X,http://cpu7cxvy.rostelekom.xyz/iptv/VQ7RFHEBBENGT9/6218/index.m3u8,86
1783659888,15,Red TV Hardcore,http://cpu7cxvy.rostelekom.xyz/iptv/VQ7RFHEBBENGT9/6219/index.m3u8,96
1783659889,12,Hitzefrei HD,http://cpu7cxvy.rostelekom.xyz/iptv/VQ7RFHEBBENGT9/6220/index.m3u8,93
1783659907,5,Holed,http://cpu7cxvy.rostelekom.xyz/iptv/VQ7RFHEBBENGT9/6221/index.m3u8,85
1783659908,12,Hot and Mean,http://cpu7cxvy.rostelekom.xyz/iptv/VQ7RFHEBBENGT9/6222/index.m3u8,93
1783659911,13,Hot Guys Fuck,http://cpu7cxvy.rostelekom.xyz/iptv/VQ7RFHEBBENGT9/6223/index.m3u8,94
1783659912,18,Red TV Interracial,http://cpu7cxvy.rostelekom.xyz/iptv/VQ7RFHEBBENGT9/6224/index.m3u8,99
1783659914,9,Japan HDV,http://cpu7cxvy.rostelekom.xyz/iptv/VQ7RFHEBBENGT9/6225/index.m3u8,89
1783659916,13,Red TV Latina,http://cpu7cxvy.rostelekom.xyz/iptv/VQ7RFHEBBENGT9/6226/index.m3u8,94
1783659918,6,Lesbea,http://cpu7cxvy.rostelekom.xyz/iptv/VQ7RFHEBBENGT9/6227/index.m3u8,86
1783660102,14,Red TV Lesbian,http://cpu7cxvy.rostelekom.xyz/iptv/VQ7RFHEBBENGT9/6228/index.m3u8,95
1783660105,15,Lethal Hardcore,http://cpu7cxvy.rostelekom.xyz/iptv/VQ7RFHEBBENGT9/6229/index.m3u8,96
1783660108,16,Little Asians HD,http://cpu7cxvy.rostelekom.xyz/iptv/VQ7RFHEBBENGT9/6230/index.m3u8,97
1783660111,16,Red TV Live Cams,http://cpu7cxvy.rostelekom.xyz/iptv/VQ7RFHEBBENGT9/6231/index.m3u8,97
1783660113,11,Lust Cinema,http://cpu7cxvy.rostelekom.xyz/iptv/VQ7RFHEBBENGT9/6232/index.m3u8,92
1783660116,9,MetArt HD,http://cpu7cxvy.rostelekom.xyz/iptv/VQ7RFHEBBENGT9/6233/index.m3u8,89
1783660119,11,Red TV Milf,http://cpu7cxvy.rostelekom.xyz/iptv/VQ7RFHEBBENGT9/6234/index.m3u8,92
1783660121,16,Monsters of Cock,http://cpu7cxvy.rostelekom.xyz/iptv/VQ7RFHEBBENGT9/6235/index.m3u8,97
1783660123,10,MYLF TV HD,http://cpu7cxvy.rostelekom.xyz/iptv/VQ7RFHEBBENGT9/6236/index.m3u8,91
1783660127,15,Naughty America,http://cpu7cxvy.rostelekom.xyz/iptv/VQ7RFHEBBENGT9/6237/index.m3u8,96
1783660129,13,Nubiles TV HD,http://cpu7cxvy.rostelekom.xyz/iptv/VQ7RFHEBBENGT9/6238/index.m3u8,94
1783660131,13,Pink Erotic 3,http://cpu7cxvy.rostelekom.xyz/iptv/VQ7RFHEBBENGT9/6240/index.m3u8,94
1783660135,13,Pink Erotic 4,http://cpu7cxvy.rostelekom.xyz/iptv/VQ7RFHEBBENGT9/6241/index.m3u8,94
1783660138,12,Playboy Plus,http://cpu7cxvy.rostelekom.xyz/iptv/VQ7RFHEBBENGT9/6242/index.m3u8,93
1783660141,15,Red TV Pornstar,http://cpu7cxvy.rostelekom.xyz/iptv/VQ7RFHEBBENGT9/6243/index.m3u8,96
1783660145,10,Red TV POV,http://cpu7cxvy.rostelekom.xyz/iptv/VQ7RFHEBBENGT9/6244/index.m3u8,91
1783660151,14,Private.com HD,http://cpu7cxvy.rostelekom.xyz/iptv/VQ7RFHEBBENGT9/6245/index.m3u8,95
1783660160,12,Public Agent,http://cpu7cxvy.rostelekom.xyz/iptv/VQ7RFHEBBENGT9/6246/index.m3u8,93
1783660162,16,Reality Kings HD,http://cpu7cxvy.rostelekom.xyz/iptv/VQ7RFHEBBENGT9/6247/index.m3u8,97
1783660167,8,RK Prime,http://cpu7cxvy.rostelekom.xyz/iptv/VQ7RFHEBBENGT9/6248/index.m3u8,88
1783660170,5,RK TV,http://cpu7cxvy.rostelekom.xyz/iptv/VQ7RFHEBBENGT9/6249/index.m3u8,85
1783660173,12,Red TV Rough,http://cpu7cxvy.rostelekom.xyz/iptv/VQ7RFHEBBENGT9/6250/index.m3u8,93
1783660174,14,Red TV Russian,http://cpu7cxvy.rostelekom.xyz/iptv/VQ7RFHEBBENGT9/6251/index.m3u8,95
1783660177,16,Sex With Muslims,http://cpu7cxvy.rostelekom.xyz/iptv/VQ7RFHEBBENGT9/6252/index.m3u8,97
1783660179,6,SexArt,http://cpu7cxvy.rostelekom.xyz/iptv/VQ7RFHEBBENGT9/6253/index.m3u8,86
1783660181,10,SINematica,http://cpu7cxvy.rostelekom.xyz/iptv/VQ7RFHEBBENGT9/6255/index.m3u8,91
1783660183,11,Red TV Teen,http://cpu7cxvy.rostelekom.xyz/iptv/VQ7RFHEBBENGT9/6256/index.m3u8,92
1783660187,16,Red TV Threesome,http://cpu7cxvy.rostelekom.xyz/iptv/VQ7RFHEBBENGT9/6257/index.m3u8,97
1783660192,6,Tiny4K,http://cpu7cxvy.rostelekom.xyz/iptv/VQ7RFHEBBENGT9/6258/index.m3u8,86
1783660198,12,Trans Angels,http://cpu7cxvy.rostelekom.xyz/iptv/VQ7RFHEBBENGT9/6259/index.m3u8,93
1783660203,13,True Amateurs,http://cpu7cxvy.rostelekom.xyz/iptv/VQ7RFHEBBENGT9/6260/index.m3u8,94
1783916514,13,True Amateurs,http://cpu7cxvy.rostelekom.xyz/iptv/VQ7RFHEBBENGT9/6260/index.m3u8,94
1783916523,8,Tushy HD,http://cpu7cxvy.rostelekom.xyz/iptv/VQ7RFHEBBENGT9/6261/index.m3u8,88
1783916526,12,Tushy RAW HD,http://cpu7cxvy.rostelekom.xyz/iptv/VQ7RFHEBBENGT9/6262/index.m3u8,93
1783916529,10,Visit-X TV,http://cpu7cxvy.rostelekom.xyz/iptv/VQ7RFHEBBENGT9/6263/index.m3u8,91
1783916532,15,Vivid TV Europe,http://cpu7cxvy.rostelekom.xyz/iptv/VQ7RFHEBBENGT9/6264/index.m3u8,96
1783916535,8,Vixen HD,http://cpu7cxvy.rostelekom.xyz/iptv/VQ7RFHEBBENGT9/6265/index.m3u8,88
1783916541,16,We Live Together,http://cpu7cxvy.rostelekom.xyz/iptv/VQ7RFHEBBENGT9/6266/index.m3u8,97
1783916544,11,White Boxxx,http://cpu7cxvy.rostelekom.xyz/iptv/VQ7RFHEBBENGT9/6267/index.m3u8,92
1783916547,6,Wicked,http://cpu7cxvy.rostelekom.xyz/iptv/VQ7RFHEBBENGT9/6268/index.m3u8,86
1783916549,10,Xpanded TV,http://cpu7cxvy.rostelekom.xyz/iptv/VQ7RFHEBBENGT9/6269/index.m3u8,91
1783916552,13,Balkan Erotic,http://cpu7cxvy.rostelekom.xyz/iptv/VQ7RFHEBBENGT9/6270/index.m3u8,94
1783916554,8,Red Lips,http://cpu7cxvy.rostelekom.xyz/iptv/VQ7RFHEBBENGT9/6271/index.m3u8,88
1783916556,9,Leo TV HD,http://cpu7cxvy.rostelekom.xyz/iptv/VQ7RFHEBBENGT9/6272/index.m3u8,89
1783916562,3,HOT,http://cpu7cxvy.rostelekom.xyz/iptv/VQ7RFHEBBENGT9/6275/index.m3u8,83
1783916566,12,Hot Pleasure,http://cpu7cxvy.rostelekom.xyz/iptv/VQ7RFHEBBENGT9/6277/index.m3u8,93
1783916568,7,Red XXX,http://cpu7cxvy.rostelekom.xyz/iptv/VQ7RFHEBBENGT9/6281/index.m3u8,87
1783916570,8,Sexy Hot,http://cpu7cxvy.rostelekom.xyz/iptv/VQ7RFHEBBENGT9/6282/index.m3u8,88
1783916572,5,Venus,http://cpu7cxvy.rostelekom.xyz/iptv/VQ7RFHEBBENGT9/6284/index.m3u8,85
1783916574,9,XY Max HD,http://cpu7cxvy.rostelekom.xyz/iptv/VQ7RFHEBBENGT9/6286/index.m3u8,89
1783916578,9,XY Mix HD,http://cpu7cxvy.rostelekom.xyz/iptv/VQ7RFHEBBENGT9/6287/index.m3u8,89
1783916580,10,XY Plus HD,http://cpu7cxvy.rostelekom.xyz/iptv/VQ7RFHEBBENGT9/6288/index.m3u8,91
1783916582,13,Pink Erotic 1,http://cpu7cxvy.rostelekom.xyz/iptv/VQ7RFHEBBENGT9/6289/index.m3u8,94
1783916585,13,Pink Erotic 2,http://cpu7cxvy.rostelekom.xyz/iptv/VQ7RFHEBBENGT9/6290/index.m3u8,94
1783916590,7,Erox HD,http://cpu7cxvy.rostelekom.xyz/iptv/VQ7RFHEBBENGT9/6296/index.m3u8,87
1783916592,11,SuperOne HD,http://cpu7cxvy.rostelekom.xyz/iptv/VQ7RFHEBBENGT9/6298/index.m3u8,92
1783916604,17,Dorcel TV HD orig,http://cpu7cxvy.rostelekom.xyz/iptv/VQ7RFHEBBENGT9/9064/index.m3u8,98
1783916607,15,Hustler HD orig,http://cpu7cxvy.rostelekom.xyz/iptv/VQ7RFHEBBENGT9/9065/index.m3u8,96
1783916609,16,Redlight HD orig,http://cpu7cxvy.rostelekom.xyz/iptv/VQ7RFHEBBENGT9/9066/index.m3u8,97
1783916614,28,Русская Ночь orig,http://cpu7cxvy.rostelekom.xyz/iptv/VQ7RFHEBBENGT9/9344/index.m3u8,109
1783916616,17,Exxxotica HD orig,http://cpu7cxvy.rostelekom.xyz/iptv/VQ7RFHEBBENGT9/9346/index.m3u8,98
1783916619,12,Shot TV orig,http://cpu7cxvy.rostelekom.xyz/iptv/VQ7RFHEBBENGT9/9347/index.m3u8,93
1783916623,17,StrahTV Extasy HD,http://cpu7cxvy.rostelekom.xyz/iptv/VQ7RFHEBBENGT9/11051/index.m3u8,99
1783916758,15,StrahTV KinoXXX,http://cpu7cxvy.rostelekom.xyz/iptv/VQ7RFHEBBENGT9/11052/index.m3u8,97
1783916761,20,StrahTV Ох-Ах HD,http://cpu7cxvy.rostelekom.xyz/iptv/VQ7RFHEBBENGT9/11068/index.m3u8,102
1783916763,14,VF Cartoon 18+,http://cpu7cxvy.rostelekom.xyz/iptv/VQ7RFHEBBENGT9/11117/index.m3u8,96
1783916768,10,Alba XXX 1,http://cpu7cxvy.rostelekom.xyz/iptv/VQ7RFHEBBENGT9/12106/index.m3u8,92
1783916802,9,Exotic 4k,http://cpu7cxvy.rostelekom.xyz/iptv/VQ7RFHEBBENGT9/12107/index.m3u8,90
1783916865,19,Euro Girls On Girls,http://cpu7cxvy.rostelekom.xyz/iptv/VQ7RFHEBBENGT9/12108/index.m3u8,101
1783916872,9,Erotica X,http://cpu7cxvy.rostelekom.xyz/iptv/VQ7RFHEBBENGT9/12109/index.m3u8,90
1783916879,12,Erotic Spice,http://cpu7cxvy.rostelekom.xyz/iptv/VQ7RFHEBBENGT9/12110/index.m3u8,94
1783916883,11,DP Fanatics,http://cpu7cxvy.rostelekom.xyz/iptv/VQ7RFHEBBENGT9/12111/index.m3u8,93
1783916898,21,Brazzers TV Europe HD,http://cpu7cxvy.rostelekom.xyz/iptv/VQ7RFHEBBENGT9/12113/index.m3u8,103
1783916904,8,SuperOne,http://cpu7cxvy.rostelekom.xyz/iptv/VQ7RFHEBBENGT9/12121/index.m3u8,89
1783916907,16,Dirty Wives Club,http://cpu7cxvy.rostelekom.xyz/iptv/VQ7RFHEBBENGT9/12122/index.m3u8,98
1783916914,12,French Lover,http://cpu7cxvy.rostelekom.xyz/iptv/VQ7RFHEBBENGT9/12124/index.m3u8,94
1783916916,18,Meiden Van Holland,http://cpu7cxvy.rostelekom.xyz/iptv/VQ7RFHEBBENGT9/12125/index.m3u8,100
1783916918,13,Dirty Masseur,http://cpu7cxvy.rostelekom.xyz/iptv/VQ7RFHEBBENGT9/12128/index.m3u8,95
1783916921,10,Dirty Flix,http://cpu7cxvy.rostelekom.xyz/iptv/VQ7RFHEBBENGT9/12130/index.m3u8,92
1783916924,9,Dorcel TV,http://cpu7cxvy.rostelekom.xyz/iptv/VQ7RFHEBBENGT9/12131/index.m3u8,90
1783916926,15,Kinky Family HD,http://cpu7cxvy.rostelekom.xyz/iptv/VQ7RFHEBBENGT9/12133/index.m3u8,97
1783916929,10,Playboy LA,http://cpu7cxvy.rostelekom.xyz/iptv/VQ7RFHEBBENGT9/12135/index.m3u8,92
1783916931,13,Passie XXX TV,http://cpu7cxvy.rostelekom.xyz/iptv/VQ7RFHEBBENGT9/12136/index.m3u8,95
1783916933,14,Devils Film HD,http://cpu7cxvy.rostelekom.xyz/iptv/VQ7RFHEBBENGT9/12137/index.m3u8,96
1783916936,18,Deep Throat Sirens,http://cpu7cxvy.rostelekom.xyz/iptv/VQ7RFHEBBENGT9/12138/index.m3u8,100
1783916938,9,Deep Lush,http://cpu7cxvy.rostelekom.xyz/iptv/VQ7RFHEBBENGT9/12139/index.m3u8,90
1783916939,6,Dark X,http://cpu7cxvy.rostelekom.xyz/iptv/VQ7RFHEBBENGT9/12140/index.m3u8,87
1783916941,18,Veraporn Group Sex,http://cpu7cxvy.rostelekom.xyz/iptv/VQ7RFHEBBENGT9/12141/index.m3u8,100
1783916945,20,Veraporn Group Sex 2,http://cpu7cxvy.rostelekom.xyz/iptv/VQ7RFHEBBENGT9/12142/index.m3u8,102
1783916949,10,Dane Jones,http://cpu7cxvy.rostelekom.xyz/iptv/VQ7RFHEBBENGT9/12143/index.m3u8,92
1783916950,12,Dancing Bear,http://cpu7cxvy.rostelekom.xyz/iptv/VQ7RFHEBBENGT9/12144/index.m3u8,94
1783916953,16,Pink Erotic 1 HD,http://cpu7cxvy.rostelekom.xyz/iptv/VQ7RFHEBBENGT9/12146/index.m3u8,98
1783916955,16,Pink Erotic 2 HD,http://cpu7cxvy.rostelekom.xyz/iptv/VQ7RFHEBBENGT9/12147/index.m3u8,98
1783916960,9,Dad Crush,http://cpu7cxvy.rostelekom.xyz/iptv/VQ7RFHEBBENGT9/12154/index.m3u8,90
1783916963,11,Family Swap,http://cpu7cxvy.rostelekom.xyz/iptv/VQ7RFHEBBENGT9/12155/index.m3u8,93
1783916969,14,Family Strokes,http://cpu7cxvy.rostelekom.xyz/iptv/VQ7RFHEBBENGT9/12156/index.m3u8,96
1783916971,9,Cum4k UHD,http://cpu7cxvy.rostelekom.xyz/iptv/VQ7RFHEBBENGT9/12157/index.m3u8,90
1783916974,14,Cum Perfection,http://cpu7cxvy.rostelekom.xyz/iptv/VQ7RFHEBBENGT9/12158/index.m3u8,96
1783916976,10,MetArt FHD,http://cpu7cxvy.rostelekom.xyz/iptv/VQ7RFHEBBENGT9/12160/index.m3u8,92
1783916978,10,Bratty Sis,http://cpu7cxvy.rostelekom.xyz/iptv/VQ7RFHEBBENGT9/12161/index.m3u8,92
1783916980,18,Brand New Amateurs,http://cpu7cxvy.rostelekom.xyz/iptv/VQ7RFHEBBENGT9/12162/index.m3u8,100
1783916982,10,Beate Uhse,http://cpu7cxvy.rostelekom.xyz/iptv/VQ7RFHEBBENGT9/12163/index.m3u8,92
1783916984,7,BBC Pie,http://cpu7cxvy.rostelekom.xyz/iptv/VQ7RFHEBBENGT9/12164/index.m3u8,88
1783916987,15,Barely Legal TV,http://cpu7cxvy.rostelekom.xyz/iptv/VQ7RFHEBBENGT9/12165/index.m3u8,97
1783916989,8,Bang POV,http://cpu7cxvy.rostelekom.xyz/iptv/VQ7RFHEBBENGT9/12166/index.m3u8,89
1783916991,8,Bang Bus,http://cpu7cxvy.rostelekom.xyz/iptv/VQ7RFHEBBENGT9/12167/index.m3u8,89
1783916993,12,Banana Fever,http://cpu7cxvy.rostelekom.xyz/iptv/VQ7RFHEBBENGT9/12168/index.m3u8,94
1783916995,13,Asshole Fever,http://cpu7cxvy.rostelekom.xyz/iptv/VQ7RFHEBBENGT9/12169/index.m3u8,95
1783916998,10,Ass Parade,http://cpu7cxvy.rostelekom.xyz/iptv/VQ7RFHEBBENGT9/12178/index.m3u8,92
1783917000,9,Anal Time,http://cpu7cxvy.rostelekom.xyz/iptv/VQ7RFHEBBENGT9/12181/index.m3u8,90
1783917002,16,Anal Teen Angels,http://cpu7cxvy.rostelekom.xyz/iptv/VQ7RFHEBBENGT9/12183/index.m3u8,98
1783917004,9,Anal Only,http://cpu7cxvy.rostelekom.xyz/iptv/VQ7RFHEBBENGT9/12184/index.m3u8,90
1783917010,12,Hot Wife XXX,http://cpu7cxvy.rostelekom.xyz/iptv/VQ7RFHEBBENGT9/12187/index.m3u8,94
1783917012,5,Tushy,http://cpu7cxvy.rostelekom.xyz/iptv/VQ7RFHEBBENGT9/12188/index.m3u8,86
1783917014,8,Anal Mom,http://cpu7cxvy.rostelekom.xyz/iptv/VQ7RFHEBBENGT9/12189/index.m3u8,89
1783917016,7,Anal 4K,http://cpu7cxvy.rostelekom.xyz/iptv/VQ7RFHEBBENGT9/12190/index.m3u8,88
1783917018,13,Amateur Boxxx,http://cpu7cxvy.rostelekom.xyz/iptv/VQ7RFHEBBENGT9/12191/index.m3u8,95
1783917020,8,All Anal,http://cpu7cxvy.rostelekom.xyz/iptv/VQ7RFHEBBENGT9/12192/index.m3u8,89
1783917022,11,Alex Legend,http://cpu7cxvy.rostelekom.xyz/iptv/VQ7RFHEBBENGT9/12193/index.m3u8,93
1783917023,13,Alba XXX 2 HD,http://cpu7cxvy.rostelekom.xyz/iptv/VQ7RFHEBBENGT9/12194/index.m3u8,95
1783917025,13,Alba XXX 1 HD,http://cpu7cxvy.rostelekom.xyz/iptv/VQ7RFHEBBENGT9/12204/index.m3u8,95
1783917027,10,21 Sextury,http://cpu7cxvy.rostelekom.xyz/iptv/VQ7RFHEBBENGT9/12205/index.m3u8,92
1783917030,19,XXX Love's Berry HD,http://cpu7cxvy.rostelekom.xyz/iptv/VQ7RFHEBBENGT9/14140/index.m3u8,101
1783917032,13,Yosso TV Sexy,http://cpu7cxvy.rostelekom.xyz/iptv/VQ7RFHEBBENGT9/14176/index.m3u8,95
1783917034,26,Liberty Эротика FHD,http://cpu7cxvy.rostelekom.xyz/iptv/VQ7RFHEBBENGT9/16069/index.m3u8,108
1783917036,17,Kinoshka Adult HD,http://cpu7cxvy.rostelekom.xyz/iptv/VQ7RFHEBBENGT9/18060/index.m3u8,99
1783917038,23,Tviksel Кино 18+ HD,http://cpu7cxvy.rostelekom.xyz/iptv/VQ7RFHEBBENGT9/18075/index.m3u8,105
1783917039,34,Tviksel Кино 18+ International,http://cpu7cxvy.rostelekom.xyz/iptv/VQ7RFHEBBENGT9/18076/index.m3u8,116
1783917041,12,BCU Charm HD,http://cpu7cxvy.rostelekom.xyz/iptv/VQ7RFHEBBENGT9/18053/index.m3u8,94
1783917043,14,CineMan ExExEx,http://cpu7cxvy.rostelekom.xyz/iptv/VQ7RFHEBBENGT9/20089/index.m3u8,96
1783917045,18,CineMan ExExEx TWO,http://cpu7cxvy.rostelekom.xyz/iptv/VQ7RFHEBBENGT9/20090/index.m3u8,100
1783917047,19,StrahTV Adult TV HD,http://cpu7cxvy.rostelekom.xyz/iptv/VQ7RFHEBBENGT9/31707/index.m3u8,101
1783917051,22,StrahTV PlayBoyz TV HD,http://cpu7cxvy.rostelekom.xyz/iptv/VQ7RFHEBBENGT9/31709/index.m3u8,104
1783917053,22,StrahTV Ню Арт HD,http://cpu7cxvy.rostelekom.xyz/iptv/VQ7RFHEBBENGT9/31716/index.m3u8,104
1783917064,12,Trans Angels,http://cpu7cxvy.rostelekom.xyz/iptv/VQ7RFHEBBENGT9/6259/index.m3u8,93
1783917067,6,Tiny4K,http://cpu7cxvy.rostelekom.xyz/iptv/VQ7RFHEBBENGT9/6258/index.m3u8,86
1783917069,12,Trans Angels,http://cpu7cxvy.rostelekom.xyz/iptv/VQ7RFHEBBENGT9/6259/index.m3u8,93
1783917075,13,True Amateurs,http://cpu7cxvy.rostelekom.xyz/iptv/VQ7RFHEBBENGT9/6260/index.m3u8,94
1783917077,8,Tushy HD,http://cpu7cxvy.rostelekom.xyz/iptv/VQ7RFHEBBENGT9/6261/index.m3u8,88
1783917079,12,Tushy RAW HD,http://cpu7cxvy.rostelekom.xyz/iptv/VQ7RFHEBBENGT9/6262/index.m3u8,93
1783917081,10,Visit-X TV,http://cpu7cxvy.rostelekom.xyz/iptv/VQ7RFHEBBENGT9/6263/index.m3u8,91
1783917083,15,Vivid TV Europe,http://cpu7cxvy.rostelekom.xyz/iptv/VQ7RFHEBBENGT9/6264/index.m3u8,96
1783917088,8,Vixen HD,http://cpu7cxvy.rostelekom.xyz/iptv/VQ7RFHEBBENGT9/6265/index.m3u8,88
1783917096,11,Eromania 4K,http://cpu7cxvy.rostelekom.xyz/iptv/VQ7RFHEBBENGT9/10049/index.m3u8,93
1783917099,23,Русская Ночь,http://cpu7cxvy.rostelekom.xyz/iptv/VQ7RFHEBBENGT9/147/index.m3u8,103
1783917105,31,Brazzers TV Europe Россия,http://cpu7cxvy.rostelekom.xyz/iptv/VQ7RFHEBBENGT9/910/index.m3u8,111
1783917109,11,Redlight HD,http://cpu7cxvy.rostelekom.xyz/iptv/VQ7RFHEBBENGT9/242/index.m3u8,91
1783917158,10,Private TV,http://cpu7cxvy.rostelekom.xyz/iptv/VQ7RFHEBBENGT9/243/index.m3u8,90
1783917162,10,Hustler HD,http://cpu7cxvy.rostelekom.xyz/iptv/VQ7RFHEBBENGT9/244/index.m3u8,90
1783917164,12,Dorcel TV HD,http://cpu7cxvy.rostelekom.xyz/iptv/VQ7RFHEBBENGT9/245/index.m3u8,92
1783917166,8,Babes TV,http://cpu7cxvy.rostelekom.xyz/iptv/VQ7RFHEBBENGT9/2161/index.m3u8,88
1783917167,12,Vivid Red HD,http://cpu7cxvy.rostelekom.xyz/iptv/VQ7RFHEBBENGT9/2162/index.m3u8,93
1783917169,12,Exxxotica HD,http://cpu7cxvy.rostelekom.xyz/iptv/VQ7RFHEBBENGT9/2397/index.m3u8,93
1783917171,3,XXL,http://cpu7cxvy.rostelekom.xyz/iptv/VQ7RFHEBBENGT9/5009/index.m3u8,83
1783917174,20,Penthouse Passion HD,http://cpu7cxvy.rostelekom.xyz/iptv/VQ7RFHEBBENGT9/5010/index.m3u8,101
1783917176,17,Penthouse Gold HD,http://cpu7cxvy.rostelekom.xyz/iptv/VQ7RFHEBBENGT9/5011/index.m3u8,98
1783917180,23,Penthouse Reality TV HD,http://cpu7cxvy.rostelekom.xyz/iptv/VQ7RFHEBBENGT9/5012/index.m3u8,104
1783917181,24,Penthouse Reality TV FHD,http://cpu7cxvy.rostelekom.xyz/iptv/VQ7RFHEBBENGT9/5013/index.m3u8,105
1783917183,18,Extasy Platinum 4K,http://cpu7cxvy.rostelekom.xyz/iptv/VQ7RFHEBBENGT9/5014/index.m3u8,99
1783917185,9,Eroxxx HD,http://cpu7cxvy.rostelekom.xyz/iptv/VQ7RFHEBBENGT9/5015/index.m3u8,89
1783917221,9,SexArt HD,http://cpu7cxvy.rostelekom.xyz/iptv/VQ7RFHEBBENGT9/6165/index.m3u8,89
1783917227,10,Adult Time,http://cpu7cxvy.rostelekom.xyz/iptv/VQ7RFHEBBENGT9/6166/index.m3u8,91
1783917231,11,Red TV Anal,http://cpu7cxvy.rostelekom.xyz/iptv/VQ7RFHEBBENGT9/6167/index.m3u8,92
1783917233,11,Analized HD,http://cpu7cxvy.rostelekom.xyz/iptv/VQ7RFHEBBENGT9/6168/index.m3u8,92
1783917235,12,Babes.com HD,http://cpu7cxvy.rostelekom.xyz/iptv/VQ7RFHEBBENGT9/6171/index.m3u8,93
1783917238,5,Babes,http://cpu7cxvy.rostelekom.xyz/iptv/VQ7RFHEBBENGT9/6172/index.m3u8,85
1783917240,12,Bang Bros HD,http://cpu7cxvy.rostelekom.xyz/iptv/VQ7RFHEBBENGT9/6173/index.m3u8,93
1783917242,5,Bang!,http://cpu7cxvy.rostelekom.xyz/iptv/VQ7RFHEBBENGT9/6174/index.m3u8,85
1783917244,14,Red TV Big Ass,http://cpu7cxvy.rostelekom.xyz/iptv/VQ7RFHEBBENGT9/6175/index.m3u8,95
1783917246,15,Red TV Big Dick,http://cpu7cxvy.rostelekom.xyz/iptv/VQ7RFHEBBENGT9/6176/index.m3u8,96
1783917248,15,Red TV Big Tits,http://cpu7cxvy.rostelekom.xyz/iptv/VQ7RFHEBBENGT9/6177/index.m3u8,96
1783917252,10,Blacked HD,http://cpu7cxvy.rostelekom.xyz/iptv/VQ7RFHEBBENGT9/6178/index.m3u8,91
1783917254,14,Red TV Blowjob,http://cpu7cxvy.rostelekom.xyz/iptv/VQ7RFHEBBENGT9/6180/index.m3u8,95
1783917256,15,Brazzers eXXtra,http://cpu7cxvy.rostelekom.xyz/iptv/VQ7RFHEBBENGT9/6181/index.m3u8,96
1783917259,11,Brazzers HD,http://cpu7cxvy.rostelekom.xyz/iptv/VQ7RFHEBBENGT9/6182/index.m3u8,92
1783917260,15,Red TV Brunette,http://cpu7cxvy.rostelekom.xyz/iptv/VQ7RFHEBBENGT9/6183/index.m3u8,96
1783917263,11,Brazzers HD,http://cpu7cxvy.rostelekom.xyz/iptv/VQ7RFHEBBENGT9/6182/index.m3u8,92
1783917276,15,Red TV Brunette,http://cpu7cxvy.rostelekom.xyz/iptv/VQ7RFHEBBENGT9/6183/index.m3u8,96
1783917281,12,Cherry Pimps,http://cpu7cxvy.rostelekom.xyz/iptv/VQ7RFHEBBENGT9/6185/index.m3u8,93
1783917284,19,Club Sweethearts HD,http://cpu7cxvy.rostelekom.xyz/iptv/VQ7RFHEBBENGT9/6186/index.m3u8,100
1783917313,18,Red TV Compilation,http://cpu7cxvy.rostelekom.xyz/iptv/VQ7RFHEBBENGT9/6187/index.m3u8,99
1783917315,14,Red TV Cuckold,http://cpu7cxvy.rostelekom.xyz/iptv/VQ7RFHEBBENGT9/6188/index.m3u8,95
1783917317,10,Cum Louder,http://cpu7cxvy.rostelekom.xyz/iptv/VQ7RFHEBBENGT9/6189/index.m3u8,91
1783917319,13,Daughter Swap,http://cpu7cxvy.rostelekom.xyz/iptv/VQ7RFHEBBENGT9/6191/index.m3u8,94
1783917322,19,Day with a Pornstar,http://cpu7cxvy.rostelekom.xyz/iptv/VQ7RFHEBBENGT9/6192/index.m3u8,100
1783917325,9,DDF Busty,http://cpu7cxvy.rostelekom.xyz/iptv/VQ7RFHEBBENGT9/6193/index.m3u8,89
1783917327,11,DDF Network,http://cpu7cxvy.rostelekom.xyz/iptv/VQ7RFHEBBENGT9/6194/index.m3u8,92
1783917356,17,Digital Desire HD,http://cpu7cxvy.rostelekom.xyz/iptv/VQ7RFHEBBENGT9/6195/index.m3u8,98
1783917365,21,Digital Playground HD,http://cpu7cxvy.rostelekom.xyz/iptv/VQ7RFHEBBENGT9/6196/index.m3u8,102
1783917369,11,Dorcel Club,http://cpu7cxvy.rostelekom.xyz/iptv/VQ7RFHEBBENGT9/6197/index.m3u8,92
1783917373,11,Porn Angels,http://cpu7cxvy.rostelekom.xyz/iptv/VQ7RFHEBBENGT9/6198/index.m3u8,92
1783917375,13,Evil Angel HD,http://cpu7cxvy.rostelekom.xyz/iptv/VQ7RFHEBBENGT9/6199/index.m3u8,94
1783917379,14,Evolved Fights,http://cpu7cxvy.rostelekom.xyz/iptv/VQ7RFHEBBENGT9/6200/index.m3u8,95
1784063124,,,/home/safe/Загрузки/1/PhantasmagoriaAPuzzleofFlesh/Файлы русификации/DUK/1.DUK,115
1784063133,,,/mnt/game/wine/Phantasmagoria 2/DUK/1.DUK,54
1784118004,,,/mnt/game/wine/Phantasmagoria 2/DUK/8680.DUK,57
1784118223,,,/mnt/game/wine/Phantasmagoria 2/DUK/8670.DUK,57
1784118229,,,/mnt/game/wine/Phantasmagoria 2/DUK/8197.DUK,57
1784118234,,,/mnt/game/wine/Phantasmagoria 2/DUK/9020.DUK,57
1784118266,,,/mnt/game/wine/Phantasmagoria 2/DUK/9020.DUK,57
1784118565,,,/mnt/game/wine/Phantasmagoria 2/DUK/9020.DUK,57
1784125187,,,/mnt/game/wine/Phantasmagoria 2/DUK/1.DUK,54
1784326339,14,Evolved Fights,http://cpu7cxvy.rostelekom.xyz/iptv/VQ7RFHEBBENGT9/6200/index.m3u8,95
1784326343,12,Fake Taxi HD,http://cpu7cxvy.rostelekom.xyz/iptv/VQ7RFHEBBENGT9/6202/index.m3u8,93
1784326376,18,Fap TV Compilation,http://cpu7cxvy.rostelekom.xyz/iptv/VQ7RFHEBBENGT9/6208/index.m3u8,99
1784326379,6,FemJoy,http://cpu7cxvy.rostelekom.xyz/iptv/VQ7RFHEBBENGT9/6212/index.m3u8,86
1784326381,13,Red TV Fetish,http://cpu7cxvy.rostelekom.xyz/iptv/VQ7RFHEBBENGT9/6213/index.m3u8,94
1784326384,15,Red TV Gangbang,http://cpu7cxvy.rostelekom.xyz/iptv/VQ7RFHEBBENGT9/6214/index.m3u8,96
1784326386,10,Red TV Gay,http://cpu7cxvy.rostelekom.xyz/iptv/VQ7RFHEBBENGT9/6215/index.m3u8,91
1784326387,8,Got MYLF,http://cpu7cxvy.rostelekom.xyz/iptv/VQ7RFHEBBENGT9/6216/index.m3u8,88
1784326390,21,DDF Hands on Hardcore,http://cpu7cxvy.rostelekom.xyz/iptv/VQ7RFHEBBENGT9/6217/index.m3u8,102
1784326393,6,Hard X,http://cpu7cxvy.rostelekom.xyz/iptv/VQ7RFHEBBENGT9/6218/index.m3u8,86
1784326395,15,Red TV Hardcore,http://cpu7cxvy.rostelekom.xyz/iptv/VQ7RFHEBBENGT9/6219/index.m3u8,96
1784326396,6,Hard X,http://cpu7cxvy.rostelekom.xyz/iptv/VQ7RFHEBBENGT9/6218/index.m3u8,86
1784326403,15,Red TV Hardcore,http://cpu7cxvy.rostelekom.xyz/iptv/VQ7RFHEBBENGT9/6219/index.m3u8,96
1784326405,12,Hitzefrei HD,http://cpu7cxvy.rostelekom.xyz/iptv/VQ7RFHEBBENGT9/6220/index.m3u8,93
1784326409,5,Holed,http://cpu7cxvy.rostelekom.xyz/iptv/VQ7RFHEBBENGT9/6221/index.m3u8,85
1784326413,12,Hot and Mean,http://cpu7cxvy.rostelekom.xyz/iptv/VQ7RFHEBBENGT9/6222/index.m3u8,93
1784326467,,,http://cpu7cxvy.rostelekom.xyz/iptv/VQ7RFHEBBENGT9/6222/index.m3u8,79
1784326470,,,http://cpu7cxvy.rostelekom.xyz/iptv/VQ7RFHEBBENGT9/6223/index.m3u8,79
1784326472,,,http://cpu7cxvy.rostelekom.xyz/iptv/VQ7RFHEBBENGT9/6224/index.m3u8,79
1784326475,,,http://cpu7cxvy.rostelekom.xyz/iptv/VQ7RFHEBBENGT9/6225/index.m3u8,79
1784326478,,,http://cpu7cxvy.rostelekom.xyz/iptv/VQ7RFHEBBENGT9/6226/index.m3u8,79
1784326480,,,http://cpu7cxvy.rostelekom.xyz/iptv/VQ7RFHEBBENGT9/6227/index.m3u8,79
1784326485,,,http://cpu7cxvy.rostelekom.xyz/iptv/VQ7RFHEBBENGT9/6228/index.m3u8,79
1784326488,,,http://cpu7cxvy.rostelekom.xyz/iptv/VQ7RFHEBBENGT9/6229/index.m3u8,79
